# frdm1995: Z A ME(MeV) beta2 — extracted from TALYS-1.95 structure/masses/moller/ (see tools/make_mass_models.py)
8 16 -4.840 0.021
8 17 -0.170 0.107
8 18 -2.620 0.021
8 19 2.560 0.143
8 20 2.570 0.003
8 21 8.200 0.003
8 22 10.410 0.002
8 23 17.720 0.003
8 24 22.140 0.003
8 25 30.930 0.003
8 26 36.750 0.002
8 27 46.580 0.002
8 28 53.730 0.002
8 29 65.030 0.002
8 30 72.830 0.002
8 31 82.300 0.198
8 32 91.320 0.216
8 33 104.630 0.216
8 34 113.700 0.219
9 15 0.000 0.000
9 16 0.000 0.000
9 17 1.900 0.108
9 18 1.210 0.182
9 19 -3.080 0.275
9 20 0.100 0.307
9 21 -0.680 0.290
9 22 3.080 0.252
9 23 4.240 -0.202
9 24 9.320 0.003
9 25 12.810 0.008
9 26 19.940 0.003
9 27 24.990 -0.204
9 28 33.220 0.002
9 29 39.880 0.002
9 30 49.320 0.002
9 31 53.550 0.219
9 32 63.380 0.218
9 33 72.020 0.271
9 34 83.790 0.271
9 35 93.120 0.253
9 36 104.000 0.216
9 37 110.240 -0.245
9 38 124.510 0.126
10 16 0.000 0.000
10 17 0.000 0.000
10 18 3.210 0.109
10 19 0.470 0.294
10 20 -7.720 0.335
10 21 -5.870 0.327
10 22 -8.690 0.326
10 23 -5.010 0.307
10 24 -5.980 -0.215
10 25 -0.980 0.000
10 26 1.020 0.000
10 27 7.250 0.000
10 28 10.020 -0.204
10 29 17.830 0.000
10 30 22.440 0.000
10 31 29.130 0.326
10 32 33.320 0.238
10 33 42.960 0.272
10 34 49.560 0.308
10 35 60.850 0.307
10 36 68.780 0.309
10 37 79.590 0.369
10 38 84.850 -0.292
10 39 98.860 0.216
10 40 107.820 0.234
10 41 118.930 0.439
11 19 11.470 0.198
11 20 6.160 0.307
11 21 -2.820 0.327
11 22 -4.930 0.364
11 23 -9.820 0.366
11 24 -7.430 0.328
11 25 -8.970 0.291
11 26 -5.890 0.294
11 27 -5.180 0.317
11 28 -0.730 0.257
11 29 2.480 -0.222
11 30 8.210 0.000
11 31 12.250 0.000
11 32 18.440 0.383
11 33 23.140 0.403
11 34 30.000 0.289
11 35 36.190 0.326
11 36 45.380 0.328
11 37 52.410 0.331
11 38 61.440 0.371
11 39 68.780 0.434
11 40 80.140 0.216
11 41 88.510 0.253
11 42 99.150 0.440
11 43 107.710 0.411
11 44 118.770 0.439
12 20 16.070 0.147
12 21 9.860 0.308
12 22 -1.500 0.326
12 23 -5.840 0.367
12 24 -14.080 0.374
12 25 -12.520 0.333
12 26 -16.390 -0.310
12 27 -12.540 0.000
12 28 -14.500 0.323
12 29 -9.340 0.000
12 30 -9.140 -0.222
12 31 -3.550 0.000
12 32 -1.420 0.000
12 33 5.360 0.000
12 34 7.890 0.406
12 35 14.920 0.347
12 36 19.160 0.328
12 37 27.560 0.330
12 38 32.740 0.314
12 39 41.120 0.377
12 40 45.420 -0.290
12 41 58.180 0.335
12 42 65.520 0.265
12 43 76.280 0.296
12 44 78.060 0.175
12 45 95.370 0.421
12 46 101.100 0.311
12 47 115.530 0.463
13 21 26.480 0.165
13 22 18.040 0.271
13 23 6.450 0.308
13 24 0.400 0.329
13 25 -8.450 0.334
13 26 -10.770 0.313
13 27 -16.900 -0.448
13 28 -15.480 -0.254
13 29 -16.440 0.000
13 30 -14.480 -0.207
13 31 -14.400 -0.239
13 32 -10.760 0.000
13 33 -9.070 0.000
13 34 -4.210 0.000
13 35 -1.540 0.216
13 36 4.390 0.234
13 37 8.290 0.271
13 38 15.180 0.273
13 39 20.060 0.256
13 40 28.150 0.189
13 41 30.430 -0.319
13 42 41.110 -0.260
13 43 49.470 0.217
13 44 58.380 0.227
13 45 61.220 0.082
13 46 76.240 -0.308
13 47 84.700 -0.405
13 48 95.830 -0.406
13 49 105.020 -0.423
13 50 115.130 0.482
13 51 123.860 0.487
14 22 33.170 0.000
14 23 23.600 -0.215
14 24 9.820 -0.242
14 25 3.200 -0.292
14 26 -8.350 -0.353
14 27 -12.730 -0.448
14 28 -21.100 -0.478
14 29 -20.380 -0.300
14 30 -22.480 0.000
14 31 -20.510 0.000
14 32 -22.300 0.000
14 33 -19.290 0.000
14 34 -19.510 0.000
14 35 -14.760 0.000
14 36 -13.370 0.000
14 37 -7.950 0.216
14 38 -5.730 0.234
14 39 0.880 0.253
14 40 4.820 -0.592
14 41 9.780 -0.287
14 42 12.870 -0.321
14 43 22.620 -0.282
14 44 29.170 -0.263
14 45 38.440 -0.255
14 46 42.280 0.023
14 47 55.210 -0.307
14 48 62.620 -0.398
14 49 73.260 -0.406
14 50 81.030 -0.422
14 51 92.000 -0.447
14 52 99.170 0.490
14 53 109.510 0.505
14 54 117.750 0.531
15 23 45.660 0.000
15 24 33.780 0.000
15 25 20.520 0.000
15 26 11.390 0.314
15 27 1.050 0.000
15 28 -6.500 -0.271
15 29 -15.890 -0.318
15 30 -17.430 0.000
15 31 -21.940 0.000
15 32 -21.750 0.000
15 33 -24.000 0.000
15 34 -22.780 0.000
15 35 -23.460 0.000
15 36 -20.420 0.000
15 37 -19.440 0.000
15 38 -15.190 0.216
15 39 -13.410 0.235
15 40 -8.350 0.245
15 41 -5.480 0.239
15 42 0.620 0.163
15 43 3.190 -0.274
15 44 11.640 0.153
15 45 17.180 0.199
15 46 24.860 0.199
15 47 29.180 0.110
15 48 39.810 -0.300
15 49 46.600 -0.325
15 50 56.550 -0.399
15 51 64.340 -0.406
15 52 73.740 0.447
15 53 81.710 0.457
15 54 91.060 0.460
15 55 98.860 0.486
15 56 109.640 0.524
15 57 118.580 0.588
16 24 55.740 0.000
16 25 43.400 0.000
16 26 27.740 0.000
16 27 17.220 0.340
16 28 3.880 0.346
16 29 -2.700 0.303
16 30 -12.300 0.000
16 31 -16.590 0.000
16 32 -23.750 0.000
16 33 -24.370 0.000
16 34 -28.320 0.000
16 35 -27.570 0.000
16 36 -29.950 0.000
16 37 -27.260 0.000
16 38 -27.780 0.000
16 39 -24.300 0.197
16 40 -23.880 0.254
16 41 -19.200 0.266
16 42 -17.790 0.249
16 43 -12.150 0.191
16 44 -9.380 0.000
16 45 -2.640 0.171
16 46 1.720 0.219
16 47 9.220 0.239
16 48 14.050 0.241
16 49 22.250 0.253
16 50 27.650 0.255
16 51 37.670 -0.389
16 52 44.480 -0.406
16 53 53.870 0.394
16 54 60.740 0.434
16 55 70.610 0.459
16 56 77.620 0.461
16 57 87.570 0.407
16 58 95.550 0.584
16 59 108.220 0.711
16 60 117.200 0.701
17 25 70.020 0.000
17 26 54.310 -0.199
17 27 39.290 0.000
17 28 28.260 0.000
17 29 14.830 0.000
17 30 4.910 -0.224
17 31 -5.380 0.000
17 32 -11.470 0.000
17 33 -19.010 0.000
17 34 -23.120 -0.221
17 35 -28.110 -0.252
17 36 -28.400 0.000
17 37 -31.190 0.000
17 38 -30.270 -0.018
17 39 -31.120 0.000
17 40 -28.680 0.153
17 41 -28.570 0.171
17 42 -25.270 0.218
17 43 -24.050 0.211
17 44 -19.910 0.154
17 45 -18.310 -0.164
17 46 -12.630 -0.190
17 47 -8.640 -0.207
17 48 -2.060 -0.224
17 49 2.620 -0.249
17 50 9.890 -0.282
17 51 15.290 -0.307
17 52 23.560 -0.357
17 53 30.240 -0.389
17 54 38.730 -0.406
17 55 45.900 0.452
17 56 54.660 0.454
17 57 61.710 0.456
17 58 69.420 -0.262
17 59 76.330 -0.302
17 60 85.750 -0.301
17 61 92.410 -0.294
17 62 102.600 -0.294
17 63 111.670 -0.297
18 27 64.710 -0.229
18 28 45.810 -0.243
18 29 35.410 -0.251
18 30 19.950 -0.251
18 31 10.790 -0.255
18 32 -2.120 -0.272
18 33 -7.760 0.000
18 34 -17.030 0.000
18 35 -22.480 -0.252
18 36 -29.560 0.000
18 37 -30.960 0.000
18 38 -35.380 0.000
18 39 -34.770 -0.018
18 40 -36.530 0.000
18 41 -34.390 0.000
18 42 -35.620 0.000
18 43 -32.880 0.000
18 44 -33.300 0.000
18 45 -30.030 -0.181
18 46 -28.990 0.000
18 47 -24.030 -0.190
18 48 -21.240 -0.207
18 49 -14.880 -0.223
18 50 -11.470 -0.248
18 51 -4.480 -0.281
18 52 -0.290 -0.306
18 53 7.560 -0.339
18 54 12.860 -0.357
18 55 20.220 -0.307
18 56 24.980 -0.237
18 57 34.130 -0.229
18 58 40.490 -0.255
18 59 49.310 -0.271
18 60 55.560 -0.285
18 61 64.380 -0.280
18 62 70.320 -0.292
18 63 80.570 -0.294
18 64 88.390 -0.296
18 65 99.440 -0.299
18 66 108.940 0.116
18 67 119.560 0.072
19 29 61.630 0.000
19 30 48.080 0.000
19 31 32.160 0.000
19 32 20.620 0.000
19 33 7.400 0.000
19 34 -0.990 0.000
19 35 -10.680 0.000
19 36 -16.910 0.000
19 37 -24.930 0.000
19 38 -28.870 -0.018
19 39 -34.390 0.000
19 40 -35.360 -0.035
19 41 -37.780 0.000
19 42 -36.970 0.000
19 43 -38.550 0.000
19 44 -37.320 -0.008
19 45 -38.060 -0.008
19 46 -35.710 -0.070
19 47 -35.440 -0.008
19 48 -31.610 -0.070
19 49 -28.860 -0.079
19 50 -23.510 -0.087
19 51 -19.780 -0.087
19 52 -13.770 -0.148
19 53 -9.530 -0.323
19 54 -2.680 -0.373
19 55 2.520 -0.398
19 56 8.920 -0.138
19 57 14.110 -0.129
19 58 21.930 -0.155
19 59 27.010 -0.008
19 60 34.920 -0.272
19 61 40.780 -0.283
19 62 48.960 -0.298
19 63 55.590 -0.297
19 64 66.210 0.107
19 65 72.980 0.107
19 66 82.440 0.107
19 67 89.860 0.089
19 68 99.390 0.062
19 69 107.000 -0.053
19 70 117.430 -0.070
20 30 72.940 0.000
20 31 58.760 0.000
20 32 40.830 0.000
20 33 28.780 0.000
20 34 13.660 0.000
20 35 4.900 0.000
20 36 -6.510 0.000
20 37 -13.130 0.000
20 38 -22.880 0.000
20 39 -27.990 0.000
20 40 -35.440 0.000
20 41 -36.650 0.000
20 42 -40.860 0.000
20 43 -40.400 0.000
20 44 -43.480 0.000
20 45 -42.470 0.000
20 46 -44.700 0.000
20 47 -43.060 0.000
20 48 -43.790 0.000
20 49 -40.300 0.000
20 50 -38.650 0.000
20 51 -33.550 0.000
20 52 -31.070 0.000
20 53 -25.390 0.000
20 54 -22.460 0.000
20 55 -16.250 0.000
20 56 -12.820 -0.018
20 57 -5.290 -0.070
20 58 -1.990 -0.007
20 59 5.590 -0.007
20 60 10.470 0.000
20 61 17.780 -0.014
20 62 23.100 0.008
20 63 31.940 0.045
20 64 37.530 0.045
20 65 46.380 0.071
20 66 52.430 0.062
20 67 61.470 0.080
20 68 67.900 0.072
20 69 77.270 0.053
20 70 83.650 0.027
20 71 94.580 0.053
20 72 102.730 0.063
20 73 113.660 0.062
21 32 70.750 0.441
21 33 54.230 0.000
21 34 40.370 0.000
21 35 25.050 0.000
21 36 14.670 0.000
21 37 2.910 0.000
21 38 -5.460 -0.018
21 39 -15.450 0.000
21 40 -22.210 -0.026
21 41 -29.890 0.000
21 42 -33.580 -0.026
21 43 -38.700 0.000
21 44 -39.830 0.000
21 45 -43.290 0.000
21 46 -43.770 -0.008
21 47 -46.430 -0.008
21 48 -45.660 -0.044
21 49 -46.890 -0.008
21 50 -44.530 -0.035
21 51 -43.400 -0.026
21 52 -39.360 -0.035
21 53 -36.840 -0.052
21 54 -32.030 0.088
21 55 -29.170 -0.078
21 56 -23.840 -0.104
21 57 -20.440 -0.096
21 58 -14.590 -0.105
21 59 -10.990 -0.079
21 60 -4.830 -0.042
21 61 -1.020 -0.015
21 62 6.670 -0.047
21 63 11.680 0.053
21 64 18.970 0.073
21 65 24.370 0.090
21 66 32.160 0.116
21 67 37.960 0.115
21 68 46.090 0.107
21 69 52.340 0.089
21 70 60.760 0.062
21 71 67.620 0.053
21 72 77.040 0.062
21 73 84.940 0.092
21 74 94.900 0.091
21 75 103.720 0.100
21 76 114.940 0.126
22 34 63.450 0.444
22 35 49.640 0.217
22 36 33.530 0.000
22 37 22.630 0.000
22 38 9.210 0.000
22 39 0.580 0.000
22 40 -10.400 0.000
22 41 -17.480 0.000
22 42 -26.900 0.000
22 43 -31.520 0.000
22 44 -38.830 0.000
22 45 -40.250 0.000
22 46 -45.100 0.000
22 47 -45.860 0.000
22 48 -49.890 0.000
22 49 -50.130 0.000
22 50 -52.300 0.000
22 51 -50.340 0.000
22 52 -50.220 0.000
22 53 -46.560 0.000
22 54 -45.530 0.000
22 55 -41.200 0.134
22 56 -39.580 0.135
22 57 -34.260 0.135
22 58 -32.120 -0.105
22 59 -26.470 -0.105
22 60 -23.950 -0.079
22 61 -18.000 -0.018
22 62 -14.680 0.000
22 63 -7.550 -0.042
22 64 -4.070 0.027
22 65 3.590 0.062
22 66 7.750 0.147
22 67 15.430 0.154
22 68 20.410 0.152
22 69 28.390 0.125
22 70 33.650 0.099
22 71 41.820 0.062
22 72 47.470 0.045
22 73 57.160 0.062
22 74 64.430 0.119
22 75 74.620 0.128
22 76 82.790 0.144
22 77 93.690 0.161
22 78 102.380 0.169
22 79 111.730 0.233
22 80 120.750 0.249
23 36 62.540 0.235
23 37 45.710 0.216
23 38 33.840 0.215
23 39 19.860 0.216
23 40 10.220 0.170
23 41 -0.890 0.000
23 42 -9.430 0.000
23 43 -19.200 0.000
23 44 -25.270 0.000
23 45 -32.960 0.000
23 46 -36.430 0.000
23 47 -42.360 0.000
23 48 -45.590 0.197
23 49 -48.850 0.000
23 50 -50.490 0.107
23 51 -52.840 0.000
23 52 -52.140 0.000
23 53 -52.250 0.000
23 54 -49.730 0.170
23 55 -49.210 0.170
23 56 -45.760 0.180
23 57 -44.440 0.181
23 58 -40.310 0.163
23 59 -38.490 0.162
23 60 -33.560 -0.130
23 61 -31.180 -0.104
23 62 -26.170 -0.044
23 63 -23.290 0.018
23 64 -16.890 0.053
23 65 -13.490 0.053
23 66 -7.820 0.155
23 67 -3.080 0.163
23 68 3.400 0.161
23 69 8.080 0.169
23 70 15.150 0.161
23 71 20.460 0.126
23 72 27.630 0.080
23 73 33.320 0.053
23 74 42.080 0.089
23 75 49.410 0.135
23 76 58.850 0.152
23 77 66.680 0.160
23 78 76.330 0.179
23 79 84.450 0.240
23 80 94.330 0.247
23 81 102.910 0.255
23 82 113.180 0.281
23 83 122.230 0.290
24 38 55.650 0.234
24 39 43.310 0.252
24 40 28.040 0.273
24 41 17.700 0.198
24 42 5.440 0.000
24 43 -3.490 0.000
24 44 -14.660 0.000
24 45 -21.080 0.000
24 46 -30.120 0.000
24 47 -34.640 0.000
24 48 -42.510 0.000
24 49 -46.290 0.216
24 50 -50.600 0.000
24 51 -52.760 0.107
24 52 -56.350 0.000
24 53 -55.990 0.000
24 54 -57.470 0.180
24 55 -55.160 0.189
24 56 -55.800 0.189
24 57 -52.640 0.199
24 58 -52.480 0.199
24 59 -48.680 0.172
24 60 -47.910 0.181
24 61 -42.700 0.320
24 62 -41.180 0.329
24 63 -36.030 0.329
24 64 -34.950 0.018
24 65 -28.740 0.053
24 66 -26.330 0.053
24 67 -20.500 0.108
24 68 -17.340 0.161
24 69 -11.090 0.169
24 70 -7.360 0.169
24 71 -0.330 0.161
24 72 4.130 0.126
24 73 11.230 0.080
24 74 16.020 0.053
24 75 24.730 0.080
24 76 31.210 0.142
24 77 40.440 0.160
24 78 47.290 0.178
24 79 56.850 0.196
24 80 65.140 0.254
24 81 74.810 0.263
24 82 82.570 0.271
24 83 92.360 0.289
24 84 100.530 0.298
24 85 110.960 0.298
24 86 119.450 0.308
25 40 56.060 0.264
25 41 40.120 0.275
25 42 28.840 0.237
25 43 15.020 0.180
25 44 5.470 -0.008
25 45 -5.920 0.000
25 46 -13.800 -0.008
25 47 -23.160 0.000
25 48 -30.030 0.207
25 49 -38.580 0.216
25 50 -42.740 0.225
25 51 -49.110 0.197
25 52 -51.490 0.143
25 53 -55.420 0.000
25 54 -56.160 0.134
25 55 -57.700 0.197
25 56 -56.570 0.208
25 57 -57.420 0.217
25 58 -55.500 0.218
25 59 -55.570 0.219
25 60 -52.950 0.228
25 61 -52.150 0.237
25 62 -48.420 0.311
25 63 -47.190 0.311
25 64 -42.980 0.321
25 65 -40.950 0.282
25 66 -36.250 0.282
25 67 -34.480 0.053
25 68 -29.290 0.197
25 69 -26.390 0.161
25 70 -20.940 0.161
25 71 -17.440 0.170
25 72 -11.520 0.161
25 73 -7.380 0.144
25 74 -1.260 0.089
25 75 3.380 0.053
25 76 11.380 0.089
25 77 17.990 0.143
25 78 26.460 0.161
25 79 33.350 0.179
25 80 42.240 0.197
25 81 49.420 0.208
25 82 59.160 0.243
25 83 67.000 0.272
25 84 76.190 0.280
25 85 83.850 0.307
25 86 93.540 0.299
25 87 101.790 0.309
25 88 111.750 0.328
25 89 119.890 0.339
26 42 49.400 0.271
26 43 37.990 0.221
26 44 23.620 0.000
26 45 12.910 0.000
26 46 -0.020 0.000
26 47 -8.120 0.000
26 48 -18.930 0.000
26 49 -25.080 0.000
26 50 -34.600 0.000
26 51 -40.820 0.198
26 52 -48.350 0.000
26 53 -51.930 0.098
26 54 -57.080 0.000
26 55 -58.120 0.000
26 56 -60.720 0.000
26 57 -60.010 0.189
26 58 -61.980 0.199
26 59 -60.190 0.219
26 60 -61.490 0.211
26 61 -59.160 0.200
26 62 -59.410 0.200
26 63 -56.020 -0.130
26 64 -55.990 -0.087
26 65 -52.410 -0.026
26 66 -51.520 0.027
26 67 -46.530 0.053
26 68 -45.360 0.045
26 69 -40.230 0.053
26 70 -38.250 0.080
26 71 -33.080 0.142
26 72 -30.560 0.143
26 73 -24.740 0.153
26 74 -21.610 0.135
26 75 -15.590 0.072
26 76 -11.980 0.045
26 77 -3.970 0.062
26 78 1.850 0.116
26 79 10.080 0.134
26 80 16.550 0.170
26 81 25.490 0.189
26 82 31.980 0.210
26 83 41.160 0.228
26 84 48.570 0.272
26 85 57.770 0.280
26 86 64.450 0.317
26 87 74.040 0.308
26 88 81.630 0.309
26 89 91.220 0.338
26 90 98.680 0.339
26 91 109.430 0.331
26 92 116.360 0.312
27 44 50.510 0.163
27 45 34.720 -0.190
27 46 23.330 -0.070
27 47 9.580 0.000
27 48 0.260 0.062
27 49 -11.210 0.000
27 50 -18.710 0.098
27 51 -28.680 0.107
27 52 -35.080 0.134
27 53 -43.780 0.098
27 54 -48.210 0.099
27 55 -54.920 0.045
27 56 -56.560 0.089
27 57 -59.800 0.098
27 58 -59.900 0.134
27 59 -61.970 0.143
27 60 -61.390 0.163
27 61 -62.700 0.163
27 62 -61.170 0.154
27 63 -61.800 0.126
27 64 -59.490 0.089
27 65 -59.610 0.062
27 66 -56.920 0.053
27 67 -56.240 0.053
27 68 -52.580 0.053
27 69 -51.440 0.053
27 70 -47.380 0.062
27 71 -45.500 0.071
27 72 -41.220 0.115
27 73 -38.830 0.098
27 74 -34.020 0.126
27 75 -31.170 0.099
27 76 -26.070 0.072
27 77 -22.480 0.053
27 78 -15.360 0.071
27 79 -9.680 0.107
27 80 -2.050 0.107
27 81 4.180 0.125
27 82 12.340 0.161
27 83 18.720 0.171
27 84 27.490 0.254
27 85 34.780 0.272
27 86 43.110 0.299
27 87 49.910 0.327
27 88 58.600 0.328
27 89 65.960 0.329
27 90 74.960 0.339
27 91 82.190 0.351
27 92 92.220 0.331
27 93 100.320 0.332
27 94 109.530 0.323
27 95 117.790 0.325
27 96 127.660 0.327
28 46 44.730 0.000
28 47 32.200 -0.008
28 48 17.590 0.000
28 49 7.830 -0.008
28 50 -4.660 0.000
28 51 -12.380 0.000
28 52 -23.570 0.000
28 53 -30.400 0.000
28 54 -40.400 0.000
28 55 -46.390 0.035
28 56 -54.400 0.000
28 57 -56.880 -0.018
28 58 -60.840 0.000
28 59 -61.300 0.000
28 60 -64.640 0.027
28 61 -64.180 -0.130
28 62 -66.440 -0.096
28 63 -65.260 -0.122
28 64 -66.960 -0.087
28 65 -65.230 -0.079
28 66 -66.270 0.027
28 67 -64.120 -0.018
28 68 -64.310 0.018
28 69 -60.410 -0.052
28 70 -60.470 0.027
28 71 -56.320 0.045
28 72 -55.190 0.053
28 73 -51.090 0.053
28 74 -49.520 0.053
28 75 -45.130 0.062
28 76 -43.120 0.053
28 77 -38.130 0.053
28 78 -36.040 0.027
28 79 -28.490 0.053
28 80 -24.120 0.053
28 81 -16.220 0.071
28 82 -11.160 0.062
28 83 -2.510 0.125
28 84 3.210 0.152
28 85 11.680 -0.178
28 86 18.350 0.290
28 87 26.810 0.328
28 88 32.820 0.337
28 89 41.430 0.348
28 90 47.920 0.349
28 91 56.830 0.359
28 92 63.580 0.361
28 93 73.090 0.352
28 94 80.570 0.342
28 95 90.140 0.334
28 96 97.410 0.334
28 97 107.100 0.336
28 98 114.880 0.348
28 99 124.740 0.368
29 48 44.970 -0.087
29 49 29.680 0.000
29 50 19.130 -0.052
29 51 5.940 0.000
29 52 -2.780 0.115
29 53 -14.280 0.115
29 54 -21.970 0.142
29 55 -32.200 0.107
29 56 -38.650 0.107
29 57 -47.740 -0.035
29 58 -50.880 0.107
29 59 -56.150 0.125
29 60 -57.630 0.161
29 61 -61.220 0.152
29 62 -61.950 0.171
29 63 -64.630 0.162
29 64 -64.430 0.153
29 65 -66.510 -0.156
29 66 -65.570 -0.156
29 67 -66.940 -0.122
29 68 -65.240 0.053
29 69 -65.730 0.053
29 70 -63.260 0.062
29 71 -63.220 0.062
29 72 -60.380 0.080
29 73 -59.740 0.088
29 74 -56.490 0.125
29 75 -55.250 0.115
29 76 -51.520 0.125
29 77 -49.680 0.088
29 78 -45.520 0.080
29 79 -42.950 0.053
29 80 -36.820 0.080
29 81 -32.140 0.107
29 82 -25.290 0.125
29 83 -20.330 0.142
29 84 -13.110 0.160
29 85 -7.670 0.161
29 86 0.040 0.244
29 87 6.550 0.271
29 88 14.260 0.279
29 89 19.900 0.318
29 90 27.810 0.319
29 91 34.400 0.319
29 92 42.490 0.338
29 93 49.190 0.339
29 94 58.210 0.331
29 95 65.670 0.323
29 96 74.640 0.313
29 97 81.890 0.314
29 98 90.960 0.316
29 99 98.510 0.329
29 100 108.340 0.288
29 101 116.710 0.277
29 102 126.400 0.279
30 51 29.040 -0.035
30 52 15.180 0.000
30 53 6.180 0.197
30 54 -6.700 0.197
30 55 -14.620 0.207
30 56 -25.950 0.180
30 57 -32.890 0.134
30 58 -42.470 0.000
30 59 -46.800 0.142
30 60 -53.600 0.180
30 61 -55.530 0.208
30 62 -60.330 0.209
30 63 -61.270 0.218
30 64 -65.070 0.219
30 65 -65.320 -0.264
30 66 -68.340 -0.215
30 67 -67.720 -0.182
30 68 -69.950 -0.156
30 69 -68.370 -0.164
30 70 -69.920 0.045
30 71 -67.560 0.053
30 72 -68.540 0.053
30 73 -65.880 0.062
30 74 -66.560 0.125
30 75 -63.430 0.152
30 76 -63.130 0.142
30 77 -59.440 0.152
30 78 -58.510 0.089
30 79 -54.280 0.071
30 80 -52.620 0.045
30 81 -46.700 0.080
30 82 -42.790 0.142
30 83 -36.260 0.160
30 84 -32.180 0.169
30 85 -25.270 0.188
30 86 -20.720 0.208
30 87 -13.000 0.224
30 88 -7.580 0.251
30 89 0.250 0.270
30 90 5.250 0.279
30 91 13.300 0.279
30 92 19.100 0.280
30 93 26.890 0.300
30 94 32.870 0.310
30 95 41.660 0.311
30 96 48.480 0.293
30 97 57.330 0.294
30 98 63.840 0.295
30 99 72.480 0.316
30 100 79.380 0.329
30 101 89.410 0.277
30 102 97.170 0.257
30 103 106.790 0.259
30 104 114.540 0.219
30 105 124.360 0.191
31 53 27.900 0.000
31 54 17.640 0.197
31 55 4.680 0.207
31 56 -4.400 0.217
31 57 -15.730 0.208
31 58 -23.830 0.170
31 59 -33.780 0.000
31 60 -39.030 0.180
31 61 -46.220 0.209
31 62 -49.830 0.218
31 63 -55.420 0.218
31 64 -57.650 0.219
31 65 -61.740 0.219
31 66 -62.960 -0.281
31 67 -65.920 0.228
31 68 -66.380 -0.233
31 69 -68.750 -0.215
31 70 -68.350 -0.207
31 71 -69.940 -0.207
31 72 -68.640 -0.215
31 73 -69.710 0.071
31 74 -68.340 0.098
31 75 -68.850 0.152
31 76 -66.610 0.161
31 77 -66.480 0.161
31 78 -63.760 0.162
31 79 -62.960 0.143
31 80 -59.740 0.089
31 81 -57.900 0.053
31 82 -53.080 0.088
31 83 -49.160 0.152
31 84 -43.550 0.160
31 85 -39.580 0.169
31 86 -33.380 0.198
31 87 -28.950 0.209
31 88 -22.290 0.227
31 89 -17.260 0.244
31 90 -10.180 0.279
31 91 -5.340 0.307
31 92 1.790 0.346
31 93 7.270 0.346
31 94 14.770 0.347
31 95 20.930 0.319
31 96 29.160 0.302
31 97 35.530 0.294
31 98 43.590 0.295
31 99 50.060 0.285
31 100 58.150 0.298
31 101 64.900 0.309
31 102 73.890 0.278
31 103 81.500 0.258
31 104 90.570 0.249
31 105 98.180 0.241
31 106 107.280 0.201
31 107 114.250 -0.171
31 108 123.360 -0.161
32 55 27.470 0.207
32 56 13.350 0.217
32 57 4.020 0.226
32 58 -8.370 0.218
32 59 -16.590 0.181
32 60 -27.380 -0.104
32 61 -33.220 0.180
32 62 -41.360 0.218
32 63 -45.860 0.219
32 64 -53.040 0.219
32 65 -55.580 0.229
32 66 -60.780 0.229
32 67 -62.120 -0.299
32 68 -66.480 -0.275
32 69 -66.830 -0.250
32 70 -70.170 -0.241
32 71 -69.950 -0.215
32 72 -72.510 -0.224
32 73 -71.500 -0.224
32 74 -73.340 -0.224
32 75 -71.720 0.089
32 76 -73.600 0.143
32 77 -71.530 0.153
32 78 -72.360 0.153
32 79 -69.790 0.162
32 80 -69.820 0.144
32 81 -66.480 0.089
32 82 -65.490 0.053
32 83 -60.780 0.088
32 84 -58.060 0.142
32 85 -52.470 0.161
32 86 -49.330 0.170
32 87 -43.320 0.198
32 88 -39.650 0.219
32 89 -33.200 0.228
32 90 -29.070 0.245
32 91 -22.190 0.308
32 92 -17.830 0.326
32 93 -11.030 0.336
32 94 -6.220 0.336
32 95 1.290 0.348
32 96 6.610 0.338
32 97 14.510 0.322
32 98 20.000 0.304
32 99 27.850 0.305
32 100 33.520 0.296
32 101 41.520 0.307
32 102 47.710 0.309
32 103 56.600 0.279
32 104 63.540 0.258
32 105 72.410 0.259
32 106 79.390 0.241
32 107 88.520 0.212
32 108 95.770 0.183
32 109 104.300 -0.161
32 110 111.820 -0.162
32 111 121.120 -0.155
32 112 128.930 -0.147
33 57 25.990 0.218
33 58 15.470 0.228
33 59 2.860 0.229
33 60 -6.250 0.210
33 61 -17.270 -0.221
33 62 -24.050 0.209
33 63 -32.720 0.219
33 64 -38.350 0.228
33 65 -45.880 0.229
33 66 -49.970 0.240
33 67 -55.960 0.240
33 68 -58.460 -0.307
33 69 -63.030 -0.291
33 70 -64.330 -0.275
33 71 -67.780 -0.266
33 72 -68.580 -0.250
33 73 -71.230 -0.250
33 74 -71.240 -0.241
33 75 -73.230 -0.250
33 76 -72.510 -0.258
33 77 -74.360 0.162
33 78 -73.230 0.162
33 79 -74.260 0.162
33 80 -72.630 0.163
33 81 -72.700 0.163
33 82 -70.520 0.116
33 83 -69.580 0.053
33 84 -65.670 0.098
33 85 -63.050 0.143
33 86 -58.200 0.161
33 87 -55.120 0.181
33 88 -49.890 0.210
33 89 -46.380 0.220
33 90 -40.770 0.220
33 91 -36.820 0.229
33 92 -30.760 0.318
33 93 -26.460 0.336
33 94 -20.330 0.347
33 95 -15.690 0.337
33 96 -8.950 0.348
33 97 -3.720 0.339
33 98 3.210 0.303
33 99 8.520 0.295
33 100 15.550 0.296
33 101 21.350 0.287
33 102 28.690 0.299
33 103 34.640 0.300
33 104 42.810 0.280
33 105 49.550 0.259
33 106 57.860 0.251
33 107 64.730 0.242
33 108 73.080 0.221
33 109 80.340 0.183
33 110 88.590 0.164
33 111 96.140 -0.173
33 112 104.780 -0.164
33 113 112.340 -0.156
33 114 119.060 0.072
33 115 126.630 0.000
34 59 25.080 0.239
34 60 11.390 0.230
34 61 2.030 0.200
34 62 -9.770 -0.246
34 63 -16.930 0.210
34 64 -26.650 0.219
34 65 -32.560 0.229
34 66 -41.170 0.240
34 67 -46.050 0.240
34 68 -53.550 0.240
34 69 -56.330 -0.315
34 70 -61.870 -0.307
34 71 -63.390 -0.291
34 72 -67.770 -0.283
34 73 -68.560 0.400
34 74 -72.320 -0.250
34 75 -72.500 -0.241
34 76 -75.490 -0.241
34 77 -74.930 -0.258
34 78 -77.460 0.143
34 79 -76.510 0.153
34 80 -78.450 0.153
34 81 -77.010 0.163
34 82 -78.110 0.154
34 83 -75.720 0.089
34 84 -75.680 0.053
34 85 -71.780 0.080
34 86 -70.180 0.125
34 87 -65.410 0.162
34 88 -63.170 0.181
34 89 -58.140 0.210
34 90 -55.440 0.220
34 91 -49.910 0.221
34 92 -46.820 0.229
34 93 -40.940 0.319
34 94 -37.500 0.336
34 95 -31.510 0.347
34 96 -27.560 0.348
34 97 -20.950 0.349
34 98 -16.440 0.349
34 99 -9.670 0.332
34 100 -5.360 0.296
34 101 1.570 0.296
34 102 6.700 0.287
34 103 13.900 0.299
34 104 19.270 0.301
34 105 27.300 0.280
34 106 33.430 0.260
34 107 41.620 0.251
34 108 47.780 0.242
34 109 56.230 0.222
34 110 62.900 0.193
34 111 71.290 0.164
34 112 77.700 0.155
34 113 86.490 -0.146
34 114 93.490 -0.147
34 115 100.310 0.008
34 116 107.450 0.000
34 117 117.570 -0.018
34 118 126.430 0.000
35 61 23.960 0.276
35 62 14.190 0.305
35 63 1.580 -0.276
35 64 -6.600 -0.279
35 65 -16.710 -0.287
35 66 -23.580 -0.297
35 67 -32.480 -0.306
35 68 -38.430 -0.315
35 69 -46.350 -0.315
35 70 -50.580 -0.340
35 71 -56.790 -0.340
35 72 -59.450 -0.333
35 73 -63.810 -0.325
35 74 -65.910 0.410
35 75 -69.400 -0.291
35 76 -70.620 -0.266
35 77 -73.730 -0.275
35 78 -74.120 -0.275
35 79 -76.200 0.089
35 80 -76.480 0.107
35 81 -78.660 0.116
35 82 -78.150 0.144
35 83 -79.440 0.099
35 84 -77.860 0.080
35 85 -78.220 0.053
35 86 -75.100 0.071
35 87 -73.510 0.098
35 88 -69.620 0.143
35 89 -67.230 0.190
35 90 -63.010 0.218
35 91 -60.520 0.228
35 92 -55.830 0.247
35 93 -52.820 0.266
35 94 -48.040 0.328
35 95 -44.710 0.337
35 96 -39.510 0.348
35 97 -35.720 0.348
35 98 -29.830 0.349
35 99 -25.460 0.350
35 100 -19.380 0.332
35 101 -14.980 0.314
35 102 -8.720 0.314
35 103 -3.870 0.306
35 104 2.810 0.307
35 105 8.150 0.318
35 106 15.480 0.288
35 107 21.500 0.278
35 108 29.120 0.269
35 109 35.410 0.260
35 110 44.340 -0.315
35 111 50.960 -0.314
35 112 57.170 -0.154
35 113 63.750 -0.155
35 114 71.660 -0.146
35 115 78.540 -0.138
35 116 84.550 0.018
35 117 91.520 0.000
35 118 101.170 -0.018
35 119 109.960 0.000
35 120 120.630 0.089
35 121 129.850 0.108
36 63 23.840 0.341
36 64 10.200 -0.292
36 65 1.720 -0.287
36 66 -9.410 -0.296
36 67 -16.440 -0.305
36 68 -26.390 -0.306
36 69 -32.550 -0.315
36 70 -41.500 -0.324
36 71 -46.390 -0.349
36 72 -54.030 -0.349
36 73 -56.860 0.381
36 74 -62.870 0.400
36 75 -64.830 0.421
36 76 -69.560 0.400
36 77 -69.960 -0.232
36 78 -74.160 -0.232
36 79 -74.780 -0.249
36 80 -77.500 0.062
36 81 -77.830 0.071
36 82 -80.880 0.071
36 83 -80.920 0.116
36 84 -82.860 0.062
36 85 -81.680 0.062
36 86 -83.000 0.053
36 87 -79.930 0.062
36 88 -79.100 0.062
36 89 -75.240 0.134
36 90 -73.690 0.162
36 91 -69.610 0.209
36 92 -67.950 0.228
36 93 -63.330 0.265
36 94 -61.310 0.310
36 95 -56.710 0.328
36 96 -54.160 0.337
36 97 -49.110 0.348
36 98 -46.040 0.349
36 99 -40.310 0.359
36 100 -36.710 0.350
36 101 -30.720 0.341
36 102 -26.930 0.332
36 103 -20.770 0.334
36 104 -16.760 0.325
36 105 -10.040 0.327
36 106 -5.390 0.328
36 107 1.820 0.298
36 108 7.400 0.278
36 109 14.910 0.278
36 110 21.650 -0.324
36 111 29.640 -0.324
36 112 35.600 -0.331
36 113 41.500 -0.145
36 114 47.400 -0.136
36 115 55.200 -0.137
36 116 61.100 -0.121
36 117 67.640 0.018
36 118 73.830 0.000
36 119 83.490 -0.018
36 120 91.710 0.000
36 121 102.130 0.062
36 122 110.810 0.082
36 123 121.100 0.118
36 124 130.400 0.164
37 66 13.700 0.341
37 67 2.210 0.341
37 68 -5.770 0.332
37 69 -15.920 0.333
37 70 -23.380 -0.350
37 71 -32.510 -0.358
37 72 -38.300 -0.375
37 73 -46.430 0.371
37 74 -51.160 0.381
37 75 -57.790 0.391
37 76 -61.010 0.401
37 77 -65.680 0.391
37 78 -67.650 0.391
37 79 -70.720 -0.224
37 80 -72.220 -0.232
37 81 -75.240 0.062
37 82 -76.360 0.071
37 83 -79.620 0.071
37 84 -80.230 0.080
37 85 -82.650 0.062
37 86 -82.430 0.062
37 87 -83.910 0.053
37 88 -81.650 0.062
37 89 -80.860 0.062
37 90 -77.700 0.089
37 91 -76.290 0.125
37 92 -73.110 0.227
37 93 -71.590 0.274
37 94 -67.890 0.292
37 95 -66.040 0.329
37 96 -62.260 0.338
37 97 -59.900 0.348
37 98 -55.580 0.348
37 99 -52.610 0.349
37 100 -47.650 0.359
37 101 -44.130 0.360
37 102 -38.860 0.351
37 103 -35.120 0.341
37 104 -29.560 0.333
37 105 -25.650 0.334
37 106 -19.740 0.335
37 107 -14.990 0.336
37 108 -8.650 0.356
37 109 -3.190 0.373
37 110 4.030 0.287
37 111 10.570 -0.333
37 112 18.010 -0.340
37 113 22.260 -0.145
37 114 29.110 -0.135
37 115 34.800 -0.136
37 116 42.010 -0.128
37 117 47.790 -0.112
37 118 53.740 0.027
37 119 59.720 0.000
37 120 68.900 -0.026
37 121 76.970 -0.008
37 122 86.940 0.045
37 123 95.400 0.046
37 124 105.340 0.058
37 125 114.480 0.156
37 126 125.420 0.208
37 127 133.430 0.237
37 128 143.150 0.273
38 68 10.570 0.381
38 69 2.430 0.352
38 70 -8.720 0.361
38 71 -15.850 0.334
38 72 -26.070 0.371
38 73 -32.380 0.371
38 74 -41.620 0.400
38 75 -47.040 0.400
38 76 -54.970 0.421
38 77 -58.350 0.421
38 78 -64.060 0.421
38 79 -66.150 0.422
38 80 -68.840 0.053
38 81 -70.650 0.053
38 82 -75.500 0.053
38 83 -76.770 0.053
38 84 -80.880 0.053
38 85 -81.610 0.053
38 86 -85.020 0.053
38 87 -85.010 0.053
38 88 -87.540 0.045
38 89 -85.210 0.053
38 90 -85.120 0.053
38 91 -82.050 0.053
38 92 -81.230 0.080
38 93 -77.990 0.208
38 94 -77.550 0.255
38 95 -74.190 0.310
38 96 -73.010 0.338
38 97 -69.310 0.349
38 98 -67.710 0.357
38 99 -63.460 0.367
38 100 -61.290 0.368
38 101 -56.470 0.368
38 102 -53.690 0.369
38 103 -48.510 0.360
38 104 -45.450 0.361
38 105 -40.040 0.353
38 106 -36.740 0.354
38 107 -30.860 0.345
38 108 -26.800 0.346
38 109 -20.320 0.375
38 110 -15.340 0.393
38 111 -8.380 0.393
38 112 -2.730 -0.300
38 113 3.470 -0.153
38 114 8.080 -0.153
38 115 14.850 -0.144
38 116 20.040 -0.136
38 117 27.180 -0.128
38 118 32.400 -0.120
38 119 38.200 -0.008
38 120 43.660 0.000
38 121 52.850 -0.018
38 122 60.410 -0.008
38 123 69.990 -0.018
38 124 78.100 -0.018
38 125 87.880 0.031
38 126 97.040 0.164
38 127 107.550 0.198
38 128 114.980 0.227
38 129 125.010 0.281
38 130 132.790 0.281
38 131 142.580 0.291
39 70 13.760 0.402
39 71 2.510 0.412
39 72 -5.780 0.401
39 73 -16.010 0.412
39 74 -23.350 0.412
39 75 -32.770 0.412
39 76 -39.180 0.412
39 77 -47.420 0.421
39 78 -52.110 0.432
39 79 -58.500 0.422
39 80 -61.440 0.432
39 81 -66.130 0.423
39 82 -66.790 0.053
39 83 -71.820 0.053
39 84 -73.930 0.053
39 85 -78.220 0.053
39 86 -79.820 0.053
39 87 -83.410 0.053
39 88 -84.190 0.053
39 89 -87.120 0.035
39 90 -85.410 0.053
39 91 -85.410 0.053
39 92 -83.070 0.053
39 93 -82.570 -0.139
39 94 -79.910 0.198
39 95 -79.430 0.331
39 96 -76.820 0.360
39 97 -76.060 0.359
39 98 -73.090 0.368
39 99 -71.700 0.368
39 100 -68.150 0.368
39 101 -66.110 0.379
39 102 -62.010 0.380
39 103 -59.340 0.381
39 104 -54.880 0.371
39 105 -51.890 0.372
39 106 -47.160 0.364
39 107 -43.920 0.364
39 108 -38.780 0.356
39 109 -34.830 0.357
39 110 -28.930 0.386
39 111 -24.200 0.394
39 112 -17.430 0.404
39 113 -12.760 0.384
39 114 -6.440 -0.153
39 115 -1.920 -0.153
39 116 4.090 -0.153
39 117 9.150 -0.145
39 118 15.660 -0.136
39 119 21.100 -0.137
39 120 26.390 0.000
39 121 31.470 0.000
39 122 40.170 0.000
39 123 47.650 0.000
39 124 56.720 0.000
39 125 64.770 0.002
39 126 74.050 0.004
39 127 82.790 0.155
39 128 92.720 0.198
39 129 100.300 0.218
39 130 109.440 0.254
39 131 117.400 0.273
39 132 126.550 0.272
39 133 134.840 0.291
39 134 144.500 0.299
40 72 11.340 0.414
40 73 2.980 0.364
40 74 -8.300 0.413
40 75 -15.840 0.403
40 76 -26.070 0.422
40 77 -32.690 0.413
40 78 -41.820 0.432
40 79 -47.180 0.433
40 80 -54.840 0.433
40 81 -58.010 0.454
40 82 -61.740 0.053
40 83 -64.610 0.053
40 84 -70.530 0.053
40 85 -72.820 0.053
40 86 -77.960 0.053
40 87 -79.720 0.053
40 88 -84.190 0.053
40 89 -85.240 0.053
40 90 -88.980 0.035
40 91 -87.330 0.053
40 92 -88.160 0.053
40 93 -85.940 0.053
40 94 -86.000 0.062
40 95 -83.600 0.180
40 96 -83.690 0.217
40 97 -81.080 0.273
40 98 -81.040 0.330
40 99 -78.160 0.349
40 100 -77.530 0.358
40 101 -74.130 0.368
40 102 -72.830 0.369
40 103 -68.820 0.380
40 104 -66.890 0.381
40 105 -62.490 0.372
40 106 -60.160 0.373
40 107 -55.560 0.364
40 108 -52.970 0.365
40 109 -47.970 0.357
40 110 -44.620 0.368
40 111 -38.860 0.387
40 112 -34.870 0.395
40 113 -28.150 0.404
40 114 -24.430 -0.197
40 115 -18.490 -0.170
40 116 -14.520 -0.162
40 117 -8.540 -0.153
40 118 -4.180 -0.153
40 119 2.250 -0.146
40 120 7.100 -0.137
40 121 12.360 0.000
40 122 16.810 0.000
40 123 25.500 0.000
40 124 32.390 0.000
40 125 41.440 0.009
40 126 48.870 0.002
40 127 58.560 0.118
40 128 66.780 0.163
40 129 76.380 0.180
40 130 83.620 0.218
40 131 92.470 0.227
40 132 100.000 0.254
40 133 109.240 0.263
40 134 116.910 0.272
40 135 126.560 0.280
40 136 134.490 0.299
40 137 144.180 0.309
41 74 14.390 -0.258
41 75 3.470 0.462
41 76 -4.970 0.452
41 77 -15.460 0.452
41 78 -22.940 0.453
41 79 -32.410 0.453
41 80 -38.710 0.453
41 81 -46.550 0.464
41 82 -51.020 0.486
41 83 -56.890 -0.213
41 84 -59.250 0.053
41 85 -65.350 0.053
41 86 -68.510 0.053
41 87 -73.800 0.053
41 88 -76.410 0.053
41 89 -81.030 0.053
41 90 -82.880 0.053
41 91 -86.620 0.045
41 92 -86.070 0.053
41 93 -86.970 0.053
41 94 -85.530 0.062
41 95 -85.800 0.080
41 96 -84.270 0.170
41 97 -84.440 0.208
41 98 -82.420 0.264
41 99 -82.390 0.281
41 100 -80.160 0.358
41 101 -79.730 0.368
41 102 -77.080 0.378
41 103 -75.940 0.389
41 104 -72.630 0.389
41 105 -70.760 0.391
41 106 -67.010 0.382
41 107 -64.760 0.372
41 108 -60.730 0.354
41 109 -58.240 0.355
41 110 -53.900 0.345
41 111 -50.710 0.347
41 112 -45.630 0.386
41 113 -41.200 0.424
41 114 -35.870 -0.223
41 115 -32.220 -0.205
41 116 -27.050 -0.179
41 117 -23.140 -0.171
41 118 -17.790 -0.161
41 119 -13.490 -0.154
41 120 -7.740 -0.154
41 121 -2.880 -0.155
41 122 1.440 -0.018
41 123 6.150 0.000
41 124 14.140 -0.026
41 125 20.970 -0.008
41 126 29.510 0.036
41 127 36.720 0.028
41 128 46.200 0.127
41 129 54.110 0.162
41 130 63.080 0.180
41 131 70.290 0.209
41 132 78.690 0.218
41 133 86.100 0.245
41 134 94.850 0.245
41 135 102.490 0.253
41 136 111.560 0.271
41 137 119.430 0.280
41 138 128.590 0.290
41 139 136.590 0.310
41 140 145.830 0.321
42 77 3.590 -0.301
42 78 -7.050 -0.240
42 79 -14.100 -0.223
42 80 -25.370 0.452
42 81 -31.760 0.463
42 82 -39.590 -0.213
42 83 -44.990 -0.213
42 84 -51.840 0.053
42 85 -55.750 0.053
42 86 -62.720 0.053
42 87 -66.030 0.053
42 88 -72.200 0.053
42 89 -74.960 0.053
42 90 -80.440 0.053
42 91 -82.420 0.053
42 92 -87.170 0.035
42 93 -86.590 0.053
42 94 -88.340 0.053
42 95 -87.030 0.053
42 96 -88.200 0.080
42 97 -86.640 0.161
42 98 -87.440 0.180
42 99 -85.470 0.207
42 100 -85.990 0.244
42 101 -83.710 0.309
42 102 -83.800 0.329
42 103 -81.270 0.358
42 104 -80.770 0.349
42 105 -77.660 0.369
42 106 -76.520 0.361
42 107 -72.860 0.352
42 108 -71.280 0.333
42 109 -67.360 0.334
42 110 -65.570 0.335
42 111 -61.310 0.336
42 112 -58.780 0.337
42 113 -53.140 -0.258
42 114 -50.470 -0.249
42 115 -45.520 -0.231
42 116 -42.550 -0.205
42 117 -37.430 -0.187
42 118 -34.120 -0.171
42 119 -28.850 -0.161
42 120 -25.190 -0.154
42 121 -19.570 -0.154
42 122 -15.340 -0.146
42 123 -11.060 0.008
42 124 -7.170 0.000
42 125 0.770 -0.008
42 126 7.160 0.000
42 127 15.570 0.008
42 128 22.390 0.000
42 129 32.270 0.134
42 130 39.150 0.153
42 131 48.070 0.170
42 132 54.830 0.199
42 133 63.350 0.218
42 134 70.240 0.237
42 135 78.980 0.236
42 136 86.120 0.252
42 137 95.180 0.262
42 138 102.500 0.271
42 139 111.680 0.280
42 140 119.200 0.291
42 141 128.430 0.301
42 142 136.030 0.302
42 143 145.190 0.323
42 144 152.830 0.333
43 79 4.140 -0.248
43 80 -3.930 -0.239
43 81 -14.120 -0.229
43 82 -21.250 -0.213
43 83 -30.650 -0.221
43 84 -36.950 -0.221
43 85 -43.890 0.053
43 86 -49.020 0.053
43 87 -56.540 0.053
43 88 -60.650 0.053
43 89 -67.020 0.053
43 90 -70.600 0.053
43 91 -76.220 0.053
43 92 -79.000 0.053
43 93 -83.880 0.035
43 94 -84.060 0.053
43 95 -85.930 0.053
43 96 -85.380 0.053
43 97 -86.950 0.134
43 98 -86.040 0.161
43 99 -86.900 0.170
43 100 -85.640 0.189
43 101 -86.090 0.207
43 102 -84.530 0.272
43 103 -84.750 0.300
43 104 -82.730 0.329
43 105 -82.320 0.320
43 106 -79.800 0.340
43 107 -78.860 0.322
43 108 -75.890 0.322
43 109 -73.690 -0.250
43 110 -70.460 -0.258
43 111 -68.850 -0.258
43 112 -65.210 -0.258
43 113 -63.060 -0.258
43 114 -58.890 -0.258
43 115 -56.310 -0.249
43 116 -51.970 -0.231
43 117 -49.050 -0.213
43 118 -44.600 -0.196
43 119 -41.390 -0.179
43 120 -36.690 -0.170
43 121 -33.140 -0.162
43 122 -28.090 -0.162
43 123 -23.950 -0.154
43 124 -20.280 0.018
43 125 -16.500 0.000
43 126 -9.130 -0.008
43 127 -2.810 0.000
43 128 5.080 0.027
43 129 12.090 0.090
43 130 21.030 0.134
43 131 27.830 0.153
43 132 36.180 0.170
43 133 42.990 0.199
43 134 50.990 0.217
43 135 57.690 0.226
43 136 66.040 0.235
43 137 73.120 0.243
43 138 81.640 0.252
43 139 88.830 0.271
43 140 97.540 0.271
43 141 105.090 0.271
43 142 113.790 0.281
43 143 121.320 0.292
43 144 130.060 0.303
43 145 137.760 0.303
43 146 147.140 0.305
43 147 155.860 0.285
44 81 4.830 -0.231
44 82 -6.240 -0.222
44 83 -12.240 0.053
44 84 -22.440 0.053
44 85 -28.920 0.053
44 86 -38.440 0.053
44 87 -44.100 0.053
44 88 -52.790 0.053
44 89 -57.100 0.053
44 90 -64.290 0.053
44 91 -68.010 0.053
44 92 -74.480 0.053
44 93 -77.390 0.053
44 94 -83.080 0.035
44 95 -83.320 0.053
44 96 -85.970 0.053
44 97 -85.540 0.053
44 98 -87.880 0.115
44 99 -87.110 0.152
44 100 -88.680 0.161
44 101 -87.520 0.180
44 102 -88.630 0.189
44 103 -87.060 0.235
44 104 -87.820 0.253
44 105 -85.790 0.291
44 106 -86.010 0.281
44 107 -83.580 0.301
44 108 -83.260 0.283
44 109 -80.430 0.293
44 110 -79.410 -0.250
44 111 -76.300 -0.258
44 112 -75.350 -0.258
44 113 -71.810 -0.258
44 114 -70.320 -0.258
44 115 -66.240 -0.258
44 116 -64.290 -0.249
44 117 -60.040 -0.231
44 118 -57.810 -0.205
44 119 -53.410 -0.187
44 120 -50.840 -0.171
44 121 -46.310 -0.161
44 122 -43.370 -0.154
44 123 -38.450 -0.145
44 124 -35.800 0.000
44 125 -31.630 0.008
44 126 -28.430 0.000
44 127 -21.080 -0.008
44 128 -15.330 0.000
44 129 -7.500 0.018
44 130 -1.350 0.008
44 131 7.720 0.126
44 132 14.210 0.143
44 133 22.490 0.161
44 134 28.940 0.190
44 135 37.010 0.209
44 136 43.250 0.226
44 137 51.560 0.235
44 138 58.110 0.243
44 139 66.580 0.252
44 140 73.290 0.262
44 141 81.920 0.271
44 142 88.920 0.271
44 143 97.670 0.281
44 144 104.750 0.282
44 145 113.570 0.293
44 146 120.760 0.303
44 147 130.180 0.295
44 148 138.220 0.285
44 149 148.070 0.276
44 150 156.120 0.277
45 83 4.910 -0.229
45 84 -2.380 0.053
45 85 -12.710 0.053
45 86 -19.930 0.053
45 87 -29.660 0.053
45 88 -36.110 0.053
45 89 -44.990 0.053
45 90 -50.430 0.053
45 91 -58.130 0.053
45 92 -62.580 0.053
45 93 -69.200 0.053
45 94 -72.870 0.053
45 95 -78.680 0.035
45 96 -79.820 0.053
45 97 -82.700 0.053
45 98 -83.220 0.089
45 99 -85.330 0.107
45 100 -85.330 0.142
45 101 -86.990 0.152
45 102 -86.530 0.170
45 103 -87.730 0.180
45 104 -86.680 0.208
45 105 -87.350 0.198
45 106 -86.180 0.244
45 107 -86.330 0.226
45 108 -84.720 0.254
45 109 -84.010 -0.241
45 110 -81.950 -0.250
45 111 -81.600 -0.250
45 112 -79.150 -0.258
45 113 -78.310 -0.258
45 114 -75.400 -0.258
45 115 -74.030 -0.258
45 116 -70.570 -0.258
45 117 -68.760 -0.240
45 118 -65.100 -0.223
45 119 -62.940 -0.205
45 120 -59.190 -0.187
45 121 -56.790 -0.178
45 122 -52.830 -0.161
45 123 -50.050 -0.154
45 124 -45.710 -0.145
45 125 -43.160 0.000
45 126 -39.550 0.018
45 127 -36.500 0.000
45 128 -29.620 -0.008
45 129 -24.020 0.000
45 130 -16.760 0.018
45 131 -10.170 0.089
45 132 -2.100 0.125
45 133 4.260 0.142
45 134 12.030 0.161
45 135 18.370 0.180
45 136 26.070 0.208
45 137 32.200 0.217
45 138 39.880 0.225
45 139 46.470 0.234
45 140 54.410 0.243
45 141 61.010 0.251
45 142 69.140 0.262
45 143 76.080 0.262
45 144 84.240 0.271
45 145 91.330 0.292
45 146 99.710 0.293
45 147 106.960 0.303
45 148 115.860 0.295
45 149 123.930 0.276
45 150 133.120 0.276
45 151 141.150 0.267
45 152 150.340 0.269
45 153 158.340 0.270
46 86 -4.960 0.053
46 87 -12.350 0.053
46 88 -22.890 0.053
46 89 -29.510 0.053
46 90 -39.230 0.053
46 91 -45.160 0.053
46 92 -54.030 0.053
46 93 -58.680 0.053
46 94 -66.270 0.045
46 95 -69.980 0.053
46 96 -76.690 0.027
46 97 -77.840 0.053
46 98 -81.550 0.045
46 99 -81.830 0.053
46 100 -84.880 0.088
46 101 -85.030 0.134
46 102 -87.430 0.143
46 103 -87.010 0.162
46 104 -88.890 0.162
46 105 -87.940 0.171
46 106 -89.300 0.171
46 107 -88.050 0.198
46 108 -88.950 0.190
46 109 -87.390 0.226
46 110 -87.910 0.218
46 111 -85.460 -0.250
46 112 -85.800 -0.241
46 113 -83.450 -0.250
46 114 -83.280 -0.250
46 115 -80.410 -0.258
46 116 -79.750 -0.250
46 117 -76.350 -0.258
46 118 -75.200 -0.240
46 119 -71.670 -0.223
46 120 -70.310 -0.188
46 121 -66.600 -0.162
46 122 -64.830 -0.137
46 123 -60.850 -0.129
46 124 -59.040 0.000
46 125 -55.160 0.000
46 126 -53.370 0.000
46 127 -49.450 0.018
46 128 -46.840 0.000
46 129 -40.230 -0.008
46 130 -35.200 0.000
46 131 -27.930 0.008
46 132 -22.400 0.008
46 133 -13.920 0.116
46 134 -7.990 0.134
46 135 -0.120 0.160
46 136 5.600 0.170
46 137 13.430 0.198
46 138 19.120 0.217
46 139 26.760 0.225
46 140 32.690 0.224
46 141 40.670 0.243
46 142 46.840 0.251
46 143 54.950 0.262
46 144 61.390 0.262
46 145 69.580 0.271
46 146 76.170 0.281
46 147 84.620 0.293
46 148 91.410 0.294
46 149 100.250 0.295
46 150 107.690 0.276
46 151 116.860 0.276
46 152 124.400 0.257
46 153 133.570 0.258
46 154 141.030 0.259
46 155 150.230 0.259
46 156 157.780 0.251
47 88 -2.490 0.053
47 89 -13.220 0.053
47 90 -20.660 0.053
47 91 -30.540 0.053
47 92 -37.200 0.053
47 93 -46.250 0.053
47 94 -52.020 0.053
47 95 -59.940 0.053
47 96 -64.560 0.053
47 97 -71.140 0.045
47 98 -73.370 0.053
47 99 -77.080 0.053
47 100 -78.310 0.062
47 101 -81.330 0.080
47 102 -82.280 0.125
47 103 -84.660 0.134
47 104 -84.850 0.153
47 105 -86.820 0.153
47 106 -86.540 0.162
47 107 -87.920 0.162
47 108 -87.210 0.162
47 109 -88.210 0.162
47 110 -87.150 0.171
47 111 -87.790 0.171
47 112 -86.170 -0.250
47 113 -86.560 -0.250
47 114 -84.890 -0.250
47 115 -84.820 -0.250
47 116 -82.570 -0.258
47 117 -82.030 -0.250
47 118 -79.210 -0.258
47 119 -78.310 -0.232
47 120 -75.190 0.153
47 121 -73.940 0.135
47 122 -70.750 0.135
47 123 -69.640 -0.104
47 124 -66.320 -0.103
47 125 -64.890 0.000
47 126 -61.500 0.008
47 127 -59.660 0.000
47 128 -56.310 0.018
47 129 -53.810 0.000
47 130 -47.740 -0.008
47 131 -42.780 0.000
47 132 -36.060 0.018
47 133 -30.640 0.018
47 134 -22.560 0.116
47 135 -16.970 0.125
47 136 -9.430 0.152
47 137 -3.840 0.161
47 138 3.710 0.190
47 139 9.470 0.217
47 140 16.570 0.225
47 141 22.410 0.224
47 142 29.900 0.242
47 143 36.040 0.251
47 144 43.620 0.261
47 145 50.000 0.262
47 146 57.690 0.262
47 147 64.220 0.263
47 148 72.200 0.293
47 149 78.970 0.293
47 150 87.260 0.284
47 151 94.560 0.275
47 152 103.290 0.256
47 153 110.720 0.248
47 154 119.380 0.249
47 155 126.760 0.249
47 156 135.480 0.241
47 157 142.970 0.230
47 158 151.650 0.231
47 159 159.270 0.222
47 160 168.470 0.213
48 90 -5.410 0.053
48 91 -13.000 0.053
48 92 -23.710 0.053
48 93 -30.600 0.053
48 94 -40.440 0.053
48 95 -46.680 0.053
48 96 -55.850 0.045
48 97 -60.530 0.053
48 98 -68.170 0.027
48 99 -70.190 0.053
48 100 -74.890 0.035
48 101 -75.950 0.053
48 102 -79.520 0.053
48 103 -80.590 0.089
48 104 -83.640 0.089
48 105 -84.130 0.126
48 106 -86.730 0.126
48 107 -86.640 0.135
48 108 -88.760 0.135
48 109 -88.190 0.135
48 110 -89.830 0.144
48 111 -88.780 0.154
48 112 -90.070 0.144
48 113 -88.680 0.163
48 114 -89.610 0.163
48 115 -87.800 -0.233
48 116 -88.300 -0.241
48 117 -86.100 -0.250
48 118 -86.240 -0.241
48 119 -83.510 -0.250
48 120 -83.640 0.135
48 121 -80.850 0.135
48 122 -80.410 0.108
48 123 -77.260 0.116
48 124 -76.940 0.000
48 125 -73.840 0.000
48 126 -72.780 0.000
48 127 -69.430 0.000
48 128 -68.290 0.000
48 129 -65.030 0.008
48 130 -63.120 0.000
48 131 -57.080 -0.008
48 132 -52.680 0.000
48 133 -45.930 0.008
48 134 -41.010 0.000
48 135 -33.960 0.000
48 136 -28.850 0.000
48 137 -20.760 0.125
48 138 -15.430 0.134
48 139 -7.490 0.190
48 140 -2.180 0.217
48 141 4.900 0.225
48 142 10.210 0.224
48 143 17.690 0.243
48 144 23.320 0.251
48 145 30.910 0.262
48 146 36.770 0.262
48 147 44.440 0.262
48 148 50.470 0.263
48 149 58.380 0.264
48 150 64.730 0.264
48 151 72.920 0.275
48 152 79.730 0.266
48 153 88.360 0.256
48 154 95.360 0.238
48 155 104.010 0.239
48 156 110.900 0.240
48 157 119.530 0.230
48 158 126.590 0.221
48 159 135.280 0.221
48 160 142.500 0.202
48 161 151.610 0.193
48 162 159.410 0.173
48 163 168.360 0.164
49 92 -3.380 0.053
49 93 -14.300 0.053
49 94 -21.980 0.053
49 95 -31.990 0.053
49 96 -39.010 0.053
49 97 -48.220 0.053
49 98 -54.130 0.053
49 99 -62.170 0.035
49 100 -64.960 0.053
49 101 -69.540 0.053
49 102 -71.530 0.054
49 103 -75.210 0.053
49 104 -76.750 0.071
49 105 -79.790 0.072
49 106 -80.920 0.089
49 107 -83.610 0.089
49 108 -84.180 0.107
49 109 -86.350 0.099
49 110 -86.310 0.099
49 111 -88.080 0.099
49 112 -87.640 0.099
49 113 -89.040 0.089
49 114 -88.210 0.089
49 115 -89.210 0.080
49 116 -87.940 0.099
49 117 -88.660 0.080
49 118 -87.120 0.089
49 119 -87.520 0.080
49 120 -85.680 0.089
49 121 -85.770 0.080
49 122 -83.580 0.089
49 123 -83.430 0.072
49 124 -80.970 0.080
49 125 -80.630 0.053
49 126 -77.990 0.053
49 127 -77.400 0.027
49 128 -74.600 0.027
49 129 -73.620 0.008
49 130 -70.560 0.027
49 131 -68.690 0.008
49 132 -63.320 0.018
49 133 -59.030 0.008
49 134 -52.730 0.026
49 135 -47.920 0.027
49 136 -41.350 0.035
49 137 -36.230 0.045
49 138 -28.820 0.107
49 139 -23.750 0.107
49 140 -16.630 0.134
49 141 -10.590 0.208
49 142 -3.980 0.216
49 143 1.390 0.224
49 144 8.410 0.243
49 145 13.940 0.243
49 146 21.030 0.252
49 147 26.880 0.262
49 148 34.040 0.262
49 149 40.040 0.263
49 150 47.430 0.263
49 151 53.740 0.273
49 152 61.520 0.274
49 153 68.240 0.274
49 154 76.260 0.265
49 155 83.040 0.247
49 156 91.240 0.247
49 157 98.170 0.248
49 158 106.390 0.248
49 159 113.360 0.211
49 160 121.890 0.192
49 161 129.260 0.173
49 162 137.890 0.164
49 163 145.110 0.164
49 164 153.620 0.164
49 165 161.200 0.155
49 166 169.870 0.127
50 94 -6.700 0.009
50 95 -14.520 0.018
50 96 -25.330 0.018
50 97 -32.520 0.018
50 98 -42.580 0.009
50 99 -48.730 0.035
50 100 -57.870 0.009
50 101 -60.990 0.027
50 102 -66.380 0.009
50 103 -68.340 0.018
50 104 -72.700 0.018
50 105 -74.200 0.026
50 106 -78.000 0.027
50 107 -78.850 0.045
50 108 -82.210 0.035
50 109 -82.720 0.053
50 110 -85.830 0.027
50 111 -85.950 0.045
50 112 -88.500 0.018
50 113 -88.040 0.045
50 114 -90.300 0.000
50 115 -89.570 0.018
50 116 -91.260 0.000
50 117 -90.180 -0.044
50 118 -91.430 0.000
50 119 -89.910 0.000
50 120 -90.920 0.000
50 121 -89.310 -0.008
50 122 -90.010 0.000
50 123 -88.000 0.000
50 124 -88.490 0.000
50 125 -86.190 0.000
50 126 -86.360 0.000
50 127 -83.840 0.000
50 128 -83.710 0.000
50 129 -80.920 0.000
50 130 -80.550 0.000
50 131 -77.560 0.008
50 132 -76.410 0.000
50 133 -70.990 0.000
50 134 -67.200 0.000
50 135 -61.000 0.000
50 136 -56.670 0.000
50 137 -50.210 0.000
50 138 -45.700 0.000
50 139 -38.920 0.000
50 140 -34.200 0.000
50 141 -26.770 0.098
50 142 -21.900 0.107
50 143 -14.240 0.216
50 144 -9.490 0.216
50 145 -2.500 0.234
50 146 2.600 0.243
50 147 9.660 0.252
50 148 15.080 0.262
50 149 22.200 0.262
50 150 27.710 0.263
50 151 35.100 0.273
50 152 40.910 0.273
50 153 48.610 0.273
50 154 54.870 0.274
50 155 62.900 0.274
50 156 69.250 0.266
50 157 77.420 0.256
50 158 84.040 0.267
50 159 92.180 0.257
50 160 98.710 0.248
50 161 107.280 0.172
50 162 113.940 0.163
50 163 122.460 0.164
50 164 129.330 0.145
50 165 137.910 0.145
50 166 144.770 0.108
50 167 153.390 0.108
50 168 160.550 0.108
50 169 169.280 0.089
51 97 -12.310 0.053
51 98 -20.220 0.053
51 99 -30.290 0.053
51 100 -37.330 0.053
51 101 -46.600 0.035
51 102 -50.660 0.054
51 103 -56.490 0.054
51 104 -59.350 0.081
51 105 -63.920 0.081
51 106 -66.330 0.099
51 107 -70.320 0.098
51 108 -72.140 0.107
51 109 -75.680 0.107
51 110 -77.080 0.107
51 111 -80.070 0.107
51 112 -80.920 0.107
51 113 -83.520 0.107
51 114 -83.940 -0.112
51 115 -86.250 -0.112
51 116 -86.320 -0.122
51 117 -88.250 -0.122
51 118 -87.900 -0.138
51 119 -89.340 -0.122
51 120 -88.550 -0.122
51 121 -89.610 -0.113
51 122 -88.410 -0.113
51 123 -89.180 -0.105
51 124 -87.710 -0.105
51 125 -88.260 -0.087
51 126 -86.450 -0.096
51 127 -86.850 -0.070
51 128 -84.850 -0.070
51 129 -85.120 -0.035
51 130 -82.830 -0.044
51 131 -82.640 -0.008
51 132 -80.120 -0.026
51 133 -78.970 -0.008
51 134 -74.290 -0.026
51 135 -70.440 -0.008
51 136 -64.920 0.036
51 137 -60.690 0.054
51 138 -54.090 0.100
51 139 -49.880 0.099
51 140 -43.730 0.116
51 141 -39.250 0.126
51 142 -32.360 0.181
51 143 -27.860 0.189
51 144 -21.640 0.207
51 145 -16.910 0.207
51 146 -10.610 0.215
51 147 -5.620 0.215
51 148 1.010 0.234
51 149 6.280 0.234
51 150 12.990 0.243
51 151 18.510 0.243
51 152 25.410 0.253
51 153 31.190 0.253
51 154 38.380 0.274
51 155 44.580 0.274
51 156 52.090 0.266
51 157 58.440 0.256
51 158 66.180 0.256
51 159 72.770 0.267
51 160 80.480 0.257
51 161 87.150 0.257
51 162 95.160 0.182
51 163 101.880 0.163
51 164 109.920 0.163
51 165 116.680 0.163
51 166 124.860 0.155
51 167 131.610 0.127
51 168 139.890 0.117
51 169 147.020 0.108
51 170 155.590 -0.131
51 171 163.200 -0.122
51 172 171.460 -0.105
52 99 -10.020 0.053
52 100 -21.090 0.035
52 101 -27.920 0.053
52 102 -38.030 0.026
52 103 -42.420 0.053
52 104 -49.330 0.045
52 105 -52.260 0.053
52 106 -57.940 0.099
52 107 -60.360 0.134
52 108 -65.250 0.134
52 109 -67.260 0.142
52 110 -71.540 0.152
52 111 -73.040 0.161
52 112 -76.800 0.161
52 113 -77.930 0.170
52 114 -81.150 0.161
52 115 -81.950 0.197
52 116 -84.720 0.180
52 117 -84.610 -0.147
52 118 -87.180 -0.147
52 119 -86.970 -0.155
52 120 -89.070 -0.156
52 121 -88.430 -0.156
52 122 -90.010 -0.139
52 123 -88.920 -0.139
52 124 -90.290 -0.113
52 125 -88.870 -0.113
52 126 -89.960 -0.105
52 127 -88.250 -0.104
52 128 -89.230 0.000
52 129 -87.540 -0.008
52 130 -88.030 0.000
52 131 -85.900 0.000
52 132 -86.260 0.000
52 133 -83.860 0.008
52 134 -83.300 0.000
52 135 -78.630 -0.008
52 136 -75.500 0.000
52 137 -69.960 0.008
52 138 -66.310 0.000
52 139 -59.970 0.117
52 140 -56.230 0.126
52 141 -50.110 0.153
52 142 -46.360 0.162
52 143 -40.390 0.181
52 144 -36.510 0.189
52 145 -30.430 0.207
52 146 -26.210 0.207
52 147 -19.970 0.215
52 148 -15.500 0.215
52 149 -9.020 0.224
52 150 -4.240 0.224
52 151 2.490 0.234
52 152 7.530 0.234
52 153 14.370 0.244
52 154 19.620 0.244
52 155 26.660 0.265
52 156 32.410 0.275
52 157 39.930 0.266
52 158 45.850 0.256
52 159 53.570 0.256
52 160 59.710 0.267
52 161 67.450 0.257
52 162 73.690 0.258
52 163 81.560 0.249
52 164 87.910 0.191
52 165 96.070 0.182
52 166 102.400 0.163
52 167 110.500 0.164
52 168 117.150 0.145
52 169 125.080 0.127
52 170 131.850 0.117
52 171 140.560 -0.148
52 172 147.230 -0.139
52 173 155.800 -0.105
52 174 162.510 -0.087
52 175 170.640 -0.070
52 176 177.490 -0.052
53 101 -8.070 0.062
53 102 -15.830 0.062
53 103 -25.600 0.045
53 104 -31.230 0.072
53 105 -38.440 0.089
53 106 -42.450 0.134
53 107 -48.520 0.142
53 108 -51.950 0.152
53 109 -57.010 0.160
53 110 -59.870 0.161
53 111 -64.310 0.161
53 112 -66.690 0.179
53 113 -70.550 0.179
53 114 -72.530 0.207
53 115 -75.850 0.197
53 116 -77.280 0.216
53 117 -80.160 0.207
53 118 -81.060 0.226
53 119 -83.520 0.217
53 120 -83.970 0.226
53 121 -85.780 -0.173
53 122 -85.760 -0.181
53 123 -87.400 -0.164
53 124 -86.900 -0.164
53 125 -88.200 -0.156
53 126 -87.410 0.153
53 127 -88.410 -0.130
53 128 -87.380 -0.122
53 129 -88.190 -0.113
53 130 -86.880 -0.104
53 131 -87.550 -0.079
53 132 -86.080 -0.070
53 133 -86.570 0.008
53 134 -84.680 0.027
53 135 -84.280 0.000
53 136 -80.210 0.027
53 137 -77.150 0.008
53 138 -71.500 0.100
53 139 -68.250 0.108
53 140 -63.150 0.126
53 141 -59.690 0.135
53 142 -54.350 0.163
53 143 -50.770 0.161
53 144 -45.370 0.189
53 145 -41.550 0.209
53 146 -36.140 0.217
53 147 -31.970 0.216
53 148 -26.300 0.216
53 149 -21.910 0.224
53 150 -15.910 0.233
53 151 -11.240 0.234
53 152 -5.160 0.243
53 153 -0.180 0.234
53 154 6.120 0.244
53 155 11.340 0.245
53 156 17.780 0.265
53 157 23.470 0.266
53 158 30.540 0.256
53 159 36.410 0.256
53 160 43.630 0.256
53 161 49.670 0.257
53 162 57.010 0.258
53 163 63.160 0.248
53 164 70.680 0.249
53 165 77.160 0.190
53 166 84.810 0.191
53 167 91.250 0.172
53 168 98.830 0.164
53 169 105.500 0.154
53 170 113.350 0.145
53 171 119.750 0.126
53 172 128.000 -0.156
53 173 134.850 -0.148
53 174 142.970 -0.122
53 175 149.800 -0.105
53 176 157.410 -0.079
53 177 164.260 -0.061
53 178 172.080 -0.035
53 179 179.340 0.018
54 103 -5.290 0.062
54 104 -15.870 0.045
54 105 -21.520 0.089
54 106 -29.500 0.116
54 107 -34.240 0.142
54 108 -41.380 0.152
54 109 -45.020 0.160
54 110 -50.910 0.169
54 111 -53.860 0.188
54 112 -59.200 0.188
54 113 -61.760 0.215
54 114 -66.460 0.216
54 115 -68.540 0.243
54 116 -72.610 0.235
54 117 -74.070 0.253
54 118 -77.670 0.244
54 119 -78.660 0.254
54 120 -81.790 0.245
54 121 -82.300 0.265
54 122 -84.950 0.236
54 123 -85.040 0.255
54 124 -87.100 0.208
54 125 -86.770 0.209
54 126 -88.420 0.170
54 127 -87.650 0.161
54 128 -89.080 0.143
54 129 -88.020 0.143
54 130 -89.240 -0.113
54 131 -87.980 -0.113
54 132 -89.200 0.000
54 133 -87.920 -0.018
54 134 -88.750 0.000
54 135 -86.990 0.027
54 136 -87.160 0.000
54 137 -83.230 -0.018
54 138 -80.610 0.000
54 139 -75.520 0.100
54 140 -72.750 0.116
54 141 -67.980 0.135
54 142 -65.220 0.145
54 143 -60.190 0.164
54 144 -57.050 0.181
54 145 -51.750 0.207
54 146 -48.660 0.218
54 147 -43.390 0.226
54 148 -39.790 0.224
54 149 -34.150 0.234
54 150 -30.240 0.242
54 151 -24.430 0.242
54 152 -20.260 0.251
54 153 -14.270 0.252
54 154 -9.910 0.252
54 155 -3.760 0.263
54 156 0.920 0.264
54 157 7.480 0.275
54 158 12.690 0.275
54 159 19.700 0.266
54 160 25.140 0.256
54 161 32.320 0.257
54 162 37.900 0.257
54 163 45.230 0.258
54 164 50.990 0.249
54 165 58.500 0.249
54 166 64.390 0.210
54 167 72.070 0.200
54 168 78.240 0.182
54 169 85.940 0.183
54 170 92.010 0.164
54 171 100.010 0.155
54 172 106.280 0.136
54 173 114.250 -0.156
54 174 120.750 -0.156
54 175 128.770 -0.122
54 176 135.080 -0.096
54 177 142.860 -0.079
54 178 149.350 -0.061
54 179 157.030 -0.026
54 180 164.040 0.018
54 181 174.400 0.035
54 182 183.490 0.054
55 106 -9.410 0.107
55 107 -17.670 0.142
55 108 -23.330 0.161
55 109 -30.690 0.160
55 110 -35.750 0.182
55 111 -42.190 0.190
55 112 -45.810 0.208
55 113 -51.160 0.207
55 114 -54.420 0.252
55 115 -59.480 0.252
55 116 -62.190 0.271
55 117 -66.420 0.262
55 118 -68.530 0.263
55 119 -72.200 0.253
55 120 -73.860 0.263
55 121 -77.100 0.254
55 122 -78.300 0.265
55 123 -80.980 0.245
55 124 -81.730 0.256
55 125 -83.720 0.218
55 126 -83.980 0.218
55 127 -85.680 0.189
55 128 -85.480 0.181
55 129 -86.880 0.162
55 130 -86.380 0.162
55 131 -87.430 0.143
55 132 -86.600 0.126
55 133 -87.670 -0.105
55 134 -86.750 -0.104
55 135 -87.950 0.000
55 136 -86.810 0.035
55 137 -87.030 0.000
55 138 -83.750 0.027
55 139 -81.110 0.000
55 140 -76.570 0.116
55 141 -74.210 0.126
55 142 -70.260 0.145
55 143 -67.600 0.164
55 144 -63.320 0.173
55 145 -60.280 0.190
55 146 -55.510 0.217
55 147 -52.510 0.227
55 148 -47.800 0.236
55 149 -44.230 0.235
55 150 -39.190 0.244
55 151 -35.350 0.244
55 152 -30.170 0.251
55 153 -26.100 0.251
55 154 -20.610 0.262
55 155 -16.370 0.262
55 156 -10.760 0.263
55 157 -6.150 0.265
55 158 -0.090 0.275
55 159 5.070 0.266
55 160 11.660 0.267
55 161 16.990 0.256
55 162 23.720 0.257
55 163 29.270 0.258
55 164 36.170 0.258
55 165 41.910 0.249
55 166 48.990 0.249
55 167 54.790 0.220
55 168 62.080 0.211
55 169 68.180 0.201
55 170 75.500 0.192
55 171 81.680 0.173
55 172 89.030 0.155
55 173 95.350 0.136
55 174 102.740 0.117
55 175 109.590 -0.156
55 176 117.180 -0.122
55 177 123.500 -0.096
55 178 130.820 -0.079
55 179 137.280 -0.061
55 180 144.600 0.027
55 181 151.480 0.018
55 182 161.460 0.035
55 183 170.380 0.045
55 184 180.690 0.062
55 185 189.700 0.073
56 108 -7.990 0.152
56 109 -13.810 0.169
56 110 -22.220 0.180
56 111 -27.530 0.199
56 112 -34.700 0.207
56 113 -38.580 0.224
56 114 -44.940 0.243
56 115 -48.500 0.271
56 116 -54.380 0.280
56 117 -57.230 0.290
56 118 -62.130 0.290
56 119 -64.360 0.291
56 120 -68.680 0.281
56 121 -70.410 0.292
56 122 -74.310 0.273
56 123 -75.600 0.274
56 124 -78.940 0.274
56 125 -79.750 0.275
56 126 -82.490 0.256
56 127 -82.750 0.247
56 128 -84.900 0.218
56 129 -84.750 0.209
56 130 -86.570 0.171
56 131 -86.070 0.162
56 132 -87.630 0.143
56 133 -86.800 0.126
56 134 -88.380 -0.113
56 135 -87.450 -0.113
56 136 -89.180 0.000
56 137 -88.090 0.035
56 138 -88.920 0.000
56 139 -85.600 -0.026
56 140 -83.760 0.000
56 141 -79.290 0.116
56 142 -77.600 0.135
56 143 -73.830 0.155
56 144 -71.920 0.164
56 145 -67.670 0.183
56 146 -65.200 0.199
56 147 -60.740 0.216
56 148 -58.300 0.236
56 149 -53.780 0.244
56 150 -50.820 0.243
56 151 -45.940 0.251
56 152 -42.600 0.261
56 153 -37.440 0.261
56 154 -33.900 0.261
56 155 -28.510 0.271
56 156 -24.740 0.271
56 157 -19.210 0.272
56 158 -15.160 0.274
56 159 -9.100 0.275
56 160 -4.450 0.275
56 161 2.060 0.275
56 162 6.950 0.267
56 163 13.660 0.268
56 164 18.780 0.268
56 165 25.620 0.258
56 166 30.960 0.258
56 167 38.010 0.249
56 168 43.450 0.240
56 169 50.540 0.220
56 170 56.290 0.201
56 171 63.620 0.192
56 172 69.400 0.183
56 173 76.640 0.164
56 174 82.690 0.145
56 175 90.110 0.126
56 176 96.610 -0.156
56 177 104.030 -0.131
56 178 110.130 -0.096
56 179 117.450 -0.079
56 180 123.510 -0.061
56 181 130.710 -0.018
56 182 137.380 0.018
56 183 147.290 0.035
56 184 155.590 0.035
56 185 165.930 0.054
56 186 174.640 0.063
56 187 184.200 0.101
56 188 192.490 0.109
56 189 201.880 0.137
57 110 -2.100 0.198
57 111 -10.610 0.208
57 112 -16.450 0.215
57 113 -24.340 0.236
57 114 -29.400 0.253
57 115 -36.140 0.271
57 116 -40.530 0.280
57 117 -46.590 0.290
57 118 -50.100 0.298
57 119 -55.150 0.299
57 120 -57.920 0.309
57 121 -62.310 0.300
57 122 -64.680 0.301
57 123 -68.640 0.292
57 124 -70.500 0.293
57 125 -73.890 0.283
57 126 -75.270 0.284
57 127 -78.020 0.275
57 128 -78.840 0.266
57 129 -81.000 0.226
57 130 -81.380 0.218
57 131 -83.210 0.190
57 132 -83.240 0.171
57 133 -84.840 0.162
57 134 -84.570 0.144
57 135 -85.970 0.107
57 136 -85.580 -0.122
57 137 -87.390 0.000
57 138 -86.840 0.045
57 139 -87.780 0.000
57 140 -84.920 -0.035
57 141 -83.260 0.000
57 142 -79.310 0.134
57 143 -77.870 0.154
57 144 -74.780 0.164
57 145 -73.050 0.173
57 146 -69.240 0.199
57 147 -66.980 0.217
57 148 -63.410 0.225
57 149 -61.120 0.244
57 150 -57.230 0.244
57 151 -54.360 0.252
57 152 -50.010 0.261
57 153 -46.780 0.261
57 154 -42.140 0.270
57 155 -38.630 0.270
57 156 -33.720 0.271
57 157 -30.010 0.271
57 158 -24.980 0.272
57 159 -21.020 0.283
57 160 -15.380 0.274
57 161 -10.770 0.274
57 162 -4.700 0.275
57 163 0.180 0.275
57 164 6.410 0.267
57 165 11.510 0.267
57 166 17.980 0.268
57 167 23.250 0.258
57 168 29.790 0.249
57 169 35.200 0.240
57 170 41.810 0.221
57 171 47.530 0.212
57 172 54.420 0.201
57 173 60.190 0.183
57 174 67.000 0.164
57 175 73.030 0.145
57 176 80.050 0.127
57 177 86.750 -0.164
57 178 93.620 -0.131
57 179 99.690 -0.096
57 180 106.520 -0.070
57 181 112.620 -0.061
57 182 119.490 -0.026
57 183 126.040 0.018
57 184 135.320 0.027
57 185 143.790 0.035
57 186 153.730 0.054
57 187 162.310 0.063
57 188 171.380 0.101
57 189 179.700 0.109
57 190 188.780 0.146
57 191 197.280 0.165
57 192 206.600 0.174
58 113 -7.190 0.234
58 114 -15.560 0.262
58 115 -21.220 0.271
58 116 -29.210 0.279
58 117 -33.800 0.298
58 118 -40.570 0.307
58 119 -44.270 0.307
58 120 -50.010 0.308
58 121 -52.950 0.319
58 122 -57.990 0.309
58 123 -60.410 0.310
58 124 -64.930 0.301
58 125 -66.870 0.302
58 126 -70.820 0.293
58 127 -72.240 0.294
58 128 -75.540 0.275
58 129 -76.390 0.275
58 130 -79.170 0.246
58 131 -79.430 0.218
58 132 -81.890 0.199
58 133 -81.960 0.181
58 134 -84.020 0.162
58 135 -83.760 0.144
58 136 -85.670 0.107
58 137 -85.320 -0.122
58 138 -87.620 0.000
58 139 -87.150 0.045
58 140 -88.680 0.000
58 141 -85.880 -0.035
58 142 -84.780 0.000
58 143 -81.040 0.134
58 144 -80.230 0.144
58 145 -77.190 0.163
58 146 -76.000 0.182
58 147 -72.330 0.208
58 148 -70.830 0.216
58 149 -67.490 0.235
58 150 -65.800 0.252
58 151 -62.050 0.252
58 152 -59.780 0.261
58 153 -55.560 0.270
58 154 -52.900 0.270
58 155 -48.380 0.270
58 156 -45.400 0.270
58 157 -40.550 0.271
58 158 -37.290 0.271
58 159 -32.320 0.281
58 160 -28.700 0.282
58 161 -23.230 0.283
58 162 -19.010 0.274
58 163 -13.040 0.275
58 164 -8.620 0.275
58 165 -2.430 0.276
58 166 2.230 0.276
58 167 8.610 0.268
58 168 13.430 0.258
58 169 20.030 0.258
58 170 25.000 0.249
58 171 31.560 0.230
58 172 36.820 0.211
58 173 43.720 0.202
58 174 49.070 0.183
58 175 55.930 0.164
58 176 61.530 0.155
58 177 68.900 0.135
58 178 74.940 -0.164
58 179 81.870 -0.130
58 180 87.480 -0.096
58 181 94.390 -0.079
58 182 99.940 -0.052
58 183 106.820 -0.018
58 184 112.900 0.008
58 185 122.330 -0.026
58 186 130.130 -0.018
58 187 140.240 0.054
58 188 148.270 0.055
58 189 157.280 0.101
58 190 165.150 0.109
58 191 174.310 0.146
58 192 182.800 0.164
58 193 191.680 0.174
58 194 199.330 0.192
58 195 208.780 0.200
59 115 -4.410 0.270
59 116 -10.870 0.279
59 117 -19.110 0.289
59 118 -24.690 0.298
59 119 -31.870 0.307
59 120 -36.330 0.317
59 121 -42.190 0.318
59 122 -45.750 0.319
59 123 -50.830 0.319
59 124 -53.850 0.320
59 125 -58.420 0.310
59 126 -60.930 0.310
59 127 -64.940 0.311
59 128 -66.900 0.303
59 129 -70.280 0.293
59 130 -71.620 0.283
59 131 -74.360 0.274
59 132 -75.260 0.237
59 133 -77.640 0.218
59 134 -78.100 0.190
59 135 -80.130 0.162
59 136 -80.460 0.154
59 137 -82.350 0.116
59 138 -82.540 -0.130
59 139 -84.830 0.000
59 140 -84.880 0.053
59 141 -86.530 0.000
59 142 -84.300 -0.035
59 143 -83.280 0.000
59 144 -80.250 0.143
59 145 -79.410 0.162
59 146 -76.970 0.181
59 147 -75.790 0.209
59 148 -72.980 0.215
59 149 -71.860 0.224
59 150 -69.090 0.243
59 151 -67.470 0.262
59 152 -64.310 0.262
59 153 -62.170 0.270
59 154 -58.510 0.270
59 155 -55.930 0.270
59 156 -51.910 0.270
59 157 -48.990 0.270
59 158 -44.640 0.271
59 159 -41.530 0.280
59 160 -36.930 0.281
59 161 -33.350 0.281
59 162 -28.360 0.282
59 163 -24.300 0.283
59 164 -18.680 0.274
59 165 -14.340 0.274
59 166 -8.580 0.275
59 167 -3.950 0.276
59 168 2.040 0.277
59 169 6.850 0.268
59 170 13.000 0.258
59 171 17.960 0.249
59 172 24.180 0.240
59 173 29.230 0.212
59 174 35.700 0.202
59 175 41.050 0.183
59 176 47.500 0.164
59 177 53.070 0.155
59 178 60.010 0.136
59 179 66.040 -0.173
59 180 72.600 -0.139
59 181 78.280 -0.105
59 182 84.660 -0.079
59 183 90.220 -0.061
59 184 96.720 -0.026
59 185 102.750 0.008
59 186 111.730 -0.026
59 187 119.620 -0.026
59 188 129.220 0.054
59 189 137.070 0.056
59 190 145.580 0.101
59 191 153.460 0.118
59 192 162.710 0.165
59 193 170.700 0.173
59 194 179.170 0.183
59 195 186.870 0.200
59 196 195.760 0.209
59 197 203.760 0.208
59 198 212.890 0.216
60 118 -10.690 0.307
60 119 -16.660 0.318
60 120 -24.830 0.327
60 121 -29.400 0.327
60 122 -35.900 0.327
60 123 -39.560 0.328
60 124 -45.300 0.328
60 125 -48.360 0.329
60 126 -53.540 0.329
60 127 -56.130 0.321
60 128 -60.750 0.321
60 129 -62.800 0.322
60 130 -66.760 0.311
60 131 -68.170 0.303
60 132 -71.490 0.293
60 133 -72.200 0.237
60 134 -75.130 0.218
60 135 -75.730 0.199
60 136 -78.320 0.171
60 137 -78.620 0.154
60 138 -81.010 -0.138
60 139 -81.300 -0.130
60 140 -84.100 0.000
60 141 -84.290 0.045
60 142 -86.480 0.000
60 143 -84.330 -0.035
60 144 -83.820 0.000
60 145 -80.850 0.134
60 146 -80.520 0.161
60 147 -78.220 0.181
60 148 -77.710 0.206
60 149 -75.160 0.215
60 150 -74.700 0.243
60 151 -72.020 0.252
60 152 -71.020 0.262
60 153 -67.890 0.270
60 154 -66.400 0.270
60 155 -62.800 0.279
60 156 -60.820 0.279
60 157 -56.900 0.279
60 158 -54.540 0.279
60 159 -50.280 0.280
60 160 -47.660 0.290
60 161 -43.190 0.291
60 162 -40.190 0.300
60 163 -35.200 0.302
60 164 -31.540 0.293
60 165 -25.930 0.283
60 166 -21.930 0.275
60 167 -16.240 0.275
60 168 -12.080 0.276
60 169 -6.120 0.277
60 170 -1.750 0.268
60 171 4.340 0.258
60 172 8.840 0.249
60 173 15.040 0.240
60 174 19.680 0.221
60 175 26.150 0.212
60 176 31.070 0.192
60 177 37.700 0.173
60 178 42.760 0.155
60 179 50.260 -0.182
60 180 55.310 -0.174
60 181 61.950 -0.148
60 182 67.170 -0.105
60 183 73.550 -0.079
60 184 78.660 -0.061
60 185 85.130 -0.018
60 186 90.810 0.008
60 187 99.770 -0.026
60 188 107.120 -0.018
60 189 116.690 0.055
60 190 124.060 0.056
60 191 132.730 0.102
60 192 140.250 0.118
60 193 149.410 0.164
60 194 156.900 0.182
60 195 165.550 0.199
60 196 172.750 0.210
60 197 181.490 0.209
60 198 189.060 0.217
60 199 198.120 0.216
60 200 205.850 0.216
60 201 215.010 0.225
61 120 -5.910 0.327
61 121 -14.240 0.327
61 122 -19.750 0.327
61 123 -26.630 0.327
61 124 -30.930 0.328
61 125 -36.770 0.328
61 126 -40.490 0.329
61 127 -45.730 0.329
61 128 -48.910 0.330
61 129 -53.600 0.330
61 130 -56.270 0.331
61 131 -60.300 0.330
61 132 -62.370 0.331
61 133 -65.720 0.321
61 134 -67.060 0.321
61 135 -69.880 0.310
61 136 -71.070 0.218
61 137 -73.610 0.190
61 138 -74.290 0.162
61 139 -76.710 -0.148
61 140 -77.480 -0.147
61 141 -80.310 0.000
61 142 -81.010 0.045
61 143 -83.330 0.000
61 144 -81.750 -0.035
61 145 -81.310 0.000
61 146 -78.920 0.153
61 147 -78.780 0.161
61 148 -77.100 0.189
61 149 -76.770 0.216
61 150 -74.780 0.224
61 151 -74.420 0.251
61 152 -72.290 0.261
61 153 -71.400 0.270
61 154 -68.870 0.270
61 155 -67.470 0.279
61 156 -64.440 0.279
61 157 -62.610 0.289
61 158 -59.240 0.289
61 159 -57.020 0.290
61 160 -53.310 0.290
61 161 -50.770 0.299
61 162 -46.780 0.300
61 163 -43.860 0.310
61 164 -39.340 0.302
61 165 -35.760 0.302
61 166 -30.610 0.293
61 167 -26.650 0.283
61 168 -21.280 0.275
61 169 -17.190 0.276
61 170 -11.700 0.276
61 171 -7.320 0.277
61 172 -1.600 0.268
61 173 2.890 0.258
61 174 8.660 0.249
61 175 13.280 0.220
61 176 19.330 0.212
61 177 24.220 0.201
61 178 30.490 0.173
61 179 35.470 0.163
61 180 42.490 -0.190
61 181 47.540 -0.182
61 182 53.710 -0.148
61 183 59.000 -0.105
61 184 65.050 -0.087
61 185 70.050 -0.061
61 186 76.100 -0.018
61 187 81.760 0.008
61 188 90.310 -0.026
61 189 97.640 0.018
61 190 106.530 0.055
61 191 113.820 0.065
61 192 122.340 0.110
61 193 129.780 0.118
61 194 138.620 0.164
61 195 145.940 0.173
61 196 154.040 0.191
61 197 161.310 0.210
61 198 169.650 0.209
61 199 177.200 0.217
61 200 185.840 0.217
61 201 193.520 0.225
61 202 202.320 0.224
61 203 209.860 0.234
61 204 218.650 0.233
61 205 226.490 0.242
62 123 -11.090 0.337
62 124 -18.860 0.337
62 125 -23.290 0.338
62 126 -29.690 0.329
62 127 -33.540 0.330
62 128 -39.440 0.330
62 129 -42.680 0.331
62 130 -48.050 0.331
62 131 -50.770 0.332
62 132 -55.560 0.323
62 133 -57.620 0.323
62 134 -61.590 0.312
62 135 -63.070 0.303
62 136 -66.520 0.237
62 137 -67.740 0.218
62 138 -70.830 0.190
62 139 -71.550 0.163
62 140 -74.510 -0.148
62 141 -75.340 -0.147
62 142 -78.660 0.000
62 143 -79.440 -0.053
62 144 -82.320 0.000
62 145 -80.790 -0.035
62 146 -80.900 0.000
62 147 -78.620 0.143
62 148 -78.940 0.161
62 149 -77.220 0.180
62 150 -77.470 0.206
62 151 -75.500 0.215
62 152 -75.770 0.243
62 153 -73.720 0.261
62 154 -73.380 0.270
62 155 -70.900 0.270
62 156 -70.090 0.279
62 157 -67.130 0.279
62 158 -65.820 0.279
62 159 -62.620 0.290
62 160 -60.950 0.290
62 161 -57.380 0.300
62 162 -55.360 0.300
62 163 -51.450 0.301
62 164 -49.050 0.302
62 165 -44.580 0.303
62 166 -41.380 0.294
62 167 -36.320 0.284
62 168 -32.980 0.284
62 169 -27.770 0.276
62 170 -24.170 0.276
62 171 -18.730 0.277
62 172 -14.830 0.277
62 173 -9.190 0.268
62 174 -5.150 0.258
62 175 0.590 0.249
62 176 4.760 0.230
62 177 10.770 0.220
62 178 15.330 0.201
62 179 21.650 0.173
62 180 26.210 0.163
62 181 33.190 -0.190
62 182 37.810 -0.182
62 183 44.060 -0.156
62 184 48.880 -0.113
62 185 54.940 -0.087
62 186 59.570 -0.061
62 187 65.650 -0.018
62 188 70.900 0.008
62 189 79.420 -0.026
62 190 86.320 -0.018
62 191 95.180 0.056
62 192 102.040 0.065
62 193 110.640 0.110
62 194 117.720 0.118
62 195 126.420 0.155
62 196 133.390 0.164
62 197 141.420 0.183
62 198 148.210 0.200
62 199 156.660 0.209
62 200 163.800 0.217
62 201 172.340 0.217
62 202 179.750 0.216
62 203 188.410 0.224
62 204 195.920 0.224
62 205 204.270 0.234
62 206 211.710 0.242
62 207 220.340 0.251
62 208 228.050 0.251
63 125 -7.590 0.338
63 126 -12.810 0.329
63 127 -19.700 0.330
63 128 -24.240 0.330
63 129 -30.300 0.331
63 130 -34.220 0.331
63 131 -39.750 0.331
63 132 -43.160 0.332
63 133 -48.030 0.323
63 134 -50.660 0.323
63 135 -54.730 0.323
63 136 -56.740 0.312
63 137 -60.230 0.303
63 138 -62.010 0.218
63 139 -65.270 0.209
63 140 -66.400 0.171
63 141 -69.300 -0.156
63 142 -70.650 -0.156
63 143 -73.960 0.000
63 144 -75.190 -0.061
63 145 -78.190 0.000
63 146 -77.110 -0.044
63 147 -77.410 0.000
63 148 -75.780 0.153
63 149 -76.290 0.170
63 150 -75.080 0.188
63 151 -75.420 0.215
63 152 -74.030 0.224
63 153 -74.280 0.252
63 154 -72.710 0.262
63 155 -72.460 0.270
63 156 -70.470 0.270
63 157 -69.700 0.270
63 158 -67.340 0.279
63 159 -66.150 0.280
63 160 -63.480 0.290
63 161 -61.950 0.290
63 162 -58.870 0.300
63 163 -56.950 0.301
63 164 -53.560 0.302
63 165 -51.250 0.302
63 166 -47.340 0.303
63 167 -44.370 0.303
63 168 -39.870 0.294
63 169 -36.460 0.284
63 170 -31.730 0.276
63 171 -28.210 0.276
63 172 -23.220 0.277
63 173 -19.350 0.277
63 174 -14.110 0.277
63 175 -10.050 0.268
63 176 -4.740 0.258
63 177 -0.560 0.240
63 178 4.970 0.220
63 179 9.510 0.211
63 180 15.380 0.183
63 181 20.000 0.163
63 182 26.420 -0.190
63 183 31.000 -0.182
63 184 36.860 -0.156
63 185 41.710 -0.122
63 186 47.390 -0.096
63 187 52.110 -0.070
63 188 57.690 -0.018
63 189 62.910 0.008
63 190 71.030 -0.026
63 191 77.920 -0.018
63 192 86.180 0.056
63 193 93.000 0.075
63 194 101.430 0.110
63 195 108.400 0.118
63 196 116.710 0.155
63 197 123.550 0.164
63 198 131.240 0.183
63 199 138.070 0.200
63 200 146.060 0.209
63 201 153.180 0.217
63 202 161.380 0.216
63 203 168.630 0.224
63 204 176.910 0.224
63 205 184.010 0.234
63 206 192.370 0.234
63 207 199.790 0.243
63 208 208.000 0.251
63 209 215.570 0.251
63 210 224.440 0.252
63 211 232.480 0.252
64 128 -11.350 0.331
64 129 -16.060 0.331
64 130 -22.810 0.331
64 131 -26.880 0.332
64 132 -33.150 0.323
64 133 -36.680 0.324
64 134 -42.200 0.324
64 135 -44.940 0.313
64 136 -49.600 0.304
64 137 -51.710 0.295
64 138 -55.990 0.256
64 139 -57.680 0.219
64 140 -61.560 0.210
64 141 -62.030 -0.164
64 142 -66.210 -0.156
64 143 -67.640 -0.156
64 144 -71.330 0.000
64 145 -72.780 -0.053
64 146 -76.250 0.000
64 147 -75.240 -0.044
64 148 -76.070 0.000
64 149 -74.490 0.134
64 150 -75.430 0.161
64 151 -74.220 0.179
64 152 -75.100 0.207
64 153 -73.680 0.215
64 154 -74.460 0.243
64 155 -72.920 0.252
64 156 -73.180 0.271
64 157 -71.240 0.271
64 158 -71.020 0.271
64 159 -68.740 0.280
64 160 -68.120 0.280
64 161 -65.500 0.290
64 162 -64.510 0.291
64 163 -61.540 0.301
64 164 -60.180 0.301
64 165 -56.870 0.302
64 166 -55.030 0.303
64 167 -51.240 0.304
64 168 -48.790 0.294
64 169 -44.400 0.284
64 170 -41.710 0.285
64 171 -37.120 0.276
64 172 -34.100 0.277
64 173 -29.190 0.277
64 174 -25.830 0.277
64 175 -20.640 0.277
64 176 -17.050 0.268
64 177 -11.760 0.259
64 178 -8.000 0.240
64 179 -2.460 0.220
64 180 1.670 0.211
64 181 7.490 0.192
64 182 11.800 0.163
64 183 18.130 -0.190
64 184 22.270 -0.182
64 185 28.150 -0.156
64 186 32.600 -0.122
64 187 38.320 -0.096
64 188 42.680 -0.070
64 189 48.260 -0.018
64 190 53.090 0.008
64 191 61.180 -0.026
64 192 67.640 -0.018
64 193 75.960 0.056
64 194 82.400 0.075
64 195 90.760 0.110
64 196 97.330 0.118
64 197 105.500 0.145
64 198 112.080 0.164
64 199 119.790 0.173
64 200 126.150 0.191
64 201 134.180 0.199
64 202 140.880 0.217
64 203 149.050 0.216
64 204 155.870 0.224
64 205 164.120 0.224
64 206 170.890 0.234
64 207 179.210 0.234
64 208 186.130 0.243
64 209 194.480 0.251
64 210 201.740 0.252
64 211 210.420 0.262
64 212 218.040 0.262
64 213 227.250 0.263
64 214 235.170 0.264
65 130 -5.600 0.332
65 131 -12.750 0.332
65 132 -17.520 0.333
65 133 -23.890 0.333
65 134 -28.110 0.325
65 135 -33.760 0.325
65 136 -37.110 0.314
65 137 -41.800 0.314
65 138 -44.470 0.304
65 139 -48.650 0.294
65 140 -51.140 0.228
65 141 -54.990 0.219
65 142 -55.960 -0.182
65 143 -60.090 -0.164
65 144 -62.050 -0.156
65 145 -65.740 -0.148
65 146 -67.500 -0.070
65 147 -71.180 -0.008
65 148 -70.560 -0.052
65 149 -71.590 -0.044
65 150 -70.670 0.143
65 151 -71.760 0.161
65 152 -71.130 0.188
65 153 -72.060 0.216
65 154 -71.160 0.216
65 155 -71.970 0.243
65 156 -70.920 0.252
65 157 -71.210 0.271
65 158 -69.770 0.271
65 159 -69.640 0.271
65 160 -67.830 0.271
65 161 -67.350 0.281
65 162 -65.210 0.281
65 163 -64.400 0.292
65 164 -61.920 0.292
65 165 -60.630 0.293
65 166 -57.820 0.303
65 167 -56.130 0.304
65 168 -52.840 0.304
65 169 -50.530 0.295
65 170 -46.720 0.284
65 171 -44.130 0.285
65 172 -40.030 0.276
65 173 -37.080 0.277
65 174 -32.660 0.277
65 175 -29.330 0.277
65 176 -24.560 0.277
65 177 -20.920 0.277
65 178 -16.170 0.258
65 179 -12.390 0.249
65 180 -7.330 0.229
65 181 -3.190 0.220
65 182 2.260 0.192
65 183 6.590 0.163
65 184 12.410 -0.199
65 185 16.520 -0.190
65 186 21.960 -0.156
65 187 26.430 -0.130
65 188 31.850 -0.105
65 189 36.200 -0.078
65 190 41.570 -0.035
65 191 46.170 0.009
65 192 53.980 -0.035
65 193 60.470 -0.035
65 194 68.280 0.056
65 195 74.750 0.083
65 196 82.560 0.110
65 197 89.070 0.117
65 198 96.850 0.145
65 199 105.540 0.330
65 200 110.690 0.173
65 201 117.040 0.191
65 202 124.660 0.199
65 203 131.300 0.208
65 204 139.110 0.216
65 205 145.850 0.216
65 206 153.730 0.224
65 207 160.720 0.224
65 208 168.420 0.234
65 209 175.250 0.243
65 210 183.290 0.252
65 211 190.540 0.252
65 212 198.950 0.252
65 213 206.540 0.253
65 214 215.340 0.254
65 215 223.180 0.254
65 216 231.880 0.265
65 217 239.820 0.265
65 218 248.910 0.266
66 133 -9.380 0.324
66 134 -16.420 0.325
66 135 -20.710 0.326
66 136 -27.020 0.326
66 137 -30.480 0.305
66 138 -35.790 0.305
66 139 -38.620 0.286
66 140 -43.460 0.267
66 141 -45.830 0.228
66 142 -50.280 0.219
66 143 -51.270 -0.173
66 144 -56.030 -0.164
66 145 -58.060 -0.156
66 146 -62.210 0.000
66 147 -64.250 -0.061
66 148 -68.310 0.000
66 149 -67.960 -0.044
66 150 -69.430 0.000
66 151 -68.410 0.125
66 152 -69.930 0.153
66 153 -69.270 0.170
66 154 -70.720 0.207
66 155 -69.840 0.216
66 156 -71.110 0.235
66 157 -70.090 0.252
66 158 -70.910 0.262
66 159 -69.490 0.271
66 160 -69.900 0.272
66 161 -68.160 0.272
66 162 -68.240 0.281
66 163 -66.170 0.281
66 164 -65.910 0.292
66 165 -63.520 0.293
66 166 -62.780 0.293
66 167 -60.060 0.304
66 168 -58.900 0.304
66 169 -55.760 0.304
66 170 -53.960 0.295
66 171 -50.280 0.285
66 172 -48.220 0.286
66 173 -44.240 0.277
66 174 -41.850 0.278
66 175 -37.490 0.278
66 176 -34.670 0.278
66 177 -30.000 0.278
66 178 -26.920 0.269
66 179 -22.080 0.268
66 180 -18.770 0.249
66 181 -13.700 0.230
66 182 -10.010 0.220
66 183 -4.550 0.192
66 184 -0.640 0.164
66 185 5.130 -0.199
66 186 8.790 -0.190
66 187 14.270 -0.156
66 188 18.330 -0.131
66 189 23.730 -0.105
66 190 27.690 -0.078
66 191 32.980 -0.026
66 192 37.300 0.008
66 193 45.080 -0.035
66 194 50.950 -0.018
66 195 58.940 0.056
66 196 65.180 0.083
66 197 73.010 0.109
66 198 79.100 0.117
66 199 86.850 0.145
66 200 92.930 0.163
66 201 100.310 0.164
66 202 106.250 0.182
66 203 113.870 0.190
66 204 120.120 0.198
66 205 127.870 0.207
66 206 134.210 0.216
66 207 142.120 0.215
66 208 148.640 0.224
66 209 156.620 0.224
66 210 162.960 0.234
66 211 170.960 0.243
66 212 177.700 0.252
66 213 186.080 0.252
66 214 193.320 0.253
66 215 201.990 0.254
66 216 209.430 0.254
66 217 218.090 0.265
66 218 225.610 0.266
66 219 234.800 0.256
66 220 242.690 0.257
66 221 252.070 0.257
67 136 -11.270 0.326
67 137 -17.710 0.326
67 138 -21.750 0.316
67 139 -27.160 0.306
67 140 -30.520 0.297
67 141 -35.280 0.286
67 142 -38.430 0.248
67 143 -42.850 0.238
67 144 -44.240 -0.190
67 145 -48.990 -0.182
67 146 -51.570 -0.164
67 147 -55.760 -0.156
67 148 -58.000 -0.079
67 149 -62.170 -0.008
67 150 -62.240 -0.052
67 151 -63.960 -0.035
67 152 -63.640 0.126
67 153 -65.250 0.152
67 154 -65.080 0.170
67 155 -66.640 0.216
67 156 -66.290 0.216
67 157 -67.580 0.235
67 158 -67.030 0.253
67 159 -67.850 0.263
67 160 -66.980 0.272
67 161 -67.470 0.272
67 162 -66.260 0.272
67 163 -66.430 0.282
67 164 -64.890 0.282
67 165 -64.720 0.293
67 166 -62.880 0.293
67 167 -62.210 0.294
67 168 -60.020 0.304
67 169 -59.000 0.304
67 170 -56.340 0.305
67 171 -54.660 0.296
67 172 -51.530 0.285
67 173 -49.610 0.286
67 174 -46.190 0.287
67 175 -43.840 0.287
67 176 -39.950 0.278
67 177 -37.170 0.278
67 178 -32.970 0.278
67 179 -29.860 0.278
67 180 -25.500 0.268
67 181 -22.190 0.259
67 182 -17.560 0.240
67 183 -13.880 0.220
67 184 -8.900 0.201
67 185 -4.860 0.173
67 186 0.400 -0.199
67 187 4.020 -0.190
67 188 9.150 -0.165
67 189 13.160 -0.139
67 190 18.140 -0.105
67 191 22.100 -0.078
67 192 27.130 -0.035
67 193 31.350 0.008
67 194 38.710 -0.035
67 195 44.620 -0.026
67 196 52.390 0.064
67 197 58.510 0.082
67 198 65.850 0.108
67 199 71.880 0.117
67 200 79.230 0.144
67 201 85.220 0.163
67 202 92.220 0.164
67 203 98.170 0.182
67 204 105.380 0.190
67 205 111.590 0.198
67 206 118.960 0.207
67 207 125.270 0.216
67 208 132.770 0.215
67 209 139.370 0.215
67 210 146.870 0.224
67 211 153.220 0.234
67 212 160.840 0.243
67 213 167.700 0.243
67 214 175.620 0.253
67 215 182.730 0.254
67 216 190.970 0.254
67 217 198.310 0.255
67 218 206.550 0.266
67 219 214.010 0.266
67 220 222.690 0.267
67 221 230.640 0.257
67 222 239.600 0.257
67 223 247.630 0.258
67 224 256.620 0.258
68 138 -9.870 0.327
68 139 -14.060 0.317
68 140 -19.980 0.307
68 141 -23.500 0.287
68 142 -28.870 0.277
68 143 -31.960 0.239
68 144 -36.920 0.220
68 145 -38.510 -0.190
68 146 -43.840 -0.173
68 147 -46.490 -0.164
68 148 -51.230 -0.156
68 149 -53.580 -0.079
68 150 -58.270 -0.008
68 151 -58.420 -0.052
68 152 -60.670 -0.018
68 153 -60.480 0.107
68 154 -62.460 0.143
68 155 -62.240 0.161
68 156 -64.220 0.189
68 157 -63.860 0.207
68 158 -65.560 0.216
68 159 -65.070 0.235
68 160 -66.480 0.253
68 161 -65.620 0.263
68 162 -66.640 0.272
68 163 -65.500 0.272
68 164 -66.180 0.273
68 165 -64.760 0.282
68 166 -65.100 0.283
68 167 -63.350 0.294
68 168 -63.240 0.294
68 169 -61.150 0.304
68 170 -60.580 0.296
68 171 -58.060 0.305
68 172 -56.930 0.296
68 173 -53.920 0.286
68 174 -52.520 0.287
68 175 -49.210 0.278
68 176 -47.400 0.278
68 177 -43.610 0.278
68 178 -41.310 0.279
68 179 -37.230 0.279
68 180 -34.620 0.268
68 181 -30.330 0.269
68 182 -27.490 0.259
68 183 -22.870 0.241
68 184 -19.630 0.221
68 185 -14.680 0.201
68 186 -11.050 0.173
68 187 -5.880 -0.199
68 188 -2.680 -0.190
68 189 2.440 -0.165
68 190 6.020 -0.131
68 191 10.980 -0.105
68 192 14.540 -0.078
68 193 19.430 -0.026
68 194 23.390 0.008
68 195 30.730 -0.035
68 196 36.140 -0.018
68 197 43.950 0.055
68 198 49.710 0.074
68 199 57.180 0.108
68 200 62.810 0.108
68 201 70.140 0.135
68 202 75.770 0.154
68 203 82.860 0.164
68 204 88.440 0.172
68 205 95.640 0.181
68 206 101.460 0.189
68 207 108.840 0.198
68 208 114.770 0.207
68 209 122.220 0.215
68 210 128.400 0.215
68 211 136.060 0.215
68 212 142.200 0.224
68 213 149.630 0.234
68 214 155.960 0.243
68 215 163.900 0.244
68 216 170.580 0.254
68 217 178.750 0.254
68 218 185.640 0.256
68 219 193.840 0.266
68 220 200.900 0.267
68 221 209.600 0.257
68 222 217.050 0.258
68 223 225.940 0.258
68 224 233.520 0.259
68 225 242.530 0.259
68 226 250.210 0.259
68 227 259.200 0.260
69 141 -10.360 0.307
69 142 -14.380 0.298
69 143 -19.780 0.287
69 144 -23.600 0.258
69 145 -28.630 0.249
69 146 -30.620 -0.199
69 147 -36.000 -0.190
69 148 -39.220 -0.173
69 149 -44.020 -0.156
69 150 -46.620 -0.079
69 151 -51.300 0.000
69 152 -52.020 -0.052
69 153 -54.310 -0.018
69 154 -54.760 0.116
69 155 -56.820 0.143
69 156 -57.160 0.161
69 157 -59.180 0.189
69 158 -59.300 0.207
69 159 -61.040 0.217
69 160 -60.910 0.225
69 161 -62.400 0.254
69 162 -62.060 0.264
69 163 -63.120 0.274
69 164 -62.530 0.273
69 165 -63.270 0.274
69 166 -62.350 0.283
69 167 -62.790 0.284
69 168 -61.580 0.294
69 169 -61.530 0.295
69 170 -59.940 0.295
69 171 -59.490 0.296
69 172 -57.440 0.297
69 173 -56.450 0.297
69 174 -53.960 0.287
69 175 -52.700 0.287
69 176 -49.970 0.287
69 177 -48.210 0.279
69 178 -44.930 0.279
69 179 -42.720 0.279
69 180 -39.080 0.279
69 181 -36.520 0.279
69 182 -32.670 0.270
69 183 -29.860 0.259
69 184 -25.680 0.241
69 185 -22.520 0.230
69 186 -17.980 0.211
69 187 -14.370 0.173
69 188 -9.570 -0.200
69 189 -6.440 -0.190
69 190 -1.720 -0.165
69 191 1.850 -0.139
69 192 6.360 -0.105
69 193 9.920 -0.078
69 194 14.420 -0.026
69 195 18.280 0.008
69 196 25.280 -0.035
69 197 30.660 -0.018
69 198 38.110 0.055
69 199 44.020 0.082
69 200 50.800 0.108
69 201 56.470 0.108
69 202 63.450 0.135
69 203 69.080 0.154
69 204 75.800 0.163
69 205 81.400 0.172
69 206 88.190 0.181
69 207 93.980 0.189
69 208 100.960 0.197
69 209 106.860 0.207
69 210 113.920 0.215
69 211 120.070 0.215
69 212 127.280 0.215
69 213 133.390 0.224
69 214 140.790 0.224
69 215 146.900 0.235
69 216 154.320 0.244
69 217 161.040 0.254
69 218 168.810 0.255
69 219 175.670 0.256
69 220 183.490 0.267
69 221 190.510 0.267
69 222 198.800 0.257
69 223 206.210 0.258
69 224 214.660 0.258
69 225 222.230 0.259
69 226 230.790 0.259
69 227 238.420 0.260
69 228 247.050 0.260
69 229 254.750 0.260
69 230 263.470 0.251
70 143 -6.290 0.288
70 144 -12.280 0.278
70 145 -16.120 0.249
70 146 -20.170 -0.207
70 147 -23.950 -0.190
70 148 -29.940 -0.182
70 149 -33.210 -0.164
70 150 -38.620 -0.156
70 151 -41.280 -0.070
70 152 -46.540 0.000
70 153 -47.300 -0.052
70 154 -50.130 -0.008
70 155 -50.260 -0.096
70 156 -53.050 0.125
70 157 -53.450 0.152
70 158 -55.810 0.161
70 159 -55.930 0.189
70 160 -58.140 0.208
70 161 -58.010 0.216
70 162 -59.900 0.225
70 163 -59.640 0.244
70 164 -61.250 0.264
70 165 -60.650 0.273
70 166 -61.950 0.274
70 167 -61.030 0.274
70 168 -61.990 0.284
70 169 -60.800 0.294
70 170 -61.290 0.295
70 171 -59.730 0.295
70 172 -59.800 0.296
70 173 -57.830 0.297
70 174 -57.350 0.287
70 175 -55.060 0.287
70 176 -54.290 0.278
70 177 -51.650 0.279
70 178 -50.480 0.279
70 179 -47.290 0.279
70 180 -45.610 0.279
70 181 -42.080 0.279
70 182 -40.100 0.270
70 183 -36.190 0.270
70 184 -33.970 0.260
70 185 -29.900 0.241
70 186 -27.120 0.221
70 187 -22.650 0.201
70 188 -19.540 0.164
70 189 -14.730 -0.200
70 190 -12.040 -0.190
70 191 -7.390 -0.165
70 192 -4.280 -0.131
70 193 0.160 -0.105
70 194 3.290 -0.078
70 195 7.750 -0.026
70 196 11.250 0.008
70 197 18.050 -0.026
70 198 23.130 0.018
70 199 30.690 0.054
70 200 36.130 0.064
70 201 43.010 0.099
70 202 48.330 0.108
70 203 55.180 0.126
70 204 60.620 0.144
70 205 67.440 0.163
70 206 72.680 0.163
70 207 79.470 0.172
70 208 84.880 0.181
70 209 91.840 0.189
70 210 97.360 0.207
70 211 104.460 0.207
70 212 110.180 0.215
70 213 117.370 0.215
70 214 123.250 0.215
70 215 130.490 0.224
70 216 136.260 0.235
70 217 143.780 0.235
70 218 150.020 0.235
70 219 157.710 0.245
70 220 164.180 0.246
70 221 171.980 0.256
70 222 178.630 0.257
70 223 186.910 0.257
70 224 193.940 0.257
70 225 202.360 0.258
70 226 209.500 0.259
70 227 217.990 0.260
70 228 225.240 0.259
70 229 233.720 0.260
70 230 240.990 0.260
70 231 249.630 0.252
70 232 257.100 0.252
70 233 266.350 0.242
70 234 274.470 0.232
71 146 -6.430 0.240
71 147 -10.800 -0.216
71 148 -15.080 -0.190
71 149 -21.140 -0.182
71 150 -24.920 -0.164
71 151 -30.340 -0.156
71 152 -33.530 -0.079
71 153 -38.840 0.008
71 154 -40.150 -0.053
71 155 -43.040 0.035
71 156 -43.790 -0.104
71 157 -46.590 0.125
71 158 -47.490 0.152
71 159 -49.920 0.161
71 160 -50.520 0.180
71 161 -52.720 0.198
71 162 -53.040 0.217
71 163 -54.900 0.217
71 164 -55.040 0.226
71 165 -56.780 0.245
71 166 -56.650 0.254
71 167 -57.910 0.274
71 168 -57.460 0.274
71 169 -58.490 0.284
71 170 -57.730 0.294
71 171 -58.290 0.285
71 172 -57.230 0.295
71 173 -57.320 0.286
71 174 -55.900 0.286
71 175 -55.530 0.287
71 176 -53.720 0.278
71 177 -53.150 0.278
71 178 -51.010 0.279
71 179 -49.940 0.279
71 180 -47.240 0.280
71 181 -45.690 0.279
71 182 -42.670 0.270
71 183 -40.680 0.270
71 184 -37.520 0.260
71 185 -35.200 0.259
71 186 -31.630 0.241
71 187 -28.980 0.221
71 188 -24.990 0.201
71 189 -21.910 0.164
71 190 -17.380 -0.200
71 191 -14.750 -0.190
71 192 -10.560 -0.165
71 193 -7.500 -0.139
71 194 -3.520 -0.104
71 195 -0.410 -0.078
71 196 3.690 -0.026
71 197 7.210 0.008
71 198 13.470 -0.026
71 199 18.530 -0.018
71 200 25.610 0.053
71 201 31.130 0.063
71 202 37.620 0.099
71 203 42.930 0.108
71 204 49.430 0.126
71 205 54.840 0.135
71 206 61.280 0.154
71 207 66.560 0.162
71 208 73.040 0.163
71 209 78.380 0.180
71 210 84.940 0.189
71 211 90.450 0.197
71 212 97.170 0.207
71 213 102.840 0.215
71 214 109.680 0.215
71 215 115.520 0.216
71 216 122.410 0.225
71 217 128.440 0.225
71 218 135.590 0.225
71 219 141.460 0.236
71 220 148.820 0.236
71 221 155.240 0.237
71 222 162.660 0.247
71 223 169.270 0.257
71 224 177.170 0.248
71 225 184.140 0.249
71 226 192.200 0.249
71 227 199.320 0.249
71 228 207.440 0.250
71 229 214.610 0.250
71 230 222.710 0.251
71 231 229.910 0.251
71 232 238.150 0.251
71 233 245.560 0.242
71 234 254.490 0.232
71 235 262.420 0.232
71 236 271.520 0.223
71 237 279.640 0.222
72 149 -7.260 -0.173
72 150 -13.980 -0.164
72 151 -17.850 -0.156
72 152 -23.900 -0.148
72 153 -27.260 -0.079
72 154 -33.250 0.008
72 155 -34.530 -0.053
72 156 -37.990 0.035
72 157 -38.820 0.089
72 158 -41.800 0.107
72 159 -42.830 0.134
72 160 -45.740 0.152
72 161 -46.320 0.161
72 162 -48.980 0.180
72 163 -49.320 0.198
72 164 -51.630 0.208
72 165 -51.730 0.217
72 166 -53.820 0.226
72 167 -53.740 0.245
72 168 -55.550 0.254
72 169 -55.110 0.274
72 170 -56.580 0.274
72 171 -55.850 0.284
72 172 -56.890 0.284
72 173 -55.820 0.295
72 174 -56.470 0.285
72 175 -55.090 0.286
72 176 -55.260 0.277
72 177 -53.540 0.277
72 178 -53.450 0.278
72 179 -51.400 0.278
72 180 -50.790 0.279
72 181 -48.170 0.279
72 182 -47.160 0.270
72 183 -44.230 0.270
72 184 -42.820 0.260
72 185 -39.500 0.260
72 186 -37.920 0.250
72 187 -34.420 0.221
72 188 -32.290 0.212
72 189 -28.300 0.183
72 190 -26.010 0.164
72 191 -21.470 -0.190
72 192 -19.310 -0.182
72 193 -15.220 -0.156
72 194 -12.770 -0.122
72 195 -8.740 -0.096
72 196 -6.090 -0.078
72 197 -2.000 -0.026
72 198 1.060 0.008
72 199 7.300 -0.026
72 200 11.930 0.018
72 201 18.790 0.035
72 202 23.980 0.045
72 203 30.780 0.089
72 204 35.710 0.099
72 205 42.340 0.108
72 206 47.180 0.126
72 207 53.890 0.154
72 208 58.810 0.162
72 209 65.270 0.163
72 210 70.300 0.171
72 211 76.860 0.180
72 212 81.960 0.197
72 213 88.670 0.207
72 214 93.990 0.216
72 215 100.810 0.216
72 216 106.250 0.216
72 217 113.180 0.225
72 218 118.820 0.225
72 219 125.970 0.225
72 220 131.770 0.226
72 221 138.850 0.236
72 222 144.850 0.237
72 223 152.320 0.238
72 224 158.480 0.248
72 225 166.480 0.239
72 226 173.010 0.239
72 227 181.330 0.229
72 228 187.990 0.230
72 229 196.020 0.230
72 230 202.560 0.241
72 231 210.600 0.242
72 232 217.400 0.242
72 233 225.590 0.242
72 234 232.600 0.242
72 235 241.440 0.232
72 236 249.110 0.222
72 237 258.020 0.223
72 238 265.780 0.222
72 239 274.820 0.213
72 240 284.420 0.173
73 151 -4.330 -0.164
73 152 -8.780 -0.156
73 153 -14.920 -0.148
73 154 -18.780 -0.087
73 155 -24.870 0.008
73 156 -26.640 -0.053
73 157 -30.220 0.045
73 158 -31.440 0.089
73 159 -34.620 0.107
73 160 -36.090 0.134
73 161 -38.970 0.143
73 162 -40.090 0.161
73 163 -42.750 0.170
73 164 -43.550 0.189
73 165 -45.880 0.199
73 166 -46.420 0.217
73 167 -48.520 0.217
73 168 -48.800 0.226
73 169 -50.670 0.236
73 170 -50.690 0.254
73 171 -52.190 0.255
73 172 -51.890 0.274
73 173 -52.970 0.275
73 174 -52.320 0.285
73 175 -53.040 0.276
73 176 -52.140 0.277
73 177 -52.390 0.277
73 178 -51.130 0.277
73 179 -51.210 0.268
73 180 -49.590 0.269
73 181 -49.090 0.269
73 182 -47.000 0.259
73 183 -46.000 0.260
73 184 -43.640 0.250
73 185 -42.330 0.250
73 186 -39.640 0.241
73 187 -38.150 0.230
73 188 -35.030 0.221
73 189 -33.030 0.202
73 190 -29.530 0.173
73 191 -27.470 0.164
73 192 -23.150 -0.190
73 193 -21.050 -0.182
73 194 -17.440 -0.156
73 195 -15.070 -0.122
73 196 -11.470 -0.096
73 197 -8.860 -0.078
73 198 -5.170 -0.026
73 199 -2.120 0.008
73 200 3.690 -0.026
73 201 8.270 0.018
73 202 14.810 0.045
73 203 19.880 0.053
73 204 26.220 0.081
73 205 31.210 0.099
73 206 37.400 0.107
73 207 42.290 0.116
73 208 48.660 0.143
73 209 53.580 0.153
73 210 59.710 0.162
73 211 64.780 0.162
73 212 70.910 0.180
73 213 76.010 0.188
73 214 82.340 0.197
73 215 87.640 0.207
73 216 94.140 0.216
73 217 99.550 0.216
73 218 106.220 0.216
73 219 111.830 0.216
73 220 118.560 0.226
73 221 124.340 0.226
73 222 131.250 0.226
73 223 137.230 0.227
73 224 144.360 0.228
73 225 150.260 0.239
73 226 158.120 0.228
73 227 164.570 0.229
73 228 172.370 0.220
73 229 178.980 0.220
73 230 186.620 0.220
73 231 193.280 0.221
73 232 200.780 0.231
73 233 207.510 0.231
73 234 215.350 0.231
73 235 222.300 0.231
73 236 230.760 0.222
73 237 238.240 0.222
73 238 246.860 0.213
73 239 254.570 0.212
73 240 263.860 0.193
73 241 272.550 0.173
73 242 281.490 0.164
73 243 289.210 0.164
74 154 -7.650 -0.122
74 155 -11.700 -0.070
74 156 -18.170 0.008
74 157 -20.160 -0.053
74 158 -24.280 0.018
74 159 -25.420 0.080
74 160 -29.040 0.089
74 161 -30.430 0.116
74 162 -33.850 0.134
74 163 -35.000 0.153
74 164 -38.110 0.161
74 165 -38.950 0.170
74 166 -41.740 0.181
74 167 -42.310 0.198
74 168 -44.830 0.208
74 169 -45.110 0.217
74 170 -47.400 0.226
74 171 -47.400 0.245
74 172 -49.310 0.254
74 173 -49.020 0.265
74 174 -50.550 0.265
74 175 -49.900 0.284
74 176 -51.140 0.266
74 177 -50.220 0.276
74 178 -51.050 0.267
74 179 -49.830 0.268
74 180 -50.410 0.258
74 181 -48.850 0.258
74 182 -48.840 0.259
74 183 -46.830 0.250
74 184 -46.390 0.240
74 185 -44.030 0.241
74 186 -43.330 0.230
74 187 -40.730 0.221
74 188 -39.600 0.212
74 189 -36.680 0.202
74 190 -35.110 0.173
74 191 -32.170 0.164
74 192 -30.470 0.155
74 193 -26.170 -0.174
74 194 -24.550 -0.174
74 195 -21.040 -0.148
74 196 -19.220 -0.105
74 197 -15.680 -0.087
74 198 -13.610 -0.070
74 199 -10.010 -0.018
74 200 -7.340 0.008
74 201 -1.530 -0.026
74 202 2.560 0.008
74 203 8.940 0.026
74 204 13.620 0.035
74 205 20.220 0.072
74 206 24.840 0.080
74 207 31.240 0.108
74 208 35.710 0.107
74 209 41.970 0.126
74 210 46.720 0.143
74 211 52.920 0.162
74 212 57.580 0.162
74 213 63.810 0.170
74 214 68.540 0.180
74 215 74.880 0.197
74 216 79.810 0.207
74 217 86.290 0.207
74 218 91.330 0.216
74 219 97.920 0.216
74 220 103.210 0.216
74 221 109.920 0.225
74 222 115.360 0.226
74 223 122.250 0.226
74 224 127.870 0.227
74 225 135.000 0.228
74 226 140.850 0.228
74 227 148.380 0.228
74 228 154.590 0.220
74 229 162.190 0.220
74 230 168.400 0.220
74 231 176.020 0.221
74 232 182.300 0.221
74 233 189.910 0.221
74 234 196.290 0.221
74 235 204.090 0.222
74 236 210.650 0.222
74 237 218.950 0.222
74 238 226.160 0.213
74 239 234.840 0.203
74 240 242.390 0.193
74 241 251.190 0.184
74 242 259.530 0.164
74 243 268.150 0.164
74 244 275.330 0.164
74 245 286.500 -0.156
74 246 293.780 -0.156
74 247 303.290 0.108
75 156 -2.460 -0.079
75 157 -9.060 0.027
75 158 -11.490 -0.053
75 159 -15.710 0.053
75 160 -17.480 0.080
75 161 -21.030 0.080
75 162 -22.960 0.116
75 163 -26.330 0.125
75 164 -27.890 0.143
75 165 -31.030 0.153
75 166 -32.300 0.162
75 167 -35.040 0.162
75 168 -36.110 0.181
75 169 -38.630 0.190
75 170 -39.360 0.199
75 171 -41.650 0.209
75 172 -42.120 0.218
75 173 -44.020 0.218
75 174 -44.240 0.246
75 175 -45.810 0.238
75 176 -45.690 0.247
75 177 -46.920 0.238
75 178 -46.470 0.247
75 179 -47.410 0.239
75 180 -46.620 0.248
75 181 -47.240 0.240
75 182 -46.180 0.240
75 183 -46.330 0.230
75 184 -44.740 0.230
75 185 -44.330 0.221
75 186 -42.440 0.221
75 187 -41.710 0.212
75 188 -39.610 0.212
75 189 -38.510 0.192
75 190 -36.130 0.183
75 191 -34.950 0.164
75 192 -32.490 0.164
75 193 -30.900 0.155
75 194 -27.600 0.136
75 195 -25.410 -0.165
75 196 -22.340 -0.148
75 197 -20.660 -0.105
75 198 -17.530 -0.087
75 199 -15.500 -0.070
75 200 -12.130 -0.035
75 201 -9.530 0.018
75 202 -4.190 0.027
75 203 0.010 0.027
75 204 6.050 0.045
75 205 10.560 0.045
75 206 16.570 0.062
75 207 21.180 0.072
75 208 27.160 0.099
75 209 31.720 0.107
75 210 37.610 0.126
75 211 42.400 0.134
75 212 48.260 0.153
75 213 52.950 0.161
75 214 58.830 0.162
75 215 63.560 0.170
75 216 69.510 0.188
75 217 74.440 0.197
75 218 80.560 0.207
75 219 85.590 0.207
75 220 91.840 0.216
75 221 97.050 0.216
75 222 103.460 0.217
75 223 108.860 0.217
75 224 115.370 0.226
75 225 121.010 0.218
75 226 127.720 0.228
75 227 133.550 0.228
75 228 140.750 0.219
75 229 146.820 0.219
75 230 154.050 0.220
75 231 160.260 0.220
75 232 167.610 0.211
75 233 173.850 0.212
75 234 181.150 0.212
75 235 187.420 0.212
75 236 194.940 0.212
75 237 201.420 0.222
75 238 209.400 0.213
75 239 216.630 0.202
75 240 224.900 0.193
75 241 232.800 0.173
75 242 241.490 0.164
75 243 248.800 0.164
75 244 257.090 0.164
75 245 265.140 0.145
75 246 275.020 -0.156
75 247 282.390 -0.155
75 248 291.340 0.108
75 249 298.720 0.108
75 250 307.220 0.108
76 159 -4.330 -0.044
76 160 -9.070 0.008
76 161 -10.710 0.062
76 162 -14.690 0.045
76 163 -16.410 0.089
76 164 -20.240 0.107
76 165 -21.840 0.125
76 166 -25.440 0.134
76 167 -26.770 0.153
76 168 -30.020 0.162
76 169 -30.970 0.162
76 170 -33.980 0.171
76 171 -34.770 0.190
76 172 -37.450 0.190
76 173 -37.920 0.226
76 174 -40.340 0.226
76 175 -40.350 0.254
76 176 -42.450 0.246
76 177 -42.300 0.255
76 178 -44.040 0.247
76 179 -43.560 0.256
76 180 -45.060 0.238
76 181 -44.260 0.248
76 182 -45.390 0.239
76 183 -44.330 0.240
76 184 -45.020 0.229
76 185 -43.450 0.230
76 186 -43.560 0.220
76 187 -41.720 0.212
76 188 -41.350 0.192
76 189 -39.260 0.183
76 190 -38.690 0.164
76 191 -36.530 0.164
76 192 -36.020 0.155
76 193 -33.620 0.155
76 194 -32.620 0.145
76 195 -29.610 0.127
76 196 -27.970 -0.156
76 197 -25.090 -0.131
76 198 -23.900 -0.096
76 199 -20.850 -0.078
76 200 -19.290 -0.061
76 201 -16.140 -0.018
76 202 -13.900 0.008
76 203 -8.640 -0.018
76 204 -4.890 0.008
76 205 1.110 0.026
76 206 5.250 0.026
76 207 11.390 0.045
76 208 15.660 0.053
76 209 21.820 0.089
76 210 26.040 0.099
76 211 31.940 0.108
76 212 36.260 0.116
76 213 42.330 0.143
76 214 46.680 0.153
76 215 52.600 0.162
76 216 57.000 0.170
76 217 63.030 0.189
76 218 67.580 0.197
76 219 73.740 0.197
76 220 78.360 0.207
76 221 84.620 0.207
76 222 89.480 0.207
76 223 95.840 0.216
76 224 100.850 0.217
76 225 107.400 0.226
76 226 112.640 0.217
76 227 119.390 0.227
76 228 124.860 0.228
76 229 132.040 0.219
76 230 137.760 0.219
76 231 145.000 0.219
76 232 150.890 0.211
76 233 158.300 0.201
76 234 164.190 0.201
76 235 171.490 0.201
76 236 177.430 0.202
76 237 184.900 0.202
76 238 190.990 0.212
76 239 199.020 0.202
76 240 205.990 0.184
76 241 214.460 0.173
76 242 221.930 0.164
76 243 230.190 0.164
76 244 237.370 0.155
76 245 247.150 0.127
76 246 254.940 0.108
76 247 262.360 -0.147
76 248 269.330 -0.147
76 249 278.660 0.099
76 250 285.710 0.099
76 251 294.130 0.099
76 252 301.560 0.099
76 253 309.850 -0.105
77 162 -2.200 -0.035
77 163 -6.120 -0.035
77 164 -8.160 0.089
77 165 -11.880 0.099
77 166 -13.830 0.107
77 167 -17.370 0.116
77 168 -19.150 0.134
77 169 -22.340 0.134
77 170 -23.760 0.153
77 171 -26.700 0.153
77 172 -27.810 0.162
77 173 -30.400 0.162
77 174 -31.290 0.171
77 175 -33.660 0.171
77 176 -34.510 0.254
77 177 -36.330 0.181
77 178 -36.810 0.265
77 179 -38.700 0.246
77 180 -38.630 0.256
77 181 -40.170 0.238
77 182 -39.670 0.256
77 183 -40.920 0.238
77 184 -40.260 0.239
77 185 -41.100 0.211
77 186 -39.970 0.211
77 187 -39.920 0.183
77 188 -38.410 0.173
77 189 -38.280 0.164
77 190 -36.820 0.164
77 191 -36.530 0.155
77 192 -34.800 0.145
77 193 -34.410 0.136
77 194 -32.390 0.136
77 195 -31.680 0.127
77 196 -29.220 0.108
77 197 -27.920 -0.156
77 198 -25.770 -0.122
77 199 -24.520 -0.087
77 200 -21.890 -0.079
77 201 -20.390 -0.061
77 202 -17.620 -0.018
77 203 -15.430 0.008
77 204 -10.430 -0.026
77 205 -6.880 -0.008
77 206 -1.250 0.026
77 207 2.800 -0.026
77 208 8.640 0.045
77 209 12.890 0.053
77 210 18.710 0.080
77 211 22.930 0.089
77 212 28.500 0.107
77 213 32.800 0.107
77 214 38.610 0.134
77 215 42.930 0.143
77 216 48.610 0.162
77 217 52.970 0.161
77 218 58.620 0.170
77 219 63.160 0.188
77 220 68.960 0.188
77 221 73.680 0.188
77 222 79.570 0.197
77 223 84.440 0.197
77 224 90.410 0.207
77 225 95.430 0.208
77 226 101.560 0.217
77 227 106.790 0.217
77 228 113.180 0.227
77 229 118.670 0.227
77 230 125.510 0.218
77 231 131.310 0.209
77 232 138.350 0.199
77 233 144.200 0.191
77 234 151.350 0.182
77 235 157.220 0.182
77 236 164.220 0.183
77 237 170.130 0.183
77 238 177.140 0.193
77 239 183.280 0.193
77 240 190.970 0.184
77 241 197.880 0.174
77 242 206.210 0.164
77 243 213.160 0.164
77 244 221.120 0.155
77 245 229.400 0.117
77 246 237.590 0.108
77 247 245.030 0.099
77 248 251.820 -0.138
77 249 258.800 -0.138
77 250 267.750 0.099
77 251 275.060 0.089
77 252 283.150 0.089
77 253 290.380 0.089
77 254 298.280 -0.096
77 255 305.960 -0.087
77 256 315.230 -0.053
78 165 -0.810 -0.061
78 166 -5.000 -0.070
78 167 -6.770 -0.087
78 168 -10.630 -0.096
78 169 -12.530 0.107
78 170 -16.110 0.107
78 171 -17.530 0.126
78 172 -20.930 0.126
78 173 -22.180 0.153
78 174 -25.250 0.153
78 175 -26.250 0.180
78 176 -29.000 0.171
78 177 -29.580 0.264
78 178 -32.180 0.254
78 179 -32.410 0.274
78 180 -34.580 0.265
78 181 -34.640 0.265
78 182 -36.470 0.255
78 183 -36.200 0.256
78 184 -37.780 0.247
78 185 -37.150 0.248
78 186 -38.220 0.239
78 187 -37.250 0.229
78 188 -37.140 -0.164
78 189 -35.880 -0.164
78 190 -36.560 -0.156
78 191 -35.090 -0.156
78 192 -35.540 -0.156
78 193 -33.880 -0.156
78 194 -34.130 -0.148
78 195 -32.290 -0.148
78 196 -32.270 -0.139
78 197 -30.010 -0.148
78 198 -29.640 -0.139
78 199 -27.490 -0.113
78 200 -26.730 -0.087
78 201 -24.160 -0.078
78 202 -23.060 -0.061
78 203 -20.350 -0.018
78 204 -18.540 0.008
78 205 -13.710 -0.018
78 206 -10.430 0.008
78 207 -4.800 0.026
78 208 -1.120 0.027
78 209 4.530 0.035
78 210 8.440 0.045
78 211 14.230 0.063
78 212 18.210 0.080
78 213 23.850 0.099
78 214 27.850 0.108
78 215 33.540 0.116
78 216 37.530 0.125
78 217 43.290 0.153
78 218 47.350 0.162
78 219 53.060 0.180
78 220 57.270 0.189
78 221 63.080 0.197
78 222 67.390 0.197
78 223 73.270 0.207
78 224 77.790 0.207
78 225 83.820 0.216
78 226 88.480 0.216
78 227 94.680 0.216
78 228 99.560 0.217
78 229 105.940 0.226
78 230 111.080 0.227
78 231 117.930 0.218
78 232 123.360 0.209
78 233 130.260 0.209
78 234 135.900 0.190
78 235 142.980 0.182
78 236 148.590 0.182
78 237 155.590 0.182
78 238 161.180 0.183
78 239 168.200 0.192
78 240 174.010 0.193
78 241 181.680 0.183
78 242 188.150 0.174
78 243 196.490 0.164
78 244 203.110 0.155
78 245 213.160 0.080
78 246 218.800 0.099
78 247 227.030 0.089
78 248 233.850 0.089
78 249 241.760 0.089
78 250 248.140 0.089
78 251 256.180 0.089
78 252 262.890 0.081
78 253 271.060 0.081
78 254 277.930 0.081
78 255 285.360 -0.096
78 256 292.680 -0.087
78 257 301.920 -0.053
78 258 309.210 -0.052
78 259 317.960 -0.044
78 260 325.590 -0.026
79 167 3.730 -0.070
79 168 1.510 -0.079
79 169 -2.350 -0.087
79 170 -4.290 -0.096
79 171 -7.890 -0.105
79 172 -9.550 -0.105
79 173 -12.870 -0.105
79 174 -14.300 -0.122
79 175 -17.340 -0.122
79 176 -18.520 -0.130
79 177 -21.320 -0.130
79 178 -22.280 -0.139
79 179 -24.820 -0.139
79 180 -25.530 -0.148
79 181 -27.810 -0.148
79 182 -28.240 -0.156
79 183 -30.250 -0.156
79 184 -30.370 -0.156
79 185 -32.010 -0.156
79 186 -31.820 -0.156
79 187 -33.130 -0.156
79 188 -32.550 -0.156
79 189 -33.570 -0.148
79 190 -32.800 -0.156
79 191 -33.560 -0.148
79 192 -32.550 -0.148
79 193 -33.100 -0.139
79 194 -31.860 -0.148
79 195 -32.190 -0.139
79 196 -30.760 -0.139
79 197 -30.810 -0.131
79 198 -29.100 -0.131
79 199 -28.720 -0.131
79 200 -27.040 -0.105
79 201 -26.320 -0.087
79 202 -24.140 -0.078
79 203 -23.140 -0.061
79 204 -20.860 -0.026
79 205 -19.180 0.008
79 206 -14.620 -0.026
79 207 -11.470 -0.018
79 208 -6.390 -0.026
79 209 -2.600 -0.035
79 210 2.690 -0.044
79 211 6.550 -0.053
79 212 11.830 -0.053
79 213 15.790 -0.061
79 214 21.240 0.081
79 215 25.230 0.089
79 216 30.710 0.108
79 217 34.710 0.107
79 218 40.170 0.134
79 219 44.230 0.153
79 220 49.600 0.170
79 221 53.860 0.189
79 222 59.340 0.197
79 223 63.620 0.197
79 224 69.190 0.207
79 225 73.690 0.207
79 226 79.400 0.207
79 227 84.060 0.216
79 228 89.910 0.216
79 229 94.770 0.217
79 230 100.840 0.217
79 231 105.940 0.226
79 232 112.470 0.217
79 233 117.890 0.218
79 234 124.450 0.209
79 235 130.040 0.190
79 236 136.760 0.181
79 237 142.310 0.182
79 238 149.220 0.172
79 239 154.630 0.182
79 240 161.410 0.192
79 241 167.180 0.202
79 242 174.550 0.184
79 243 181.310 0.164
79 244 191.250 0.062
79 245 197.390 0.062
79 246 204.690 0.062
79 247 210.560 0.072
79 248 218.200 0.072
79 249 224.540 0.080
79 250 230.820 -0.113
79 251 237.450 -0.112
79 252 245.170 -0.104
79 253 253.030 0.072
79 254 260.850 0.072
79 255 266.770 -0.096
79 256 274.740 -0.096
79 257 281.970 -0.087
79 258 290.840 -0.053
79 259 298.140 -0.052
79 260 306.560 -0.044
79 261 314.170 -0.034
79 262 322.810 0.000
79 263 330.900 0.000
80 170 4.840 -0.079
80 171 2.890 -0.087
80 172 -1.160 -0.096
80 173 -2.880 -0.096
80 174 -6.640 -0.105
80 175 -8.110 -0.105
80 176 -11.610 -0.105
80 177 -12.790 -0.105
80 178 -16.010 -0.113
80 179 -16.990 -0.122
80 180 -19.940 -0.122
80 181 -20.680 -0.122
80 182 -23.410 -0.122
80 183 -23.860 -0.130
80 184 -26.330 -0.130
80 185 -26.520 -0.139
80 186 -28.580 -0.130
80 187 -28.480 -0.139
80 188 -30.270 -0.130
80 189 -29.810 -0.139
80 190 -31.330 -0.130
80 191 -30.640 -0.139
80 192 -31.890 -0.130
80 193 -30.940 -0.130
80 194 -31.940 -0.130
80 195 -30.800 -0.130
80 196 -31.660 -0.122
80 197 -30.170 -0.130
80 198 -30.750 -0.122
80 199 -29.120 -0.122
80 200 -29.300 -0.113
80 201 -27.450 -0.105
80 202 -27.280 -0.087
80 203 -25.190 -0.078
80 204 -24.660 -0.061
80 205 -22.520 -0.018
80 206 -21.200 -0.008
80 207 -16.780 -0.018
80 208 -13.990 -0.008
80 209 -8.950 -0.018
80 210 -5.580 -0.026
80 211 -0.320 -0.035
80 212 3.130 -0.044
80 213 8.510 -0.053
80 214 12.020 -0.053
80 215 17.640 -0.070
80 216 21.350 -0.079
80 217 27.010 -0.087
80 218 30.710 -0.087
80 219 36.120 0.154
80 220 39.800 0.162
80 221 45.080 0.170
80 222 48.980 0.189
80 223 54.460 0.197
80 224 58.380 0.197
80 225 63.930 0.207
80 226 68.090 0.207
80 227 73.770 0.216
80 228 78.070 0.216
80 229 83.920 0.216
80 230 88.460 0.216
80 231 94.530 0.217
80 232 99.290 0.226
80 233 105.830 0.217
80 234 110.910 0.218
80 235 117.580 0.209
80 236 122.730 0.199
80 237 129.440 0.190
80 238 134.670 0.191
80 239 141.450 0.182
80 240 146.620 0.191
80 241 153.480 0.201
80 242 158.990 0.201
80 243 166.220 0.192
80 244 174.310 -0.061
80 245 181.550 -0.061
80 246 187.020 -0.070
80 247 194.060 -0.079
80 248 199.570 -0.096
80 249 206.790 -0.105
80 250 212.820 -0.104
80 251 220.370 -0.104
80 252 226.600 -0.104
80 253 234.340 -0.104
80 254 240.850 -0.096
80 255 248.570 -0.096
80 256 255.160 -0.096
80 257 263.170 -0.096
80 258 270.060 -0.087
80 259 278.760 -0.053
80 260 285.760 -0.052
80 261 294.190 -0.044
80 262 301.450 -0.026
80 263 310.040 0.000
80 264 317.820 0.000
80 265 327.930 0.000
80 266 336.390 0.000
81 173 8.000 -0.035
81 174 5.920 -0.044
81 175 2.120 -0.044
81 176 0.300 -0.053
81 177 -3.240 -0.053
81 178 -4.870 -0.053
81 179 -8.170 -0.053
81 180 -9.500 -0.053
81 181 -12.570 -0.053
81 182 -13.650 -0.053
81 183 -16.440 -0.053
81 184 -17.260 -0.053
81 185 -19.740 -0.053
81 186 -20.360 -0.061
81 187 -22.510 -0.053
81 188 -22.880 -0.061
81 189 -24.760 -0.053
81 190 -24.840 -0.061
81 191 -26.490 -0.053
81 192 -26.300 -0.061
81 193 -27.710 -0.053
81 194 -27.190 -0.053
81 195 -28.420 -0.053
81 196 -27.750 -0.053
81 197 -28.590 -0.044
81 198 -27.680 -0.044
81 199 -28.220 -0.044
81 200 -27.100 -0.044
81 201 -27.330 -0.044
81 202 -26.040 -0.044
81 203 -25.900 -0.035
81 204 -24.190 -0.044
81 205 -23.780 -0.035
81 206 -21.920 -0.018
81 207 -20.710 -0.008
81 208 -16.640 -0.018
81 209 -13.890 -0.008
81 210 -9.190 -0.018
81 211 -5.970 -0.018
81 212 -1.220 -0.018
81 213 2.250 -0.026
81 214 7.200 -0.026
81 215 10.790 -0.035
81 216 15.990 -0.044
81 217 19.590 -0.044
81 218 24.490 0.055
81 219 28.270 0.055
81 220 33.670 0.108
81 221 37.680 0.154
81 222 42.630 0.162
81 223 46.540 0.180
81 224 51.670 0.188
81 225 55.600 0.188
81 226 60.850 0.197
81 227 65.000 0.207
81 228 70.300 0.216
81 229 74.600 0.216
81 230 80.080 0.216
81 231 84.590 0.216
81 232 90.310 0.217
81 233 95.070 0.226
81 234 101.260 0.217
81 235 106.370 0.217
81 236 112.640 0.218
81 237 117.820 0.209
81 238 124.190 0.190
81 239 129.430 0.190
81 240 135.790 0.182
81 241 142.950 0.053
81 242 149.600 0.053
81 243 154.920 0.053
81 244 161.710 0.053
81 245 167.210 -0.053
81 246 174.170 0.053
81 247 179.920 0.053
81 248 186.810 0.053
81 249 192.570 0.053
81 250 199.730 0.053
81 251 205.790 0.062
81 252 213.090 0.062
81 253 219.190 0.053
81 254 226.630 0.053
81 255 232.990 0.053
81 256 240.470 0.053
81 257 246.560 -0.070
81 258 254.410 -0.061
81 259 261.170 -0.053
81 260 268.890 -0.035
81 261 275.880 -0.018
81 262 283.920 -0.018
81 263 291.140 -0.008
81 264 299.520 0.000
81 265 307.300 0.000
81 266 317.110 0.000
81 267 325.540 0.000
81 268 335.770 0.001
81 269 344.560 0.001
82 175 13.720 0.008
82 176 9.420 0.008
82 177 7.450 0.008
82 178 3.430 0.008
82 179 1.770 0.009
82 180 -2.030 0.008
82 181 -3.430 0.018
82 182 -6.930 0.008
82 183 -8.090 0.009
82 184 -11.240 0.009
82 185 -12.090 0.009
82 186 -14.990 0.000
82 187 -15.520 0.000
82 188 -18.180 0.000
82 189 -18.520 0.000
82 190 -20.870 0.000
82 191 -20.880 0.000
82 192 -23.090 0.000
82 193 -22.830 0.000
82 194 -24.790 0.000
82 195 -24.300 0.009
82 196 -25.960 0.000
82 197 -25.260 0.000
82 198 -26.610 0.000
82 199 -25.670 0.000
82 200 -26.710 0.000
82 201 -25.610 0.000
82 202 -26.300 0.008
82 203 -24.990 0.008
82 204 -25.440 -0.008
82 205 -23.900 -0.018
82 206 -23.980 -0.008
82 207 -22.020 -0.008
82 208 -21.150 0.000
82 209 -17.170 -0.008
82 210 -14.800 0.000
82 211 -10.160 0.008
82 212 -7.390 0.000
82 213 -2.520 0.009
82 214 0.410 0.009
82 215 5.320 0.011
82 216 8.340 0.010
82 217 13.270 0.022
82 218 16.480 0.021
82 219 21.600 0.029
82 220 25.000 0.038
82 221 30.970 0.154
82 222 34.320 0.162
82 223 39.220 0.171
82 224 42.660 0.180
82 225 47.860 0.197
82 226 51.370 0.197
82 227 56.540 0.206
82 228 60.310 0.206
82 229 65.590 0.215
82 230 69.540 0.216
82 231 75.010 0.216
82 232 79.180 0.216
82 233 84.850 0.226
82 234 89.320 0.226
82 235 95.510 0.217
82 236 100.260 0.217
82 237 106.570 0.218
82 238 111.450 0.209
82 239 117.790 0.199
82 240 122.710 0.190
82 241 129.100 0.191
82 242 135.490 0.053
82 243 142.100 0.053
82 244 147.080 0.053
82 245 153.850 0.053
82 246 158.810 0.045
82 247 165.920 0.053
82 248 171.320 0.053
82 249 178.190 0.053
82 250 183.640 0.053
82 251 190.790 0.053
82 252 196.460 0.053
82 253 203.740 0.053
82 254 209.640 0.053
82 255 217.070 0.053
82 256 223.130 0.053
82 257 230.650 0.053
82 258 236.760 0.045
82 259 244.280 -0.044
82 260 250.570 -0.035
82 261 258.310 -0.018
82 262 265.000 -0.008
82 263 272.990 -0.008
82 264 279.930 0.000
82 265 288.320 0.000
82 266 295.780 0.000
82 267 305.610 0.000
82 268 313.710 0.000
82 269 323.860 0.001
82 270 332.270 0.002
82 271 342.060 0.003
82 272 350.380 0.004
82 273 360.040 0.005
83 178 18.310 0.053
83 179 14.270 0.053
83 180 12.100 0.053
83 181 8.530 -0.052
83 182 6.410 0.053
83 183 3.020 -0.052
83 184 1.390 -0.052
83 185 -1.930 -0.052
83 186 -3.300 -0.052
83 187 -6.280 -0.052
83 188 -7.350 -0.052
83 189 -10.050 -0.052
83 190 -10.880 -0.052
83 191 -13.310 -0.052
83 192 -13.860 -0.052
83 193 -16.050 -0.052
83 194 -16.320 -0.052
83 195 -18.250 -0.052
83 196 -18.230 -0.052
83 197 -19.940 -0.052
83 198 -19.750 -0.052
83 199 -21.140 -0.044
83 200 -20.680 -0.044
83 201 -21.730 -0.044
83 202 -21.060 -0.044
83 203 -21.810 -0.035
83 204 -20.900 -0.044
83 205 -21.310 -0.035
83 206 -20.110 -0.035
83 207 -20.200 -0.026
83 208 -18.740 -0.018
83 209 -17.990 -0.008
83 210 -14.430 -0.018
83 211 -12.050 -0.018
83 212 -7.870 -0.018
83 213 -5.180 -0.018
83 214 -0.660 0.027
83 215 2.140 -0.026
83 216 6.550 0.049
83 217 9.480 0.048
83 218 13.940 0.057
83 219 17.170 0.065
83 220 21.810 0.101
83 221 25.080 0.101
83 222 29.890 0.144
83 223 33.190 0.154
83 224 37.740 0.162
83 225 41.290 0.180
83 226 46.030 0.188
83 227 49.540 0.188
83 228 54.340 0.197
83 229 58.130 0.206
83 230 63.040 0.215
83 231 66.990 0.215
83 232 72.090 0.215
83 233 76.270 0.216
83 234 81.610 0.216
83 235 86.040 0.226
83 236 91.890 0.217
83 237 96.630 0.217
83 238 102.600 0.208
83 239 107.450 0.198
83 240 113.470 0.190
83 241 118.380 0.181
83 242 124.440 0.181
83 243 130.810 0.062
83 244 137.180 0.053
83 245 142.120 0.053
83 246 148.510 0.053
83 247 153.720 -0.052
83 248 160.180 0.053
83 249 165.600 0.053
83 250 172.090 0.053
83 251 177.560 0.053
83 252 184.380 0.053
83 253 190.120 0.062
83 254 197.040 0.062
83 255 202.880 0.053
83 256 210.000 0.053
83 257 216.070 0.053
83 258 223.260 0.053
83 259 229.210 -0.052
83 260 236.650 -0.052
83 261 243.050 -0.052
83 262 250.390 -0.035
83 263 257.040 -0.026
83 264 264.770 -0.018
83 265 271.720 -0.008
83 266 279.790 0.000
83 267 287.290 0.000
83 268 296.790 0.000
83 269 304.870 0.000
83 270 314.720 0.001
83 271 323.080 0.002
83 272 332.570 0.003
83 273 340.920 0.004
83 274 350.230 0.005
83 275 358.710 0.006
83 276 370.620 0.456
84 181 20.060 0.262
84 182 15.550 0.271
84 183 13.240 0.291
84 184 9.130 0.300
84 185 7.200 0.310
84 186 3.630 0.311
84 187 2.220 0.311
84 188 -0.770 0.293
84 189 -1.660 0.274
84 190 -4.430 0.274
84 191 -5.060 0.275
84 192 -8.060 -0.207
84 193 -8.570 -0.215
84 194 -10.850 0.026
84 195 -11.190 0.071
84 196 -13.400 0.000
84 197 -13.540 0.062
84 198 -15.530 0.000
84 199 -15.320 0.000
84 200 -17.170 0.009
84 201 -16.700 0.000
84 202 -18.220 0.009
84 203 -17.570 0.000
84 204 -18.740 0.009
84 205 -17.860 0.018
84 206 -18.830 -0.018
84 207 -17.720 -0.026
84 208 -18.230 -0.018
84 209 -16.780 -0.008
84 210 -16.330 0.000
84 211 -12.840 -0.008
84 212 -10.940 0.000
84 213 -6.770 -0.008
84 214 -4.460 -0.008
84 215 -0.090 0.020
84 216 2.290 0.020
84 217 6.390 0.031
84 218 8.880 0.039
84 219 13.470 0.101
84 220 16.240 0.110
84 221 20.760 0.128
84 222 23.610 0.136
84 223 27.990 0.154
84 224 30.890 0.162
84 225 35.350 0.170
84 226 38.450 0.189
84 227 43.120 0.197
84 228 46.240 0.197
84 229 51.000 0.206
84 230 54.400 0.206
84 231 59.220 0.215
84 232 62.810 0.215
84 233 67.910 0.215
84 234 71.720 0.216
84 235 77.010 0.225
84 236 81.120 0.226
84 237 86.950 0.217
84 238 91.380 0.217
84 239 97.370 0.217
84 240 101.920 0.209
84 241 107.960 0.199
84 242 112.560 0.190
84 243 118.610 0.190
84 244 123.270 0.191
84 245 129.450 0.200
84 246 134.370 0.211
84 247 142.140 0.053
84 248 146.840 0.053
84 249 153.410 0.053
84 250 158.510 0.053
84 251 164.980 0.053
84 252 170.120 0.053
84 253 176.960 0.062
84 254 182.350 0.071
84 255 189.270 0.071
84 256 194.190 -0.095
84 257 201.900 0.062
84 258 207.650 0.062
84 259 214.770 0.053
84 260 220.530 -0.052
84 261 227.920 -0.052
84 262 234.010 -0.052
84 263 241.360 -0.035
84 264 247.620 -0.018
84 265 255.370 -0.018
84 266 261.990 -0.008
84 267 270.070 0.000
84 268 277.240 0.000
84 269 286.750 0.000
84 270 294.490 0.000
84 271 304.230 0.002
84 272 312.300 0.002
84 273 321.640 0.004
84 274 329.640 0.004
84 275 338.900 0.005
84 276 349.460 0.455
84 277 358.450 0.456
84 278 366.190 0.446
84 279 375.510 0.434
85 184 22.630 0.280
85 185 18.320 0.309
85 186 15.970 0.320
85 187 12.340 0.330
85 188 10.590 0.340
85 189 7.440 0.359
85 190 6.140 0.293
85 191 3.590 -0.224
85 192 2.280 -0.232
85 193 -0.470 -0.224
85 194 -1.430 -0.224
85 195 -3.780 -0.215
85 196 -4.300 -0.207
85 197 -6.370 -0.207
85 198 -6.690 -0.207
85 199 -8.640 0.080
85 200 -8.900 0.089
85 201 -10.620 0.071
85 202 -10.660 0.062
85 203 -12.090 0.045
85 204 -12.060 -0.053
85 205 -12.960 0.035
85 206 -12.770 -0.053
85 207 -13.580 -0.035
85 208 -12.770 -0.044
85 209 -13.280 -0.035
85 210 -12.270 -0.018
85 211 -11.870 0.008
85 212 -8.750 0.018
85 213 -6.990 0.008
85 214 -3.230 0.018
85 215 -0.960 0.018
85 216 2.940 0.035
85 217 4.890 0.039
85 218 8.460 0.085
85 219 10.940 0.103
85 220 14.610 0.111
85 221 17.200 0.111
85 222 21.350 0.137
85 223 24.140 0.145
85 224 28.090 0.154
85 225 30.900 0.163
85 226 34.950 0.171
85 227 37.980 0.189
85 228 42.250 0.197
85 229 45.330 0.197
85 230 49.710 0.206
85 231 53.070 0.206
85 232 57.540 0.215
85 233 61.140 0.215
85 234 65.860 0.215
85 235 69.680 0.216
85 236 74.600 0.225
85 237 78.550 0.236
85 238 84.220 0.217
85 239 88.610 0.217
85 240 94.350 0.208
85 241 98.860 0.198
85 242 104.560 0.189
85 243 109.140 0.181
85 244 114.870 0.181
85 245 119.520 0.181
85 246 125.400 0.200
85 247 130.270 0.211
85 248 137.690 0.071
85 249 142.600 0.062
85 250 148.830 0.062
85 251 153.870 0.062
85 252 160.070 0.062
85 253 165.140 0.071
85 254 171.590 0.071
85 255 177.020 0.080
85 256 183.610 0.080
85 257 188.290 -0.112
85 258 195.950 0.071
85 259 201.680 0.062
85 260 208.530 0.062
85 261 214.220 -0.061
85 262 221.320 -0.061
85 263 227.400 -0.052
85 264 234.610 -0.053
85 265 240.890 -0.035
85 266 248.310 -0.026
85 267 254.960 -0.018
85 268 262.700 0.000
85 269 269.900 0.000
85 270 279.080 0.000
85 271 286.780 0.000
85 272 296.280 0.001
85 273 304.320 0.002
85 274 313.440 0.004
85 275 321.300 0.004
85 276 332.150 0.455
85 277 339.790 0.456
85 278 348.480 0.456
85 279 356.230 0.457
85 280 365.010 0.447
85 281 373.060 0.435
85 282 382.030 0.436
86 186 25.910 0.309
86 187 23.490 0.320
86 188 19.430 0.320
86 189 17.570 0.321
86 190 14.040 0.349
86 191 12.790 0.293
86 192 9.690 0.283
86 193 8.700 0.275
86 194 5.750 -0.240
86 195 4.740 -0.240
86 196 1.930 -0.232
86 197 1.270 -0.232
86 198 -1.130 -0.215
86 199 -1.530 -0.207
86 200 -3.660 -0.207
86 201 -3.820 -0.199
86 202 -6.100 -0.104
86 203 -6.140 -0.104
86 204 -8.060 -0.087
86 205 -7.920 -0.079
86 206 -9.280 -0.044
86 207 -8.930 -0.053
86 208 -10.060 -0.026
86 209 -9.300 -0.044
86 210 -10.270 -0.026
86 211 -9.280 -0.008
86 212 -9.260 0.000
86 213 -6.170 -0.018
86 214 -4.770 0.008
86 215 -1.040 0.019
86 216 0.700 0.008
86 217 4.140 0.039
86 218 5.920 0.040
86 219 9.200 0.103
86 220 11.070 0.111
86 221 14.600 0.119
86 222 16.930 0.137
86 223 20.930 0.155
86 224 23.230 0.163
86 225 27.080 0.163
86 226 29.470 0.171
86 227 33.430 0.180
86 228 36.000 0.197
86 229 40.160 0.197
86 230 42.870 0.206
86 231 47.170 0.215
86 232 50.150 0.215
86 233 54.600 0.215
86 234 57.820 0.215
86 235 62.560 0.215
86 236 66.000 0.215
86 237 70.920 0.225
86 238 74.510 0.236
86 239 80.220 0.217
86 240 84.240 0.217
86 241 89.910 0.217
86 242 94.150 0.208
86 243 99.880 0.199
86 244 104.150 0.190
86 245 109.880 0.190
86 246 114.190 0.200
86 247 120.040 0.200
86 248 124.590 0.211
86 249 130.740 0.192
86 250 136.770 0.071
86 251 143.180 0.062
86 252 147.860 0.062
86 253 153.930 0.071
86 254 158.730 0.071
86 255 165.130 0.080
86 256 170.230 0.080
86 257 176.820 0.080
86 258 181.160 -0.121
86 259 188.870 0.071
86 260 194.310 0.072
86 261 201.160 0.062
86 262 206.370 -0.070
86 263 213.440 -0.070
86 264 219.400 -0.052
86 265 226.590 -0.044
86 266 232.600 -0.026
86 267 240.090 -0.026
86 268 246.450 -0.018
86 269 254.190 0.000
86 270 261.080 0.000
86 271 270.260 0.000
86 272 277.610 0.000
86 273 287.050 0.002
86 274 294.650 0.003
86 275 303.680 0.004
86 276 311.290 0.005
86 277 321.350 0.456
86 278 328.680 0.457
86 279 337.330 0.457
86 280 344.750 0.447
86 281 353.670 0.435
86 282 361.370 0.425
86 283 370.380 0.425
86 284 377.820 0.448
86 285 386.970 0.459
86 286 394.850 0.460
87 189 28.990 0.329
87 190 26.710 0.339
87 191 23.090 0.349
87 192 21.230 0.339
87 193 18.120 0.359
87 194 16.900 0.283
87 195 13.920 0.359
87 196 13.010 -0.257
87 197 10.150 -0.249
87 198 9.040 -0.249
87 199 6.520 -0.232
87 200 5.770 -0.224
87 201 3.550 -0.215
87 202 3.020 -0.207
87 203 1.000 -0.190
87 204 0.670 -0.190
87 205 -1.450 -0.113
87 206 -1.690 -0.113
87 207 -3.180 -0.104
87 208 -2.960 -0.087
87 209 -4.090 -0.044
87 210 -3.670 -0.052
87 211 -4.640 -0.035
87 212 -4.030 -0.008
87 213 -4.010 0.008
87 214 -1.350 0.018
87 215 -0.070 0.008
87 216 3.240 0.019
87 217 5.000 0.018
87 218 7.450 0.050
87 219 8.840 0.093
87 220 11.720 0.111
87 221 13.400 0.120
87 222 16.730 0.138
87 223 18.800 0.146
87 224 22.280 0.164
87 225 24.410 0.163
87 226 27.920 0.171
87 227 30.280 0.181
87 228 33.900 0.189
87 229 36.370 0.197
87 230 40.140 0.207
87 231 42.820 0.206
87 232 46.740 0.215
87 233 49.670 0.215
87 234 53.790 0.215
87 235 57.010 0.215
87 236 61.360 0.215
87 237 64.820 0.215
87 238 69.350 0.225
87 239 72.910 0.235
87 240 78.180 0.225
87 241 82.360 0.217
87 242 87.700 0.217
87 243 91.910 0.208
87 244 97.350 0.198
87 245 101.640 0.190
87 246 107.000 0.190
87 247 111.310 0.190
87 248 116.810 0.200
87 249 121.380 0.211
87 250 127.180 0.192
87 251 133.340 0.080
87 252 139.310 0.071
87 253 144.000 0.071
87 254 149.870 0.071
87 255 154.580 0.080
87 256 160.690 0.080
87 257 165.720 0.088
87 258 171.970 0.089
87 259 176.410 -0.121
87 260 183.750 0.080
87 261 189.280 0.080
87 262 195.750 0.072
87 263 200.910 -0.079
87 264 207.690 -0.079
87 265 213.770 -0.061
87 266 220.650 -0.053
87 267 226.720 -0.035
87 268 233.820 -0.026
87 269 240.210 -0.018
87 270 247.620 0.000
87 271 254.510 0.000
87 272 263.370 0.000
87 273 270.710 0.000
87 274 279.880 0.002
87 275 287.500 0.003
87 276 297.140 0.456
87 277 304.340 0.455
87 278 312.650 0.456
87 279 319.950 0.457
87 280 328.300 0.457
87 281 335.700 0.447
87 282 344.440 0.425
87 283 352.000 0.425
87 284 361.100 0.404
87 285 369.180 0.394
87 286 376.950 0.460
87 287 384.870 0.460
87 288 395.700 0.332
87 289 403.740 0.322
88 192 30.700 0.339
88 193 28.930 0.301
88 194 25.370 0.293
88 195 24.020 0.274
88 196 20.700 0.283
88 197 19.440 0.322
88 198 16.760 -0.249
88 199 15.600 -0.240
88 200 12.760 -0.232
88 201 11.910 -0.224
88 202 9.340 -0.215
88 203 8.770 -0.207
88 204 6.310 -0.199
88 205 5.930 -0.190
88 206 3.470 -0.130
88 207 3.260 -0.130
88 208 1.380 -0.104
88 209 1.590 -0.087
88 210 0.150 -0.053
88 211 0.530 -0.053
88 212 -0.810 -0.035
88 213 -0.170 -0.018
88 214 -0.620 0.008
88 215 1.930 -0.018
88 216 2.850 0.008
88 217 6.050 0.028
88 218 7.360 0.020
88 219 9.360 0.077
88 220 10.480 0.103
88 221 13.130 0.111
88 222 14.340 0.130
88 223 17.740 0.156
88 224 19.380 0.164
88 225 22.470 0.164
88 226 24.240 0.172
88 227 27.680 0.181
88 228 29.620 0.180
88 229 33.120 0.189
88 230 35.150 0.197
88 231 38.860 0.207
88 232 41.140 0.215
88 233 45.020 0.215
88 234 47.630 0.215
88 235 51.630 0.224
88 236 54.460 0.224
88 237 58.780 0.224
88 238 61.880 0.224
88 239 66.510 0.225
88 240 69.710 0.235
88 241 74.980 0.225
88 242 78.850 0.217
88 243 84.180 0.217
88 244 87.990 0.217
88 245 93.410 0.208
88 246 97.410 0.199
88 247 102.780 0.199
88 248 106.790 0.200
88 249 112.290 0.210
88 250 116.490 0.210
88 251 122.340 0.201
88 252 126.990 0.183
88 253 134.260 0.080
88 254 138.770 0.071
88 255 144.510 0.080
88 256 148.980 0.080
88 257 154.980 0.088
88 258 159.740 0.088
88 259 165.990 0.089
88 260 169.940 -0.129
88 261 177.480 0.080
88 262 182.650 0.080
88 263 189.160 0.072
88 264 193.900 -0.087
88 265 200.790 -0.079
88 266 206.460 -0.070
88 267 213.510 -0.053
88 268 219.240 -0.035
88 269 226.410 -0.026
88 270 232.470 -0.018
88 271 239.910 0.000
88 272 246.490 0.000
88 273 255.350 0.000
88 274 262.350 0.000
88 275 271.450 0.002
88 276 278.740 0.003
88 277 287.650 0.445
88 278 294.550 0.446
88 279 302.790 0.446
88 280 309.740 0.447
88 281 318.100 0.447
88 282 325.400 0.425
88 283 334.030 0.415
88 284 341.320 0.415
88 285 350.580 0.394
88 286 358.020 0.394
88 287 366.850 0.395
88 288 373.410 0.450
88 289 384.150 0.332
88 290 391.860 0.322
88 291 398.870 0.463
88 292 406.700 0.464
89 195 34.820 0.310
89 196 32.900 0.293
89 197 29.580 0.321
89 198 28.050 0.330
89 199 25.380 0.369
89 200 24.330 -0.257
89 201 21.420 -0.249
89 202 20.170 -0.240
89 203 17.520 -0.224
89 204 16.520 -0.215
89 205 14.050 -0.207
89 206 13.270 -0.207
89 207 11.010 -0.199
89 208 10.500 -0.190
89 209 8.340 -0.122
89 210 8.240 -0.105
89 211 6.860 -0.070
89 212 6.930 -0.061
89 213 5.600 -0.044
89 214 5.800 -0.018
89 215 5.280 0.000
89 216 7.480 -0.018
89 217 8.350 0.008
89 218 10.900 0.029
89 219 12.240 0.020
89 220 13.430 0.103
89 221 14.340 0.111
89 222 16.530 0.129
89 223 17.920 0.147
89 224 20.690 0.165
89 225 22.050 0.164
89 226 24.740 0.164
89 227 26.400 0.172
89 228 29.400 0.181
89 229 31.280 0.189
89 230 34.320 0.197
89 231 36.300 0.207
89 232 39.630 0.207
89 233 41.860 0.215
89 234 45.410 0.215
89 235 48.000 0.215
89 236 51.640 0.224
89 237 54.460 0.224
89 238 58.400 0.224
89 239 61.480 0.224
89 240 65.580 0.235
89 241 68.940 0.235
89 242 73.870 0.225
89 243 77.590 0.225
89 244 82.740 0.217
89 245 86.590 0.217
89 246 91.690 0.208
89 247 95.630 0.209
89 248 100.690 0.209
89 249 104.690 0.209
89 250 109.890 0.210
89 251 114.120 0.219
89 252 119.610 0.200
89 253 124.260 0.182
89 254 131.310 0.088
89 255 135.910 0.080
89 256 141.450 0.080
89 257 145.760 0.088
89 258 151.540 0.088
89 259 156.230 0.098
89 260 162.230 0.089
89 261 166.060 -0.129
89 262 173.250 0.089
89 263 178.420 0.080
89 264 184.590 0.080
89 265 189.470 -0.087
89 266 195.920 -0.087
89 267 201.590 -0.079
89 268 208.400 -0.053
89 269 214.140 -0.035
89 270 220.990 -0.026
89 271 227.090 -0.018
89 272 234.200 0.000
89 273 240.790 0.000
89 274 249.300 0.000
89 275 256.300 0.000
89 276 265.080 0.002
89 277 272.350 0.004
89 278 280.230 0.446
89 279 287.060 0.446
89 280 295.060 0.457
89 281 301.990 0.448
89 282 309.980 0.447
89 283 317.170 0.436
89 284 325.390 0.426
89 285 332.810 0.416
89 286 341.420 0.405
89 287 348.860 0.405
89 288 356.740 0.450
89 289 364.330 0.461
89 290 374.700 0.332
89 291 382.370 0.322
89 292 389.170 0.464
89 293 397.030 0.464
89 294 405.880 0.463
89 295 413.930 0.454
90 198 37.160 0.283
90 199 35.540 0.302
90 200 32.230 0.339
90 201 31.360 0.380
90 202 28.400 -0.249
90 203 27.140 -0.240
90 204 24.100 -0.224
90 205 23.070 -0.215
90 206 20.170 -0.207
90 207 19.320 -0.199
90 208 16.580 -0.182
90 209 16.010 -0.174
90 210 13.660 -0.148
90 211 13.500 -0.105
90 212 11.760 -0.070
90 213 11.750 -0.070
90 214 10.120 -0.052
90 215 10.300 -0.018
90 216 9.420 0.008
90 217 11.520 -0.018
90 218 11.960 0.008
90 219 14.400 0.029
90 220 15.100 0.030
90 221 16.370 0.102
90 222 16.850 0.111
90 223 19.010 0.138
90 224 20.200 0.164
90 225 22.510 0.165
90 226 23.780 0.173
90 227 26.210 0.173
90 228 27.330 0.182
90 229 30.070 0.190
90 230 31.390 0.198
90 231 34.360 0.198
90 232 35.940 0.207
90 233 39.220 0.215
90 234 41.090 0.215
90 235 44.620 0.215
90 236 46.790 0.215
90 237 50.400 0.223
90 238 52.850 0.224
90 239 56.810 0.224
90 240 59.520 0.224
90 241 63.590 0.235
90 242 66.590 0.235
90 243 71.510 0.225
90 244 74.870 0.225
90 245 80.030 0.217
90 246 83.530 0.217
90 247 88.540 0.217
90 248 92.230 0.209
90 249 97.270 0.209
90 250 100.930 0.209
90 251 106.120 0.219
90 252 109.990 0.219
90 253 115.550 0.211
90 254 119.900 0.192
90 255 125.910 0.163
90 256 131.180 0.088
90 257 136.720 0.088
90 258 140.860 0.088
90 259 146.440 0.098
90 260 150.960 0.098
90 261 156.880 0.098
90 262 160.600 -0.129
90 263 167.720 0.089
90 264 172.610 0.080
90 265 178.780 0.080
90 266 183.390 -0.096
90 267 189.840 -0.087
90 268 195.160 -0.079
90 269 202.060 -0.053
90 270 207.460 -0.035
90 271 214.330 -0.026
90 272 220.090 -0.018
90 273 227.260 0.000
90 274 233.530 0.000
90 275 242.070 0.000
90 276 248.710 0.000
90 277 257.410 0.003
90 278 264.230 0.004
90 279 271.660 0.446
90 280 278.180 0.446
90 281 286.180 0.457
90 282 292.880 0.458
90 283 300.840 0.448
90 284 307.650 0.436
90 285 315.870 0.427
90 286 322.960 0.416
90 287 331.550 0.405
90 288 338.230 0.438
90 289 346.650 0.450
90 290 355.490 0.332
90 291 364.010 0.332
90 292 371.400 0.312
90 293 378.380 0.464
90 294 385.930 0.464
90 295 394.770 0.463
90 296 402.520 0.454
90 297 411.690 0.443
90 298 419.970 0.422
90 299 428.760 0.206
91 200 44.940 0.302
91 201 41.610 0.321
91 202 40.400 0.380
91 203 37.180 0.180
91 204 35.650 0.170
91 205 32.780 0.161
91 206 31.340 0.162
91 207 28.680 -0.215
91 208 27.410 -0.207
91 209 24.670 -0.190
91 210 23.730 -0.182
91 211 21.370 -0.156
91 212 20.930 -0.105
91 213 19.170 -0.087
91 214 18.830 -0.079
91 215 17.190 -0.053
91 216 17.010 -0.018
91 217 16.080 0.000
91 218 17.830 -0.018
91 219 18.210 -0.008
91 220 20.700 -0.026
91 221 21.470 -0.026
91 222 21.250 0.111
91 223 21.760 0.137
91 224 23.670 0.156
91 225 24.380 0.165
91 226 26.640 0.165
91 227 27.190 0.173
91 228 29.250 0.182
91 229 30.330 0.190
91 230 32.600 0.190
91 231 33.900 0.198
91 232 36.490 0.207
91 233 38.010 0.207
91 234 40.860 0.215
91 235 42.730 0.215
91 236 45.850 0.215
91 237 48.060 0.215
91 238 51.260 0.223
91 239 53.690 0.224
91 240 57.310 0.224
91 241 59.990 0.224
91 242 63.880 0.224
91 243 66.620 0.235
91 244 71.010 0.235
91 245 74.560 0.225
91 246 79.440 0.217
91 247 82.890 0.217
91 248 87.570 0.217
91 249 91.200 0.217
91 250 95.950 0.218
91 251 99.620 0.218
91 252 104.480 0.219
91 253 108.380 0.219
91 254 113.580 0.210
91 255 117.950 0.191
91 256 123.750 0.163
91 257 128.020 0.153
91 258 134.180 0.098
91 259 138.340 0.098
91 260 143.820 0.098
91 261 148.190 0.107
91 262 153.870 0.098
91 263 157.570 -0.138
91 264 164.410 0.089
91 265 169.290 0.089
91 266 175.220 0.080
91 267 179.750 -0.096
91 268 185.890 -0.087
91 269 191.210 -0.079
91 270 197.800 -0.053
91 271 203.220 -0.035
91 272 209.770 -0.026
91 273 215.560 -0.018
91 274 222.430 0.000
91 275 228.710 0.000
91 276 236.920 0.000
91 277 243.540 0.000
91 278 251.860 0.002
91 279 257.730 0.446
91 280 265.190 0.457
91 281 271.800 0.458
91 282 279.430 0.458
91 283 286.060 0.458
91 284 293.680 0.448
91 285 300.500 0.437
91 286 308.340 0.427
91 287 315.350 0.427
91 288 323.380 0.427
91 289 330.460 0.439
91 290 338.620 0.450
91 291 347.190 0.332
91 292 355.380 0.323
91 293 362.740 0.312
91 294 371.180 0.302
91 295 377.290 0.464
91 296 385.800 0.454
91 297 393.710 0.442
91 298 402.650 0.422
91 299 410.660 0.422
91 300 420.190 0.400
91 301 426.830 0.206
91 302 435.920 0.206
92 203 48.070 0.226
92 204 44.580 0.208
92 205 43.060 0.180
92 206 39.870 0.162
92 207 38.370 0.162
92 208 35.330 0.153
92 209 34.260 -0.207
92 210 31.080 -0.182
92 211 30.110 -0.182
92 212 27.350 -0.156
92 213 26.820 -0.113
92 214 24.750 -0.087
92 215 24.390 -0.079
92 216 22.380 -0.052
92 217 22.170 -0.018
92 218 20.870 0.008
92 219 22.640 -0.026
92 220 22.500 0.008
92 221 23.980 0.048
92 222 24.120 0.048
92 223 25.120 0.110
92 224 25.220 0.146
92 225 27.140 0.165
92 226 27.450 0.172
92 227 29.080 0.182
92 228 29.290 0.191
92 229 31.210 0.191
92 230 31.850 0.199
92 231 34.080 0.198
92 232 34.900 0.207
92 233 37.400 0.207
92 234 38.520 0.215
92 235 41.340 0.215
92 236 42.840 0.215
92 237 45.930 0.215
92 238 47.770 0.215
92 239 50.950 0.223
92 240 53.010 0.224
92 241 56.590 0.224
92 242 58.900 0.224
92 243 62.750 0.224
92 244 65.160 0.235
92 245 69.480 0.235
92 246 72.720 0.225
92 247 77.540 0.217
92 248 80.630 0.217
92 249 85.320 0.217
92 250 88.600 0.218
92 251 93.310 0.218
92 252 96.630 0.218
92 253 101.480 0.219
92 254 105.040 0.219
92 255 110.280 0.210
92 256 114.350 0.201
92 257 119.790 0.172
92 258 124.130 0.162
92 259 129.570 0.135
92 260 133.890 0.116
92 261 139.490 0.107
92 262 143.750 0.107
92 263 149.420 0.098
92 264 152.900 -0.138
92 265 159.560 0.099
92 266 164.140 0.089
92 267 170.020 0.089
92 268 174.400 -0.096
92 269 180.550 -0.096
92 270 185.520 -0.087
92 271 192.160 -0.053
92 272 197.270 -0.035
92 273 203.820 -0.026
92 274 209.320 -0.018
92 275 216.170 0.000
92 276 222.130 0.000
92 277 230.370 0.000
92 278 236.670 0.000
92 279 244.890 0.004
92 280 250.180 0.447
92 281 257.600 0.448
92 282 263.790 0.447
92 283 271.390 0.448
92 284 277.800 0.449
92 285 285.480 0.449
92 286 291.970 0.438
92 287 299.800 0.427
92 288 306.580 0.417
92 289 314.630 0.417
92 290 321.380 0.439
92 291 329.570 0.439
92 292 337.510 0.323
92 293 345.730 0.302
92 294 352.640 0.302
92 295 361.000 0.293
92 296 368.280 0.282
92 297 377.080 0.282
92 298 383.520 0.432
92 299 392.310 0.423
92 300 400.180 0.411
92 301 408.100 0.215
92 302 415.600 0.206
92 303 424.670 0.206
92 304 434.440 0.337
92 305 441.780 0.206
93 206 52.260 0.198
93 207 49.040 0.180
93 208 47.410 0.162
93 209 44.310 0.162
93 210 42.850 0.153
93 211 39.930 -0.174
93 212 38.550 -0.164
93 213 35.820 -0.156
93 214 34.880 -0.122
93 215 32.850 -0.096
93 216 32.150 -0.087
93 217 30.210 -0.061
93 218 29.730 -0.018
93 219 28.290 0.000
93 220 29.700 -0.026
93 221 29.470 -0.008
93 222 31.480 0.054
93 223 29.800 0.110
93 224 31.090 0.137
93 225 31.220 0.172
93 226 32.450 0.172
93 227 32.320 0.190
93 228 33.550 0.191
93 229 33.690 0.199
93 230 35.220 0.199
93 231 35.760 0.208
93 232 37.540 0.208
93 233 38.280 0.207
93 234 40.380 0.216
93 235 41.420 0.215
93 236 43.900 0.215
93 237 45.330 0.215
93 238 48.080 0.215
93 239 49.690 0.223
93 240 52.650 0.223
93 241 54.680 0.224
93 242 57.900 0.224
93 243 60.150 0.224
93 244 63.670 0.224
93 245 66.010 0.235
93 246 70.020 0.235
93 247 73.190 0.225
93 248 77.490 0.225
93 249 80.820 0.217
93 250 85.160 0.217
93 251 88.440 0.217
93 252 92.820 0.218
93 253 96.150 0.218
93 254 100.660 0.219
93 255 104.190 0.219
93 256 109.110 0.219
93 257 113.150 0.200
93 258 118.300 0.182
93 259 122.710 0.162
93 260 127.850 0.153
93 261 132.090 0.125
93 262 137.420 0.115
93 263 141.790 0.107
93 264 147.070 0.107
93 265 150.660 -0.138
93 266 156.990 0.099
93 267 161.620 0.089
93 268 167.190 0.089
93 269 171.550 -0.096
93 270 177.380 -0.096
93 271 182.370 -0.087
93 272 188.770 -0.053
93 273 193.950 -0.053
93 274 200.220 -0.035
93 275 205.760 -0.026
93 276 212.230 0.000
93 277 218.200 0.000
93 278 226.080 0.000
93 279 232.350 0.002
93 280 238.880 0.424
93 281 244.930 0.424
93 282 251.970 0.436
93 283 258.120 0.436
93 284 265.490 0.448
93 285 271.770 0.438
93 286 279.160 0.437
93 287 285.700 0.417
93 288 293.270 0.417
93 289 300.100 0.406
93 290 308.210 0.396
93 291 315.010 0.396
93 292 323.520 0.272
93 293 330.190 0.281
93 294 337.950 0.302
93 295 344.940 0.293
93 296 352.880 0.293
93 297 360.130 0.282
93 298 368.350 0.273
93 299 375.830 0.273
93 300 383.510 0.215
93 301 390.800 0.215
93 302 399.150 0.215
93 303 406.650 0.206
93 304 415.450 0.206
93 305 425.180 0.337
93 306 432.290 0.206
93 307 440.340 0.207
93 308 449.620 0.197
94 209 55.050 0.171
94 210 51.650 0.162
94 211 50.090 0.162
94 212 46.920 0.144
94 213 45.630 -0.174
94 214 42.500 -0.156
94 215 41.550 -0.130
94 216 39.120 -0.096
94 217 38.380 -0.087
94 218 36.040 -0.061
94 219 35.460 -0.018
94 220 33.720 0.009
94 221 35.050 -0.026
94 222 34.450 0.008
94 223 35.150 0.057
94 224 34.480 0.110
94 225 35.580 0.128
94 226 35.220 0.163
94 227 36.490 0.172
94 228 35.900 0.190
94 229 37.110 0.190
94 230 36.810 0.198
94 231 38.310 0.198
94 232 38.380 0.208
94 233 40.120 0.207
94 234 40.450 0.216
94 235 42.480 0.215
94 236 43.100 0.215
94 237 45.510 0.215
94 238 46.530 0.215
94 239 49.080 0.223
94 240 50.440 0.223
94 241 53.370 0.224
94 242 54.990 0.224
94 243 58.110 0.224
94 244 59.980 0.224
94 245 63.190 0.235
94 246 65.390 0.235
94 247 69.330 0.235
94 248 72.190 0.225
94 249 76.460 0.226
94 250 79.390 0.217
94 251 83.680 0.217
94 252 86.590 0.217
94 253 90.970 0.218
94 254 93.940 0.218
94 255 98.440 0.219
94 256 101.630 0.219
94 257 106.540 0.219
94 258 110.270 0.210
94 259 115.460 0.191
94 260 119.590 0.162
94 261 124.750 0.153
94 262 128.480 0.134
94 263 134.080 0.115
94 264 138.130 0.107
94 265 143.380 0.107
94 266 146.740 -0.138
94 267 152.980 0.099
94 268 157.220 0.099
94 269 162.840 0.089
94 270 166.830 -0.105
94 271 172.760 -0.096
94 272 177.410 -0.087
94 273 183.800 -0.053
94 274 188.660 -0.044
94 275 194.900 -0.026
94 276 200.100 -0.018
94 277 206.670 0.000
94 278 212.320 0.000
94 279 220.130 0.001
94 280 226.120 0.001
94 281 233.740 0.003
94 282 238.440 0.414
94 283 245.400 0.425
94 284 251.340 0.415
94 285 258.460 0.426
94 286 264.530 0.416
94 287 271.930 0.417
94 288 278.280 0.405
94 289 286.190 0.395
94 290 292.540 0.396
94 291 300.270 0.396
94 292 307.150 0.272
94 293 314.900 0.272
94 294 321.430 0.272
94 295 329.120 0.293
94 296 335.700 0.293
94 297 343.780 0.282
94 298 350.550 0.273
94 299 358.930 0.273
94 300 365.570 0.243
94 301 373.730 0.215
94 302 380.720 0.215
94 303 389.070 0.215
94 304 396.250 0.215
94 305 405.070 0.206
94 306 412.700 0.206
94 307 421.540 0.206
94 308 429.410 0.207
94 309 438.440 0.207
94 310 446.280 0.207
94 311 455.370 0.198
94 312 463.110 0.198
95 212 59.430 0.162
95 213 56.160 0.162
95 214 54.830 0.135
95 215 51.720 -0.156
95 216 50.440 -0.130
95 217 47.940 -0.105
95 218 46.860 -0.087
95 219 44.560 -0.070
95 220 43.720 -0.026
95 221 41.810 0.009
95 222 42.890 -0.035
95 223 42.080 -0.017
95 224 43.620 0.053
95 225 41.700 0.127
95 226 42.450 0.162
95 227 41.770 0.189
95 228 42.340 0.190
95 229 41.670 0.198
95 230 42.490 0.198
95 231 42.150 0.208
95 232 43.260 0.208
95 233 43.230 0.207
95 234 44.570 0.216
95 235 44.790 0.215
95 236 46.440 0.215
95 237 46.990 0.215
95 238 48.990 0.215
95 239 49.980 0.215
95 240 52.120 0.223
95 241 53.400 0.223
95 242 55.940 0.224
95 243 57.520 0.224
95 244 60.270 0.224
95 245 62.110 0.224
95 246 64.960 0.235
95 247 67.140 0.235
95 248 70.720 0.235
95 249 73.550 0.225
95 250 77.500 0.226
95 251 80.400 0.217
95 252 84.340 0.217
95 253 87.230 0.217
95 254 91.240 0.218
95 255 94.210 0.218
95 256 98.400 0.219
95 257 101.580 0.219
95 258 106.160 0.219
95 259 109.880 0.210
95 260 114.760 0.191
95 261 118.920 0.162
95 262 123.710 0.162
95 263 127.510 0.143
95 264 132.640 0.125
95 265 136.950 0.107
95 266 141.880 0.107
95 267 145.300 -0.147
95 268 151.100 0.107
95 269 155.430 0.099
95 270 160.720 0.099
95 271 164.740 -0.105
95 272 170.260 -0.105
95 273 175.020 -0.096
95 274 181.150 -0.053
95 275 186.030 -0.053
95 276 192.010 -0.035
95 277 197.220 -0.018
95 278 203.510 0.000
95 279 209.180 0.000
95 280 216.470 0.001
95 281 222.430 0.002
95 282 228.500 0.413
95 283 234.180 0.414
95 284 240.910 0.415
95 285 246.720 0.415
95 286 253.580 0.416
95 287 260.770 0.253
95 288 266.770 0.405
95 289 273.270 0.396
95 290 280.520 0.395
95 291 287.160 0.252
95 292 294.500 0.252
95 293 300.810 0.263
95 294 308.240 0.272
95 295 314.750 0.272
95 296 322.210 0.272
95 297 328.710 0.293
95 298 336.520 0.273
95 299 343.250 0.273
95 300 351.100 0.253
95 301 358.070 0.234
95 302 365.990 0.215
95 303 372.990 0.215
95 304 381.040 0.215
95 305 388.230 0.215
95 306 396.750 0.206
95 307 404.390 0.206
95 308 412.960 0.206
95 309 420.770 0.207
95 310 429.410 0.207
95 311 437.380 0.207
95 312 445.970 0.207
95 313 453.730 0.208
95 314 462.590 0.198
95 315 470.480 0.198
96 215 62.340 0.144
96 216 59.130 -0.156
96 217 57.800 -0.139
96 218 54.870 -0.105
96 219 53.770 -0.087
96 220 51.050 -0.070
96 221 50.100 -0.018
96 222 47.880 0.000
96 223 48.810 -0.026
96 224 47.420 0.010
96 225 49.220 0.053
96 226 46.910 0.110
96 227 47.760 0.144
96 228 46.630 0.189
96 229 47.200 0.189
96 230 46.130 0.198
96 231 46.930 0.198
96 232 46.180 0.207
96 233 47.250 0.207
96 234 46.820 0.216
96 235 48.120 0.215
96 236 47.920 0.215
96 237 49.550 0.215
96 238 49.690 0.215
96 239 51.630 0.215
96 240 52.040 0.224
96 241 54.240 0.223
96 242 55.120 0.224
96 243 57.390 0.234
96 244 58.520 0.234
96 245 61.210 0.234
96 246 62.590 0.234
96 247 65.610 0.235
96 248 67.320 0.235
96 249 70.890 0.235
96 250 73.350 0.225
96 251 77.240 0.226
96 252 79.650 0.226
96 253 83.750 0.217
96 254 86.250 0.217
96 255 90.250 0.218
96 256 92.850 0.218
96 257 96.990 0.219
96 258 99.820 0.219
96 259 104.370 0.219
96 260 107.780 0.210
96 261 112.650 0.200
96 262 116.260 0.172
96 263 121.410 0.163
96 264 124.850 0.153
96 265 129.740 0.134
96 266 134.020 0.107
96 267 138.960 0.107
96 268 142.190 -0.147
96 269 147.820 0.107
96 270 151.820 0.099
96 271 157.100 0.099
96 272 160.930 -0.105
96 273 166.430 -0.105
96 274 170.870 -0.096
96 275 176.930 -0.053
96 276 181.490 -0.044
96 277 187.470 -0.026
96 278 192.360 -0.008
96 279 198.650 0.000
96 280 203.990 0.000
96 281 211.330 0.002
96 282 216.910 0.002
96 283 224.150 0.004
96 284 229.880 0.005
96 285 236.410 0.244
96 286 241.710 0.244
96 287 248.530 0.244
96 288 254.050 0.244
96 289 261.060 0.244
96 290 266.770 0.244
96 291 273.980 0.244
96 292 279.850 0.244
96 293 287.150 0.243
96 294 293.150 0.252
96 295 300.550 0.272
96 296 306.720 0.272
96 297 314.250 0.273
96 298 320.560 0.283
96 299 328.130 0.273
96 300 334.680 0.273
96 301 342.540 0.234
96 302 349.220 0.224
96 303 357.150 0.215
96 304 363.840 0.215
96 305 371.880 0.215
96 306 378.780 0.215
96 307 387.300 0.206
96 308 394.610 0.206
96 309 403.170 0.206
96 310 410.670 0.207
96 311 419.300 0.207
96 312 426.830 0.207
96 313 435.490 0.208
96 314 442.940 0.208
96 315 451.830 0.198
96 316 459.440 0.198
96 317 468.460 0.199
96 318 476.480 0.199
97 218 67.330 -0.139
97 219 64.390 -0.105
97 220 62.900 -0.096
97 221 60.210 -0.070
97 222 59.000 -0.026
97 223 56.630 0.009
97 224 57.270 -0.035
97 225 55.550 0.020
97 226 57.010 0.053
97 227 54.970 0.244
97 228 54.920 0.244
97 229 53.540 0.225
97 230 53.820 0.198
97 231 52.700 0.207
97 232 53.130 0.207
97 233 52.360 0.216
97 234 53.040 0.216
97 235 52.530 0.215
97 236 53.450 0.215
97 237 53.190 0.215
97 238 54.450 0.215
97 239 54.490 0.215
97 240 55.890 0.224
97 241 56.390 0.224
97 242 58.190 0.224
97 243 58.800 0.234
97 244 60.830 0.234
97 245 61.910 0.234
97 246 64.210 0.234
97 247 65.540 0.235
97 248 68.150 0.235
97 249 69.820 0.235
97 250 73.020 0.235
97 251 75.190 0.235
97 252 79.000 0.226
97 253 81.380 0.226
97 254 85.150 0.217
97 255 87.640 0.217
97 256 91.290 0.218
97 257 93.880 0.218
97 258 97.680 0.219
97 259 100.490 0.219
97 260 104.700 0.220
97 261 108.080 0.219
97 262 112.670 0.200
97 263 116.210 0.182
97 264 121.170 0.163
97 265 124.630 0.153
97 266 129.200 0.143
97 267 133.410 0.116
97 268 138.230 0.107
97 269 141.510 -0.147
97 270 146.740 0.107
97 271 150.700 0.107
97 272 155.710 0.099
97 273 159.600 -0.105
97 274 164.780 -0.105
97 275 169.230 -0.096
97 276 175.040 -0.053
97 277 179.590 -0.053
97 278 185.270 -0.035
97 279 190.200 -0.018
97 280 196.210 0.000
97 281 201.560 0.000
97 282 208.400 0.002
97 283 213.930 0.003
97 284 220.760 0.004
97 285 226.050 0.252
97 286 232.400 0.252
97 287 237.690 0.244
97 288 244.190 0.244
97 289 249.700 0.244
97 290 256.400 0.244
97 291 262.090 0.244
97 292 268.960 0.244
97 293 274.810 0.243
97 294 281.740 0.252
97 295 287.790 0.253
97 296 294.790 0.263
97 297 300.890 0.272
97 298 308.110 0.273
97 299 314.450 0.273
97 300 321.690 0.273
97 301 328.220 0.273
97 302 335.750 0.243
97 303 342.670 0.224
97 304 350.360 0.215
97 305 357.020 0.215
97 306 364.750 0.215
97 307 371.650 0.215
97 308 379.690 0.215
97 309 386.970 0.215
97 310 395.380 0.207
97 311 402.820 0.207
97 312 411.210 0.207
97 313 418.720 0.208
97 314 427.020 0.208
97 315 434.470 0.208
97 316 443.110 0.198
97 317 450.730 0.198
97 318 459.460 0.199
97 319 467.460 0.199
97 320 476.410 0.199
97 321 484.610 0.199
98 221 70.470 -0.096
98 222 67.360 -0.070
98 223 66.110 -0.026
98 224 63.380 0.000
98 225 63.870 -0.026
98 226 61.920 0.010
98 227 63.260 0.053
98 228 60.910 0.263
98 229 60.870 0.253
98 230 59.170 0.243
98 231 59.380 0.243
98 232 57.920 0.225
98 233 58.390 0.207
98 234 57.210 0.216
98 235 57.850 0.216
98 236 56.970 0.215
98 237 57.840 0.215
98 238 57.200 0.215
98 239 58.420 0.215
98 240 58.050 0.215
98 241 59.390 0.224
98 242 59.440 0.224
98 243 61.010 0.234
98 244 61.370 0.234
98 245 63.370 0.234
98 246 64.040 0.234
98 247 66.260 0.234
98 248 67.210 0.235
98 249 69.740 0.235
98 250 70.890 0.245
98 251 74.180 0.236
98 252 76.000 0.236
98 253 79.760 0.226
98 254 81.770 0.226
98 255 85.300 0.227
98 256 87.590 0.218
98 257 91.210 0.219
98 258 93.420 0.219
98 259 97.190 0.219
98 260 99.610 0.220
98 261 103.760 0.220
98 262 106.840 0.220
98 263 111.440 0.200
98 264 114.690 0.182
98 265 119.660 0.163
98 266 122.720 0.162
98 267 127.370 0.143
98 268 131.250 0.116
98 269 136.030 0.107
98 270 139.160 -0.147
98 271 144.200 0.107
98 272 147.820 0.108
98 273 152.840 0.099
98 274 156.510 -0.105
98 275 161.680 -0.105
98 276 165.790 -0.096
98 277 171.530 -0.053
98 278 175.780 -0.053
98 279 181.460 -0.035
98 280 186.070 -0.008
98 281 192.090 0.000
98 282 197.130 0.000
98 283 204.000 0.002
98 284 209.200 0.003
98 285 215.920 0.004
98 286 221.020 0.252
98 287 227.350 0.252
98 288 232.320 0.252
98 289 238.810 0.253
98 290 244.010 0.252
98 291 250.670 0.253
98 292 256.040 0.253
98 293 262.880 0.252
98 294 268.420 0.252
98 295 275.400 0.253
98 296 281.010 0.263
98 297 288.050 0.272
98 298 293.800 0.273
98 299 300.960 0.273
98 300 306.980 0.273
98 301 314.310 0.274
98 302 320.570 0.274
98 303 328.030 0.253
98 304 334.510 0.235
98 305 342.260 0.224
98 306 348.900 0.215
98 307 356.530 0.215
98 308 363.220 0.215
98 309 371.240 0.215
98 310 378.230 0.216
98 311 386.600 0.207
98 312 393.730 0.207
98 313 402.070 0.208
98 314 409.300 0.208
98 315 417.510 0.208
98 316 424.930 0.198
98 317 433.280 0.198
98 318 440.550 0.199
98 319 449.260 0.199
98 320 457.040 0.199
98 321 465.910 0.199
98 322 473.830 0.200
98 323 482.940 0.199
98 324 494.220 0.027
98 325 502.690 0.027
99 224 75.580 -0.026
99 225 72.850 0.009
99 226 72.930 -0.034
99 227 70.750 0.010
99 228 71.800 0.053
99 229 69.020 0.263
99 230 68.600 0.263
99 231 66.880 0.262
99 232 66.720 0.252
99 233 65.290 0.243
99 234 65.340 0.234
99 235 64.130 0.234
99 236 64.420 0.224
99 237 63.440 0.224
99 238 63.960 0.224
99 239 63.220 0.224
99 240 64.050 0.224
99 241 63.580 0.224
99 242 64.670 0.224
99 243 64.690 0.224
99 244 65.820 0.234
99 245 66.130 0.234
99 246 67.730 0.234
99 247 68.340 0.234
99 248 70.180 0.235
99 249 71.030 0.235
99 250 73.010 0.244
99 251 74.280 0.245
99 252 77.230 0.236
99 253 79.000 0.236
99 254 82.390 0.226
99 255 84.390 0.226
99 256 87.540 0.227
99 257 89.680 0.227
99 258 93.090 0.219
99 259 95.280 0.219
99 260 98.660 0.219
99 261 101.060 0.219
99 262 104.910 0.220
99 263 107.910 0.219
99 264 112.210 0.210
99 265 115.420 0.191
99 266 120.200 0.163
99 267 123.250 0.162
99 268 127.590 0.153
99 269 131.330 0.125
99 270 135.810 0.116
99 271 139.390 0.107
99 272 143.860 0.107
99 273 147.480 0.108
99 274 152.150 0.108
99 275 156.150 0.099
99 276 160.790 -0.105
99 277 164.890 -0.096
99 278 170.290 -0.061
99 279 174.610 -0.053
99 280 179.980 -0.035
99 281 184.650 -0.008
99 282 190.310 0.001
99 283 195.330 0.001
99 284 201.660 0.002
99 285 206.900 0.003
99 286 213.500 0.252
99 287 218.220 0.252
99 288 224.240 0.252
99 289 229.200 0.252
99 290 235.380 0.252
99 291 240.540 0.252
99 292 246.880 0.252
99 293 252.240 0.252
99 294 258.760 0.253
99 295 264.270 0.253
99 296 270.850 0.263
99 297 276.510 0.263
99 298 283.170 0.273
99 299 288.950 0.273
99 300 295.760 0.273
99 301 301.760 0.274
99 302 308.790 0.274
99 303 315.040 0.274
99 304 322.340 0.264
99 305 328.800 0.235
99 306 336.310 0.225
99 307 342.880 0.215
99 308 350.300 0.215
99 309 357.020 0.216
99 310 364.700 0.216
99 311 371.680 0.216
99 312 379.620 0.216
99 313 386.590 0.216
99 314 394.770 0.208
99 315 401.950 0.208
99 316 409.890 0.208
99 317 417.330 0.198
99 318 425.410 0.198
99 319 432.670 0.199
99 320 441.070 0.199
99 321 448.810 0.199
99 322 457.440 0.199
99 323 465.340 0.200
99 324 474.140 0.200
99 325 482.190 0.199
99 326 493.920 0.027
99 327 500.950 0.000
99 328 509.650 -0.018
100 226 80.200 0.000
100 227 80.220 -0.026
100 228 77.890 -0.007
100 229 78.710 0.053
100 230 75.750 0.272
100 231 75.280 0.272
100 232 73.200 0.272
100 233 72.970 0.272
100 234 71.180 0.263
100 235 71.310 0.243
100 236 69.720 0.243
100 237 70.010 0.234
100 238 68.640 0.234
100 239 69.140 0.234
100 240 68.100 0.224
100 241 68.880 0.224
100 242 68.050 0.224
100 243 69.080 0.224
100 244 68.690 0.224
100 245 69.770 0.234
100 246 69.690 0.234
100 247 71.230 0.234
100 248 71.430 0.235
100 249 73.220 0.235
100 250 73.660 0.235
100 251 75.560 0.245
100 252 76.430 0.245
100 253 79.340 0.236
100 254 80.710 0.237
100 255 83.790 0.237
100 256 85.660 0.227
100 257 88.770 0.227
100 258 90.510 0.228
100 259 93.690 0.228
100 260 95.610 0.219
100 261 98.980 0.219
100 262 101.000 0.220
100 263 104.790 0.220
100 264 107.450 0.220
100 265 111.780 0.211
100 266 114.640 0.191
100 267 119.420 0.163
100 268 122.180 0.163
100 269 126.490 0.154
100 270 129.890 0.126
100 271 134.380 0.116
100 272 137.620 0.107
100 273 142.040 0.108
100 274 145.330 0.108
100 275 150.000 0.108
100 276 153.690 0.099
100 277 158.420 -0.105
100 278 162.190 -0.096
100 279 167.520 -0.061
100 280 171.520 -0.053
100 281 176.880 -0.035
100 282 181.290 -0.008
100 283 186.940 0.001
100 284 191.630 0.001
100 285 198.010 0.002
100 286 203.510 0.000
100 287 209.320 0.004
100 288 214.130 0.252
100 289 220.140 0.252
100 290 224.760 0.252
100 291 230.910 0.252
100 292 235.780 0.252
100 293 242.100 0.253
100 294 247.140 0.253
100 295 253.630 0.253
100 296 258.840 0.253
100 297 265.380 0.263
100 298 270.740 0.264
100 299 277.360 0.273
100 300 282.740 0.273
100 301 289.570 0.273
100 302 295.290 0.274
100 303 302.230 0.274
100 304 308.190 0.274
100 305 315.760 0.274
100 306 321.720 0.245
100 307 329.400 0.225
100 308 335.710 0.216
100 309 343.130 0.216
100 310 349.570 0.216
100 311 357.230 0.216
100 312 363.860 0.216
100 313 371.980 0.217
100 314 378.430 0.217
100 315 386.570 0.208
100 316 393.380 0.208
100 317 401.600 0.198
100 318 408.410 0.198
100 319 416.440 0.199
100 320 423.400 0.199
100 321 431.780 0.200
100 322 439.240 0.199
100 323 447.820 0.200
100 324 455.430 0.200
100 325 464.220 0.200
100 326 471.960 0.200
100 327 483.600 0.027
100 328 490.350 0.000
100 329 499.070 -0.018
100 330 506.730 -0.026
100 331 515.870 0.053
101 229 87.430 -0.007
101 230 87.920 0.053
101 231 84.910 0.272
101 232 84.010 0.272
101 233 81.870 0.272
101 234 81.260 0.272
101 235 79.380 0.272
101 236 79.160 0.253
101 237 77.600 0.243
101 238 77.550 0.234
101 239 76.260 0.224
101 240 76.380 0.224
101 241 75.220 0.224
101 242 75.620 0.224
101 243 74.770 0.224
101 244 75.430 0.224
101 245 75.000 0.224
101 246 75.960 0.224
101 247 75.560 0.235
101 248 76.710 0.235
101 249 76.830 0.235
101 250 78.240 0.235
101 251 78.580 0.236
101 252 80.120 0.245
101 253 80.910 0.246
101 254 83.400 0.237
101 255 84.720 0.237
101 256 87.360 0.237
101 257 89.200 0.227
101 258 91.870 0.227
101 259 93.540 0.228
101 260 96.340 0.228
101 261 98.230 0.219
101 262 101.230 0.219
101 263 103.210 0.220
101 264 106.650 0.220
101 265 109.300 0.220
101 266 113.300 0.211
101 267 116.150 0.200
101 268 120.350 0.172
101 269 123.510 0.163
101 270 127.510 0.154
101 271 130.570 0.135
101 272 135.120 0.116
101 273 138.150 0.116
101 274 142.440 0.108
101 275 145.710 0.108
101 276 150.070 0.108
101 277 153.740 0.108
101 278 158.260 -0.105
101 279 162.010 -0.105
101 280 167.060 -0.061
101 281 171.050 -0.053
101 282 176.130 -0.035
101 283 180.530 -0.007
101 284 185.860 0.001
101 285 190.500 0.001
101 286 197.200 0.000
101 287 201.380 0.003
101 288 207.420 0.004
101 289 212.220 0.252
101 290 217.920 0.252
101 291 222.510 0.253
101 292 228.350 0.253
101 293 233.190 0.253
101 294 239.210 0.253
101 295 244.230 0.253
101 296 250.410 0.253
101 297 255.610 0.253
101 298 261.850 0.263
101 299 267.120 0.263
101 300 273.450 0.273
101 301 278.830 0.273
101 302 285.330 0.273
101 303 291.000 0.274
101 304 297.750 0.274
101 305 303.720 0.274
101 306 310.980 0.275
101 307 317.030 0.265
101 308 324.220 0.236
101 309 330.560 0.225
101 310 337.890 0.216
101 311 344.310 0.216
101 312 351.660 0.216
101 313 358.430 0.217
101 314 365.890 0.217
101 315 372.470 0.217
101 316 380.200 0.208
101 317 387.000 0.208
101 318 394.600 0.208
101 319 401.710 0.198
101 320 409.420 0.199
101 321 416.430 0.199
101 322 424.470 0.200
101 323 431.850 0.200
101 324 440.170 0.200
101 325 447.750 0.200
101 326 456.290 0.200
101 327 464.030 0.200
101 328 475.540 0.027
101 329 482.300 0.000
101 330 490.730 -0.008
101 331 498.430 -0.026
101 332 507.280 0.053
101 333 515.090 0.071
101 334 523.880 0.088
102 232 93.030 -0.024
102 233 91.630 0.281
102 234 89.120 0.281
102 235 88.470 0.281
102 236 86.220 0.281
102 237 85.890 0.281
102 238 83.980 0.263
102 239 84.030 0.243
102 240 82.290 0.234
102 241 82.430 0.234
102 242 80.980 0.224
102 243 81.370 0.224
102 244 80.130 0.224
102 245 80.760 0.224
102 246 79.950 0.224
102 247 80.860 0.224
102 248 80.080 0.235
102 249 81.210 0.235
102 250 80.930 0.235
102 251 82.300 0.236
102 252 82.200 0.236
102 253 83.840 0.236
102 254 84.050 0.246
102 255 86.550 0.237
102 256 87.420 0.237
102 257 90.030 0.238
102 258 91.440 0.228
102 259 94.050 0.228
102 260 95.320 0.228
102 261 98.170 0.219
102 262 99.520 0.219
102 263 102.450 0.220
102 264 104.040 0.220
102 265 107.450 0.221
102 266 109.740 0.220
102 267 113.740 0.211
102 268 116.210 0.201
102 269 120.350 0.172
102 270 123.200 0.163
102 271 127.180 0.154
102 272 129.920 0.135
102 273 134.410 0.116
102 274 137.140 0.116
102 275 141.390 0.108
102 276 144.330 0.108
102 277 148.660 0.108
102 278 152.010 0.108
102 279 156.660 -0.105
102 280 160.090 -0.096
102 281 165.020 -0.061
102 282 168.690 -0.053
102 283 173.810 -0.018
102 284 177.830 0.001
102 285 183.220 0.001
102 286 187.620 0.000
102 287 193.550 0.002
102 288 198.160 0.003
102 289 204.220 0.004
102 290 210.660 0.000
102 291 214.690 0.253
102 292 218.980 0.253
102 293 224.810 0.253
102 294 229.320 0.253
102 295 235.320 0.253
102 296 240.050 0.253
102 297 246.220 0.253
102 298 251.080 0.253
102 299 257.290 0.263
102 300 262.260 0.264
102 301 268.560 0.273
102 302 273.640 0.274
102 303 280.110 0.274
102 304 285.500 0.275
102 305 292.280 0.275
102 306 297.950 0.275
102 307 305.180 0.275
102 308 311.220 0.276
102 309 318.430 0.276
102 310 324.490 0.267
102 311 331.830 0.267
102 312 337.970 0.256
102 313 345.360 0.256
102 314 351.550 0.217
102 315 358.990 0.217
102 316 365.250 0.217
102 317 372.930 0.208
102 318 379.380 0.208
102 319 386.990 0.208
102 320 393.470 0.209
102 321 401.440 0.199
102 322 407.850 0.210
102 323 416.100 0.200
102 324 423.040 0.210
102 325 431.380 0.210
102 326 438.700 0.210
102 327 447.150 0.200
102 328 454.590 0.200
102 329 465.940 0.018
102 330 472.460 0.000
102 331 480.940 -0.008
102 332 488.310 -0.018
102 333 497.200 0.053
102 334 504.800 0.071
102 335 513.560 0.080
102 336 521.310 0.088
102 337 530.110 0.098
102 338 537.990 0.098
103 235 98.570 0.282
103 236 97.540 0.282
103 237 95.240 0.282
103 238 94.540 0.281
103 239 92.550 0.272
103 240 92.130 0.263
103 241 90.480 0.244
103 242 90.330 0.235
103 243 88.870 0.224
103 244 88.860 0.224
103 245 87.620 0.224
103 246 87.890 0.224
103 247 87.010 0.225
103 248 87.550 0.225
103 249 86.740 0.235
103 250 87.460 0.235
103 251 87.090 0.236
103 252 88.090 0.236
103 253 87.890 0.236
103 254 89.150 0.237
103 255 89.300 0.246
103 256 91.420 0.238
103 257 92.200 0.238
103 258 94.420 0.238
103 259 95.710 0.228
103 260 97.960 0.228
103 261 99.160 0.228
103 262 101.640 0.219
103 263 102.910 0.220
103 264 105.510 0.220
103 265 107.040 0.221
103 266 110.050 0.221
103 267 112.320 0.220
103 268 115.990 0.211
103 269 118.500 0.201
103 270 122.390 0.173
103 271 125.240 0.163
103 272 128.860 0.163
103 273 131.540 0.154
103 274 135.620 0.126
103 275 138.380 0.126
103 276 142.500 0.108
103 277 145.430 0.108
103 278 149.450 0.108
103 279 152.790 0.108
103 280 157.220 -0.105
103 281 160.620 -0.096
103 282 165.250 -0.061
103 283 168.920 -0.053
103 284 173.730 -0.026
103 285 177.760 0.001
103 286 182.840 0.000
103 287 187.130 0.002
103 288 192.730 0.003
103 289 197.310 0.003
103 290 204.670 0.000
103 291 209.630 0.000
103 292 213.350 0.253
103 293 217.600 0.244
103 294 223.110 0.244
103 295 227.620 0.244
103 296 233.330 0.244
103 297 238.050 0.244
103 298 243.850 0.253
103 299 248.690 0.253
103 300 254.660 0.254
103 301 259.500 0.264
103 302 265.550 0.264
103 303 270.530 0.274
103 304 276.710 0.274
103 305 282.000 0.274
103 306 288.490 0.275
103 307 294.230 0.275
103 308 301.140 0.276
103 309 307.030 0.276
103 310 314.000 0.267
103 311 319.990 0.267
103 312 327.110 0.256
103 313 333.160 0.256
103 314 340.360 0.247
103 315 346.620 0.238
103 316 353.820 0.218
103 317 360.040 0.218
103 318 367.420 0.209
103 319 373.820 0.209
103 320 381.120 0.209
103 321 387.580 0.209
103 322 394.990 0.210
103 323 401.680 0.210
103 324 409.410 0.210
103 325 416.540 0.210
103 326 424.530 0.211
103 327 431.850 0.210
103 328 440.010 0.200
103 329 447.450 0.200
103 330 458.620 0.018
103 331 465.160 0.000
103 332 473.350 -0.008
103 333 480.740 -0.018
103 334 489.330 0.053
103 335 496.950 0.071
103 336 505.500 0.088
103 337 513.130 0.098
103 338 521.700 0.098
103 339 529.590 0.098
104 238 102.930 0.292
104 239 102.090 0.301
104 240 99.850 0.282
104 241 99.410 0.272
104 242 97.470 0.244
104 243 97.320 0.235
104 244 95.460 0.225
104 245 95.450 0.224
104 246 93.830 0.225
104 247 94.090 0.224
104 248 92.810 0.225
104 249 93.310 0.225
104 250 92.120 0.235
104 251 92.810 0.236
104 252 92.050 0.236
104 253 92.960 0.236
104 254 92.390 0.237
104 255 93.460 0.246
104 256 93.380 0.247
104 257 95.370 0.238
104 258 95.800 0.238
104 259 97.950 0.239
104 260 98.810 0.228
104 261 100.980 0.228
104 262 101.790 0.229
104 263 104.070 0.229
104 264 105.070 0.220
104 265 107.590 0.220
104 266 108.680 0.230
104 267 111.710 0.221
104 268 113.620 0.221
104 269 117.260 0.212
104 270 119.450 0.201
104 271 123.330 0.173
104 272 125.860 0.164
104 273 129.440 0.163
104 274 131.810 0.144
104 275 135.980 0.116
104 276 138.330 0.116
104 277 142.210 0.108
104 278 144.780 0.108
104 279 148.810 0.108
104 280 151.810 0.108
104 281 156.350 -0.105
104 282 159.410 -0.096
104 283 163.960 -0.053
104 284 167.400 -0.018
104 285 172.140 -0.008
104 286 175.800 0.000
104 287 180.880 0.001
104 288 184.930 0.001
104 289 190.590 0.002
104 290 195.490 0.000
104 291 202.050 0.000
104 292 205.130 0.004
104 293 211.010 0.253
104 294 214.920 0.253
104 295 220.410 0.253
104 296 224.610 0.253
104 297 230.300 0.244
104 298 234.650 0.253
104 299 240.490 0.253
104 300 245.010 0.254
104 301 250.860 0.264
104 302 255.490 0.265
104 303 261.480 0.274
104 304 266.140 0.274
104 305 272.340 0.275
104 306 277.330 0.275
104 307 283.850 0.275
104 308 289.290 0.276
104 309 296.060 0.276
104 310 301.660 0.276
104 311 308.620 0.276
104 312 314.350 0.267
104 313 321.370 0.268
104 314 327.180 0.257
104 315 334.300 0.247
104 316 340.260 0.238
104 317 347.390 0.238
104 318 353.530 0.218
104 319 360.740 0.218
104 320 366.960 0.209
104 321 374.250 0.209
104 322 380.420 0.210
104 323 387.810 0.210
104 324 394.190 0.211
104 325 401.910 0.211
104 326 408.720 0.211
104 327 416.740 0.211
104 328 423.760 0.200
104 329 431.920 0.200
104 330 438.980 0.200
104 331 449.820 0.008
104 332 456.050 0.000
104 333 464.270 -0.008
104 334 471.410 -0.008
104 335 480.010 0.045
104 336 487.400 0.062
104 337 495.910 0.080
104 338 503.400 0.088
104 339 511.990 0.098
105 241 109.270 0.273
105 242 108.410 0.273
105 243 106.450 0.244
105 244 105.950 0.235
105 245 104.080 0.225
105 246 103.700 0.225
105 247 102.060 0.225
105 248 101.910 0.225
105 249 100.600 0.225
105 250 100.720 0.225
105 251 99.500 0.236
105 252 99.800 0.236
105 253 98.940 0.237
105 254 99.540 0.237
105 255 98.830 0.237
105 256 99.550 0.247
105 257 99.400 0.247
105 258 100.970 0.238
105 259 101.340 0.239
105 260 103.070 0.239
105 261 103.850 0.228
105 262 105.660 0.229
105 263 106.410 0.229
105 264 108.330 0.229
105 265 109.160 0.229
105 266 111.420 0.221
105 267 112.420 0.230
105 268 115.120 0.221
105 269 117.040 0.221
105 270 120.320 0.212
105 271 122.530 0.201
105 272 126.050 0.183
105 273 128.680 0.164
105 274 131.940 0.163
105 275 134.260 0.155
105 276 137.950 0.126
105 277 140.460 0.117
105 278 144.030 0.108
105 279 146.570 0.108
105 280 150.270 0.108
105 281 153.260 0.108
105 282 157.620 -0.105
105 283 160.680 -0.096
105 284 164.880 -0.053
105 285 168.170 -0.044
105 286 172.800 -0.007
105 287 176.460 0.001
105 288 181.210 0.001
105 289 185.230 0.002
105 290 191.280 0.000
105 291 195.510 0.000
105 292 200.210 0.004
105 293 204.690 0.004
105 294 210.480 0.253
105 295 214.370 0.253
105 296 219.550 0.253
105 297 223.720 0.253
105 298 229.080 0.253
105 299 233.430 0.254
105 300 238.940 0.254
105 301 243.410 0.265
105 302 248.970 0.265
105 303 253.530 0.274
105 304 259.250 0.275
105 305 263.910 0.275
105 306 269.770 0.275
105 307 274.820 0.276
105 308 281.070 0.276
105 309 286.380 0.276
105 310 292.850 0.276
105 311 298.470 0.276
105 312 305.100 0.277
105 313 310.760 0.277
105 314 317.450 0.277
105 315 323.200 0.268
105 316 329.930 0.268
105 317 335.910 0.248
105 318 342.770 0.248
105 319 348.710 0.248
105 320 355.710 0.269
105 321 361.770 0.249
105 322 368.890 0.249
105 323 375.300 0.210
105 324 382.420 0.210
105 325 388.770 0.211
105 326 396.200 0.211
105 327 402.980 0.211
105 328 410.770 0.201
105 329 417.670 0.201
105 330 425.540 0.201
105 331 432.660 0.200
105 332 443.150 0.018
105 333 449.460 0.000
105 334 457.400 -0.008
105 335 464.560 -0.018
105 336 472.890 0.053
105 337 480.300 0.071
105 338 488.520 0.080
105 339 496.020 0.088
106 244 113.980 0.274
106 245 113.660 0.235
106 246 111.440 0.225
106 247 111.010 0.225
106 248 109.020 0.225
106 249 108.870 0.225
106 250 107.160 0.225
106 251 107.260 0.225
106 252 105.640 0.236
106 253 105.890 0.236
106 254 104.660 0.237
106 255 105.120 0.247
106 256 104.000 0.247
106 257 104.790 0.247
106 258 104.270 0.248
106 259 105.670 0.248
106 260 105.730 0.239
106 261 107.430 0.238
106 262 107.830 0.229
106 263 109.570 0.229
106 264 109.940 0.229
106 265 111.780 0.229
106 266 112.240 0.230
106 267 114.350 0.230
106 268 115.090 0.231
106 269 117.740 0.222
106 270 119.260 0.221
106 271 122.540 0.212
106 272 124.430 0.201
106 273 127.950 0.183
106 274 130.190 0.164
106 275 133.430 0.164
106 276 135.480 0.135
106 277 139.300 0.108
106 278 141.240 0.108
106 279 144.620 0.108
106 280 146.790 0.108
106 281 150.420 0.108
106 282 153.100 0.108
106 283 157.460 -0.096
106 284 160.100 -0.087
106 285 164.270 -0.053
106 286 167.380 -0.008
106 287 171.800 -0.008
106 288 175.160 0.000
106 289 179.890 0.000
106 290 183.680 0.000
106 291 189.660 0.000
106 292 193.130 0.003
106 293 198.590 0.003
106 294 202.810 0.004
106 295 208.300 0.005
106 296 212.560 0.253
106 297 217.780 0.253
106 298 221.590 0.253
106 299 226.940 0.253
106 300 230.980 0.264
106 301 236.450 0.264
106 302 240.590 0.265
106 303 246.150 0.274
106 304 250.390 0.275
106 305 256.050 0.275
106 306 260.400 0.275
106 307 266.300 0.275
106 308 270.960 0.276
106 309 277.220 0.276
106 310 282.210 0.276
106 311 288.700 0.276
106 312 293.960 0.276
106 313 300.550 0.277
106 314 305.910 0.277
106 315 312.520 0.278
106 316 317.940 0.278
106 317 324.670 0.278
106 318 330.170 0.279
106 319 337.080 0.279
106 320 342.900 0.279
106 321 350.050 0.280
106 322 355.940 0.270
106 323 363.310 0.270
106 324 368.970 0.250
106 325 376.010 0.221
106 326 382.210 0.211
106 327 389.640 0.211
106 328 396.260 0.201
106 329 403.860 0.201
106 330 410.530 0.201
106 331 418.390 0.201
106 332 427.960 0.008
106 333 435.120 0.008
106 334 441.050 0.000
106 335 449.060 0.000
106 336 455.950 -0.008
106 337 464.210 0.008
106 338 471.510 0.062
106 339 479.820 0.080
107 247 120.610 0.265
107 248 120.060 0.225
107 249 118.010 0.226
107 250 117.500 0.226
107 251 115.610 0.236
107 252 115.320 0.236
107 253 113.790 0.237
107 254 113.690 0.237
107 255 112.340 0.247
107 256 112.510 0.247
107 257 111.380 0.248
107 258 111.770 0.248
107 259 111.130 0.248
107 260 112.240 0.239
107 261 112.150 0.239
107 262 113.450 0.239
107 263 113.680 0.239
107 264 115.140 0.229
107 265 115.430 0.230
107 266 116.900 0.230
107 267 117.300 0.230
107 268 119.040 0.230
107 269 119.710 0.231
107 270 122.030 0.222
107 271 123.500 0.221
107 272 126.430 0.221
107 273 128.300 0.212
107 274 131.450 0.192
107 275 133.760 0.164
107 276 136.680 0.164
107 277 138.630 0.145
107 278 142.200 0.108
107 279 144.120 0.108
107 280 147.170 0.108
107 281 149.340 0.108
107 282 152.630 0.108
107 283 155.310 0.108
107 284 159.150 0.099
107 285 162.040 -0.087
107 286 165.850 -0.053
107 287 168.970 -0.008
107 288 173.060 -0.008
107 289 176.390 0.000
107 290 180.820 0.000
107 291 184.590 0.000
107 292 189.790 0.002
107 293 193.760 0.003
107 294 198.930 0.003
107 295 203.150 0.004
107 296 208.350 0.004
107 297 212.920 0.264
107 298 217.760 0.254
107 299 221.580 0.254
107 300 226.610 0.254
107 301 230.660 0.264
107 302 235.800 0.264
107 303 239.940 0.274
107 304 245.180 0.274
107 305 249.380 0.275
107 306 254.750 0.275
107 307 259.110 0.275
107 308 264.670 0.275
107 309 269.340 0.275
107 310 275.310 0.275
107 311 280.290 0.276
107 312 286.450 0.276
107 313 291.700 0.276
107 314 297.950 0.277
107 315 303.270 0.278
107 316 309.560 0.278
107 317 314.950 0.278
107 318 321.300 0.279
107 319 326.840 0.279
107 320 333.450 0.279
107 321 339.300 0.279
107 322 346.240 0.280
107 323 352.130 0.270
107 324 359.210 0.270
107 325 365.160 0.260
107 326 371.710 0.221
107 327 377.880 0.212
107 328 384.990 0.212
107 329 391.530 0.202
107 330 398.870 0.201
107 331 405.460 0.201
107 332 412.990 0.201
107 333 422.260 0.008
107 334 429.140 0.008
107 335 435.050 0.000
107 336 442.800 0.000
107 337 449.710 -0.008
107 338 457.710 0.008
107 339 465.090 0.062
108 250 125.820 0.226
108 251 125.310 0.225
108 252 123.160 0.226
108 253 122.850 0.226
108 254 120.830 0.237
108 255 120.710 0.237
108 256 119.030 0.237
108 257 119.170 0.238
108 258 117.670 0.238
108 259 118.050 0.238
108 260 117.070 0.239
108 261 118.050 0.239
108 262 117.570 0.239
108 263 118.800 0.239
108 264 118.730 0.229
108 265 120.020 0.230
108 266 119.940 0.230
108 267 121.340 0.230
108 268 121.360 0.230
108 269 123.050 0.231
108 270 123.360 0.231
108 271 125.600 0.222
108 272 126.720 0.222
108 273 129.590 0.221
108 274 131.150 0.212
108 275 134.360 0.183
108 276 136.180 0.164
108 277 139.120 0.145
108 278 141.140 0.108
108 279 143.950 0.108
108 280 145.470 0.108
108 281 148.470 0.108
108 282 150.340 0.108
108 283 153.610 0.099
108 284 155.900 0.099
108 285 159.680 0.089
108 286 162.270 -0.079
108 287 165.990 -0.026
108 288 168.740 -0.008
108 289 172.790 -0.008
108 290 175.890 0.000
108 291 180.320 0.000
108 292 183.790 0.000
108 293 189.200 0.001
108 294 192.910 0.002
108 295 198.180 0.003
108 296 202.130 0.003
108 297 207.410 0.004
108 298 212.970 0.000
108 299 216.760 0.264
108 300 220.320 0.264
108 301 225.360 0.264
108 302 229.040 0.264
108 303 234.180 0.264
108 304 238.010 0.264
108 305 243.250 0.274
108 306 247.170 0.274
108 307 252.530 0.274
108 308 256.610 0.275
108 309 262.170 0.275
108 310 266.550 0.275
108 311 272.510 0.275
108 312 277.200 0.276
108 313 283.350 0.276
108 314 288.300 0.277
108 315 294.540 0.277
108 316 299.560 0.278
108 317 305.830 0.278
108 318 310.900 0.279
108 319 317.260 0.279
108 320 322.510 0.289
108 321 329.090 0.280
108 322 334.680 0.280
108 323 341.610 0.280
108 324 347.460 0.280
108 325 354.320 0.270
108 326 360.050 0.260
108 327 366.550 0.221
108 328 375.460 0.127
108 329 382.710 0.117
108 330 388.520 0.117
108 331 395.620 0.117
108 332 399.430 0.192
108 333 409.430 0.053
108 334 414.970 0.008
108 335 421.830 0.008
108 336 427.460 0.000
108 337 435.210 -0.008
108 338 441.880 -0.008
108 339 449.890 -0.008
109 253 132.660 0.227
109 254 131.990 0.227
109 255 130.050 0.227
109 256 129.610 0.227
109 257 127.750 0.238
109 258 127.550 0.238
109 259 126.010 0.238
109 260 126.040 0.238
109 261 125.020 0.239
109 262 125.820 0.229
109 263 125.230 0.229
109 264 126.030 0.229
109 265 125.720 0.229
109 266 126.650 0.230
109 267 126.590 0.221
109 268 127.600 0.221
109 269 127.480 0.231
109 270 128.850 0.222
109 271 129.030 0.231
109 272 130.890 0.222
109 273 131.960 0.222
109 274 134.510 0.222
109 275 135.990 0.212
109 276 138.780 0.202
109 277 140.570 0.164
109 278 143.250 0.136
109 279 145.120 0.108
109 280 147.550 0.108
109 281 149.140 0.108
109 282 151.850 0.108
109 283 153.630 0.108
109 284 156.600 0.108
109 285 158.940 0.108
109 286 162.420 0.089
109 287 164.850 -0.079
109 288 168.180 -0.018
109 289 170.950 0.000
109 290 174.680 0.000
109 291 177.760 0.000
109 292 181.880 0.000
109 293 185.340 0.000
109 294 190.490 0.001
109 295 194.190 0.001
109 296 199.240 0.002
109 297 203.210 0.003
109 298 209.470 0.000
109 299 212.270 0.004
109 300 217.330 0.004
109 301 221.100 0.264
109 302 225.840 0.264
109 303 229.520 0.264
109 304 234.360 0.264
109 305 238.200 0.264
109 306 243.170 0.264
109 307 247.080 0.274
109 308 252.150 0.274
109 309 256.280 0.275
109 310 261.450 0.284
109 311 265.950 0.275
109 312 271.610 0.276
109 313 276.300 0.276
109 314 282.130 0.277
109 315 287.050 0.277
109 316 292.970 0.278
109 317 297.970 0.278
109 318 303.910 0.278
109 319 308.970 0.278
109 320 315.030 0.279
109 321 320.270 0.279
109 322 326.590 0.280
109 323 332.190 0.280
109 324 338.820 0.280
109 325 344.470 0.270
109 326 351.040 0.260
109 327 356.800 0.251
109 328 365.920 0.127
109 329 371.830 0.117
109 330 378.820 0.108
109 331 384.620 0.108
109 332 391.480 0.108
109 333 397.420 0.108
109 334 404.440 0.053
109 335 409.920 0.008
109 336 416.500 0.008
109 337 422.110 0.000
109 338 429.600 -0.008
109 339 436.290 -0.008
110 256 137.920 0.227
110 257 137.460 0.227
110 258 135.360 0.227
110 259 135.080 0.238
110 260 133.300 0.228
110 261 133.340 0.228
110 262 131.990 0.228
110 263 132.570 0.228
110 264 131.590 0.229
110 265 132.370 0.229
110 266 131.780 0.220
110 267 132.640 0.220
110 268 132.100 0.221
110 269 133.080 0.221
110 270 132.680 0.221
110 271 133.940 0.221
110 272 133.820 0.222
110 273 135.570 0.222
110 274 136.290 0.222
110 275 138.760 0.221
110 276 139.870 0.212
110 277 142.710 0.173
110 278 143.980 0.155
110 279 146.470 0.127
110 280 147.650 0.108
110 281 150.090 0.108
110 282 151.320 0.108
110 283 153.990 0.099
110 284 155.460 0.099
110 285 158.400 0.099
110 286 160.370 0.099
110 287 163.870 -0.079
110 288 165.680 -0.044
110 289 169.050 -0.018
110 290 171.490 0.000
110 291 175.210 0.000
110 292 177.990 0.000
110 293 182.110 0.000
110 294 185.260 0.000
110 295 190.540 0.001
110 296 193.850 0.000
110 297 199.170 0.001
110 298 203.070 0.000
110 299 208.040 0.003
110 300 212.490 0.000
110 301 216.970 0.004
110 302 220.780 0.004
110 303 225.280 0.264
110 304 228.730 0.264
110 305 233.580 0.273
110 306 237.130 0.273
110 307 242.070 0.273
110 308 245.720 0.274
110 309 250.750 0.283
110 310 254.550 0.284
110 311 259.810 0.284
110 312 264.000 0.275
110 313 269.650 0.275
110 314 274.050 0.276
110 315 279.890 0.276
110 316 284.520 0.277
110 317 290.460 0.278
110 318 295.140 0.278
110 319 301.110 0.278
110 320 305.890 0.278
110 321 311.950 0.279
110 322 316.930 0.280
110 323 323.240 0.280
110 324 328.550 0.280
110 325 335.180 0.280
110 326 340.470 0.260
110 327 347.140 0.259
110 328 354.300 0.127
110 329 361.180 0.117
110 330 366.730 0.108
110 331 373.400 0.108
110 332 378.910 0.108
110 333 385.790 0.108
110 334 391.610 0.099
110 335 398.290 0.053
110 336 403.390 0.008
110 337 409.960 0.008
110 338 415.280 0.000
110 339 422.790 -0.008
111 259 144.950 0.218
111 260 144.390 0.227
111 261 142.550 0.228
111 262 142.230 0.228
111 263 140.870 0.228
111 264 141.110 0.219
111 265 140.110 0.220
111 266 140.510 0.219
111 267 139.800 0.220
111 268 140.340 0.220
111 269 139.770 0.220
111 270 140.420 0.221
111 271 140.020 0.221
111 272 140.930 0.221
111 273 140.790 0.222
111 274 142.140 0.222
111 275 142.770 0.221
111 276 144.840 0.212
111 277 145.890 0.193
111 278 148.320 0.164
111 279 149.340 0.164
111 280 151.340 0.117
111 281 152.360 0.099
111 282 154.460 0.099
111 283 155.640 0.099
111 284 158.000 0.099
111 285 159.440 0.089
111 286 162.050 0.089
111 287 163.940 0.081
111 288 167.060 -0.079
111 289 168.780 -0.035
111 290 171.870 -0.018
111 291 174.300 0.000
111 292 177.730 0.000
111 293 180.490 0.000
111 294 184.340 0.000
111 295 187.460 0.000
111 296 192.390 0.000
111 297 195.710 0.000
111 298 201.000 0.000
111 299 204.520 0.001
111 300 209.950 0.000
111 301 213.300 0.002
111 302 218.240 0.003
111 303 222.080 0.003
111 304 227.070 0.004
111 305 229.970 0.273
111 306 234.550 0.273
111 307 238.090 0.273
111 308 242.720 0.282
111 309 246.370 0.283
111 310 251.160 0.283
111 311 254.950 0.283
111 312 259.950 0.284
111 313 264.150 0.275
111 314 269.520 0.275
111 315 273.910 0.275
111 316 279.460 0.275
111 317 284.120 0.276
111 318 289.770 0.277
111 319 294.500 0.277
111 320 300.230 0.278
111 321 305.010 0.278
111 322 310.830 0.279
111 323 315.770 0.289
111 324 321.850 0.280
111 325 327.300 0.200
111 326 333.510 0.182
111 327 338.760 0.172
111 328 345.420 0.154
111 329 351.190 0.135
111 330 357.800 0.127
111 331 363.330 0.117
111 332 369.900 0.108
111 333 375.390 0.108
111 334 382.110 0.099
111 335 387.610 0.053
111 336 394.090 0.053
111 337 399.020 0.008
111 338 405.300 0.008
111 339 410.600 0.000
112 262 150.530 0.218
112 263 150.230 0.228
112 264 148.550 0.228
112 265 148.720 0.219
112 266 147.390 0.219
112 267 147.760 0.219
112 268 146.700 0.220
112 269 147.220 0.220
112 270 146.300 0.220
112 271 146.900 0.221
112 272 146.130 0.221
112 273 147.010 0.221
112 274 146.500 0.222
112 275 147.860 0.222
112 276 148.090 0.212
112 277 150.080 0.202
112 278 151.010 0.164
112 279 153.000 0.164
112 280 153.420 0.080
112 281 155.270 0.089
112 282 155.820 0.089
112 283 157.910 0.089
112 284 158.770 0.089
112 285 161.110 0.089
112 286 162.230 0.081
112 287 164.820 0.081
112 288 166.230 -0.061
112 289 169.030 -0.061
112 290 170.440 -0.026
112 291 173.530 -0.008
112 292 175.610 0.000
112 293 178.990 0.000
112 294 181.440 0.000
112 295 185.290 0.000
112 296 188.110 0.000
112 297 192.960 0.000
112 298 196.030 0.000
112 299 201.260 0.000
112 300 204.600 0.000
112 301 209.840 0.001
112 302 213.370 0.000
112 303 218.490 0.002
112 304 222.070 0.002
112 305 227.190 0.003
112 306 231.380 0.000
112 307 234.530 0.394
112 308 237.730 0.292
112 309 242.400 0.293
112 310 245.790 0.303
112 311 250.520 0.303
112 312 254.020 0.294
112 313 258.980 0.294
112 314 262.830 0.284
112 315 268.230 0.284
112 316 272.500 0.275
112 317 278.050 0.275
112 318 282.410 0.276
112 319 288.050 0.276
112 320 292.490 0.277
112 321 298.190 0.277
112 322 302.710 0.278
112 323 308.450 0.288
112 324 313.740 0.200
112 325 319.700 0.191
112 326 324.390 0.182
112 327 330.530 0.172
112 328 335.520 0.163
112 329 341.870 0.154
112 330 347.100 0.144
112 331 353.800 0.127
112 332 358.970 0.117
112 333 365.510 0.108
112 334 370.700 0.108
112 335 377.340 0.072
112 336 382.320 0.053
112 337 388.680 0.045
112 338 393.270 0.008
112 339 399.540 0.008
113 266 158.260 0.219
113 267 156.830 0.210
113 268 156.800 0.210
113 269 155.670 0.211
113 270 155.830 0.211
113 271 154.840 0.211
113 272 155.110 0.212
113 273 154.300 0.212
113 274 154.820 0.212
113 275 154.340 0.222
113 276 155.250 0.213
113 277 155.370 0.202
113 278 157.120 0.184
113 279 157.820 0.164
113 280 158.730 0.062
113 281 159.010 0.062
113 282 160.520 0.071
113 283 161.120 0.072
113 284 162.910 0.080
113 285 163.760 0.072
113 286 165.790 0.072
113 287 166.890 0.062
113 288 169.180 0.062
113 289 170.320 -0.053
113 290 172.920 -0.061
113 291 174.270 -0.026
113 292 177.070 -0.018
113 293 179.200 0.000
113 294 182.330 0.000
113 295 184.810 0.000
113 296 188.350 0.000
113 297 191.160 0.000
113 298 195.880 0.000
113 299 198.750 0.000
113 300 203.720 0.000
113 301 206.990 0.000
113 302 211.920 0.000
113 303 215.440 0.000
113 304 220.330 0.001
113 305 223.920 0.001
113 306 229.200 0.000
113 307 232.450 0.001
113 308 236.010 0.393
113 309 239.480 0.331
113 310 243.870 0.322
113 311 247.220 0.312
113 312 251.680 0.312
113 313 255.200 0.303
113 314 259.910 0.303
113 315 263.660 0.294
113 316 268.850 0.283
113 317 273.010 0.284
113 318 278.440 0.275
113 319 282.810 0.275
113 320 288.170 0.276
113 321 292.610 0.276
113 322 298.060 0.277
113 323 302.590 0.277
113 324 308.020 0.287
113 325 313.260 0.181
113 326 318.960 0.172
113 327 323.520 0.162
113 328 329.290 0.162
113 329 334.180 0.154
113 330 340.340 0.144
113 331 345.440 0.135
113 332 351.690 0.117
113 333 356.820 0.108
113 334 362.930 0.108
113 335 368.060 0.081
113 336 374.190 0.054
113 337 379.170 0.045
113 338 385.190 0.035
113 339 389.800 0.008
114 269 164.740 0.210
114 270 163.230 0.200
114 271 163.380 0.200
114 272 162.060 0.201
114 273 162.340 0.201
114 274 161.210 0.201
114 275 161.780 0.212
114 276 160.890 0.212
114 277 161.760 0.202
114 278 161.570 0.193
114 279 162.330 -0.052
114 280 162.120 0.053
114 281 163.440 0.053
114 282 163.440 0.053
114 283 165.000 0.053
114 284 165.280 0.062
114 285 167.040 -0.096
114 286 167.640 -0.096
114 287 169.640 -0.078
114 288 170.360 0.053
114 289 172.400 -0.052
114 290 173.150 -0.026
114 291 175.690 -0.035
114 292 176.910 -0.018
114 293 179.700 -0.008
114 294 181.480 0.000
114 295 184.590 0.000
114 296 186.720 0.000
114 297 190.280 0.000
114 298 192.780 0.000
114 299 197.500 0.000
114 300 200.050 0.000
114 301 205.020 0.000
114 302 207.960 0.000
114 303 213.000 0.000
114 304 216.100 0.000
114 305 221.210 0.000
114 306 224.400 0.000
114 307 229.580 0.000
114 308 232.840 0.000
114 309 238.090 0.000
114 310 241.420 0.000
114 311 244.120 0.331
114 312 247.230 0.331
114 313 251.750 0.322
114 314 254.940 0.312
114 315 259.650 0.303
114 316 263.150 0.294
114 317 268.250 0.294
114 318 272.230 0.283
114 319 277.550 0.284
114 320 281.800 0.275
114 321 287.180 0.276
114 322 291.370 0.276
114 323 296.830 0.277
114 324 301.080 0.277
114 325 306.470 0.298
114 326 311.260 0.181
114 327 316.940 0.171
114 328 321.210 0.162
114 329 326.980 0.153
114 330 331.710 0.143
114 331 337.790 0.135
114 332 342.540 0.116
114 333 348.760 0.108
114 334 353.480 0.108
114 335 359.620 0.099
114 336 364.230 0.027
114 337 370.210 0.045
114 338 374.660 0.008
114 339 380.640 0.018
115 272 172.650 0.182
115 273 171.290 0.182
115 274 171.280 0.192
115 275 170.110 0.192
115 276 170.290 0.202
115 277 169.370 0.202
115 278 169.910 0.202
115 279 169.040 0.053
115 280 169.680 0.053
115 281 169.370 0.053
115 282 170.340 0.053
115 283 170.320 0.053
115 284 171.490 0.062
115 285 171.750 0.062
115 286 173.190 0.071
115 287 173.790 -0.096
115 288 175.460 -0.087
115 289 176.210 0.053
115 290 178.130 -0.079
115 291 178.970 -0.061
115 292 181.140 -0.061
115 293 182.220 -0.044
115 294 184.580 -0.026
115 295 186.340 -0.008
115 296 189.180 -0.008
115 297 191.360 0.000
115 298 194.610 0.000
115 299 197.100 0.000
115 300 201.500 0.000
115 301 204.030 0.000
115 302 208.670 0.000
115 303 211.600 0.000
115 304 216.310 0.000
115 305 219.400 0.000
115 306 224.190 0.000
115 307 227.370 0.000
115 308 232.120 0.001
115 309 235.430 0.000
115 310 238.650 0.089
115 311 241.950 0.107
115 312 246.130 0.331
115 313 249.270 0.331
115 314 253.550 0.331
115 315 256.790 0.322
115 316 261.190 0.312
115 317 264.690 0.303
115 318 269.520 0.302
115 319 273.470 0.294
115 320 278.540 0.294
115 321 282.790 0.284
115 322 287.910 0.284
115 323 292.280 0.276
115 324 297.330 0.286
115 325 301.610 0.152
115 326 306.920 0.143
115 327 311.190 0.143
115 328 316.700 0.134
115 329 321.030 0.134
115 330 326.640 0.134
115 331 331.110 0.126
115 332 336.880 0.116
115 333 341.620 0.108
115 334 347.420 0.108
115 335 352.110 0.108
115 336 357.950 0.099
115 337 362.530 0.072
115 338 368.150 0.053
115 339 372.790 0.035
116 275 179.260 0.192
116 276 177.770 0.192
116 277 177.930 0.192
116 278 176.670 0.193
116 279 177.200 0.193
116 280 175.740 0.062
116 281 176.350 0.062
116 282 175.650 0.062
116 283 176.560 0.062
116 284 176.150 0.071
116 285 177.320 0.071
116 286 177.280 0.080
116 287 178.720 0.080
116 288 179.020 -0.104
116 289 180.730 0.080
116 290 181.180 0.072
116 291 183.180 0.072
116 292 183.610 -0.070
116 293 185.760 -0.070
116 294 186.550 -0.044
116 295 188.960 -0.018
116 296 190.440 -0.008
116 297 193.290 0.000
116 298 195.130 0.000
116 299 198.370 0.000
116 300 200.550 0.000
116 301 204.720 0.000
116 302 207.150 0.000
116 303 211.760 0.000
116 304 214.390 0.000
116 305 219.060 0.000
116 306 221.840 0.000
116 307 226.540 0.001
116 308 229.540 -0.190
116 309 234.110 0.001
116 310 237.230 0.000
116 311 240.270 0.108
116 312 243.070 0.107
116 313 247.460 0.116
116 314 249.950 0.331
116 315 254.190 0.331
116 316 257.190 0.331
116 317 261.610 0.322
116 318 264.800 0.312
116 319 269.620 0.302
116 320 273.280 0.303
116 321 278.420 0.294
116 322 282.300 0.294
116 323 287.540 0.284
116 324 291.480 0.285
116 325 296.560 0.296
116 326 300.580 0.306
116 327 305.840 0.307
116 328 310.100 0.125
116 329 315.500 0.126
116 330 319.610 0.125
116 331 325.140 0.126
116 332 329.510 0.116
116 333 335.300 0.107
116 334 339.560 0.108
116 335 345.300 0.108
116 336 349.710 0.108
116 337 355.510 0.099
116 338 359.950 0.089
116 339 365.400 0.062
117 278 187.180 0.173
117 279 185.550 0.080
117 280 186.170 0.174
117 281 184.420 0.071
117 282 184.650 0.062
117 283 183.960 0.071
117 284 184.510 0.071
117 285 184.080 0.071
117 286 184.940 0.080
117 287 184.830 0.080
117 288 185.930 0.080
117 289 186.150 0.080
117 290 187.510 0.080
117 291 187.940 0.072
117 292 189.590 0.072
117 293 190.310 -0.087
117 294 192.230 -0.087
117 295 192.980 -0.070
117 296 194.930 -0.035
117 297 196.390 -0.008
117 298 198.940 -0.008
117 299 200.790 0.000
117 300 203.740 0.000
117 301 205.910 0.000
117 302 209.770 0.000
117 303 212.170 0.000
117 304 216.450 0.000
117 305 219.080 0.000
117 306 223.470 0.000
117 307 226.210 0.000
117 308 230.520 0.001
117 309 231.880 -0.407
117 310 237.980 0.000
117 311 240.880 0.000
117 312 243.450 0.109
117 313 246.510 0.116
117 314 250.860 0.143
117 315 252.640 0.331
117 316 256.670 0.331
117 317 259.640 0.331
117 318 263.830 0.331
117 319 266.950 0.311
117 320 271.550 0.311
117 321 275.220 0.311
117 322 280.070 0.303
117 323 283.960 0.303
117 324 288.920 0.294
117 325 292.890 0.295
117 326 297.740 0.305
117 327 301.800 0.316
117 328 306.800 0.316
117 329 310.940 0.125
117 330 316.090 0.125
117 331 320.230 0.116
117 332 325.460 0.116
117 333 329.770 0.108
117 334 335.090 0.108
117 335 339.350 0.108
117 336 344.800 0.108
117 337 349.210 0.108
117 338 354.690 0.099
117 339 359.120 0.089
118 281 194.150 0.184
118 282 192.010 0.062
118 283 192.330 0.062
118 284 191.260 0.062
118 285 191.840 0.071
118 286 191.120 0.080
118 287 191.860 -0.104
118 288 191.450 0.080
118 289 192.500 0.080
118 290 192.510 -0.112
118 291 193.700 0.081
118 292 193.810 0.081
118 293 195.430 0.080
118 294 195.880 -0.087
118 295 197.790 -0.087
118 296 198.320 -0.079
118 297 200.290 -0.035
118 298 201.480 -0.008
118 299 204.020 -0.008
118 300 205.580 0.000
118 301 208.540 0.000
118 302 210.400 0.000
118 303 214.430 0.000
118 304 216.310 0.000
118 305 220.590 0.000
118 306 222.880 0.000
118 307 227.140 0.001
118 308 229.660 0.001
118 309 233.860 0.002
118 310 236.660 0.000
118 311 240.600 0.003
118 312 243.150 0.003
118 313 241.270 0.541
118 314 243.770 0.542
118 315 247.650 0.543
118 316 253.910 0.340
118 317 258.050 0.331
118 318 260.740 0.331
118 319 264.900 0.331
118 320 267.870 0.322
118 321 272.330 0.311
118 322 275.710 0.311
118 323 280.560 0.312
118 324 284.180 0.312
118 325 289.120 0.304
118 326 292.810 0.304
118 327 297.790 0.305
118 328 301.590 0.326
118 329 305.240 0.394
118 330 309.000 0.394
118 331 314.230 0.394
118 332 319.580 0.126
118 333 324.840 0.126
118 334 328.920 0.108
118 335 334.200 0.108
118 336 338.170 0.108
118 337 343.600 0.108
118 338 347.690 0.108
118 339 353.150 0.099
119 284 201.620 0.072
119 285 200.640 0.080
119 286 200.810 0.080
119 287 199.830 -0.104
119 288 200.320 -0.104
119 289 200.050 0.089
119 290 200.730 0.089
119 291 200.460 0.081
119 292 201.520 0.089
119 293 201.460 0.081
119 294 202.740 0.081
119 295 203.250 0.072
119 296 205.090 -0.096
119 297 205.480 -0.079
119 298 207.160 -0.044
119 299 208.200 -0.018
119 300 210.500 -0.008
119 301 212.080 0.000
119 302 214.740 0.000
119 303 216.590 0.000
119 304 220.310 0.000
119 305 222.180 0.000
119 306 226.160 0.001
119 307 228.410 0.000
119 308 232.310 0.001
119 309 234.820 0.001
119 310 238.650 0.002
119 311 241.120 0.003
119 312 245.060 0.004
119 313 247.560 0.004
119 314 245.070 0.531
119 315 247.430 0.541
119 316 251.020 0.542
119 317 257.080 0.360
119 318 261.120 0.331
119 319 263.810 0.331
119 320 267.770 0.331
119 321 270.770 0.331
119 322 274.970 0.322
119 323 278.360 0.322
119 324 282.970 0.322
119 325 286.580 0.322
119 326 291.220 0.312
119 327 294.940 0.313
119 328 299.610 0.314
119 329 303.390 0.325
119 330 306.400 0.405
119 331 310.250 0.394
119 332 315.210 0.394
119 333 321.180 0.116
119 334 326.090 0.117
119 335 330.080 0.108
119 336 335.040 0.108
119 337 338.960 0.108
119 338 344.060 0.108
119 339 348.140 0.108
120 287 208.740 -0.096
120 288 207.610 -0.113
120 289 208.150 -0.122
120 290 207.320 -0.122
120 291 208.200 -0.130
120 292 207.760 -0.130
120 293 208.610 0.089
120 294 208.230 0.081
120 295 209.480 0.081
120 296 209.920 -0.096
120 297 211.390 -0.087
120 298 211.660 -0.079
120 299 213.320 -0.035
120 300 214.140 -0.008
120 301 216.380 -0.008
120 302 217.620 0.000
120 303 220.290 0.000
120 304 221.830 0.000
120 305 225.440 0.000
120 306 227.090 0.000
120 307 231.000 0.001
120 308 233.040 0.001
120 309 236.740 0.002
120 310 238.940 0.003
120 311 242.670 0.004
120 312 244.760 0.004
120 313 248.540 0.005
120 314 250.670 0.005
120 315 247.690 0.531
120 316 249.740 0.541
120 317 253.310 0.542
120 318 255.710 0.543
120 319 263.230 0.331
120 320 265.720 0.331
120 321 269.580 0.331
120 322 272.280 0.331
120 323 276.470 0.322
120 324 279.610 0.331
120 325 284.170 0.322
120 326 287.480 0.322
120 327 292.120 0.323
120 328 295.530 0.324
120 329 300.230 0.325
120 330 303.830 0.335
120 331 308.600 0.335
120 332 312.250 0.335
120 333 315.220 0.405
120 334 321.240 0.170
120 335 326.470 0.135
120 336 330.020 0.116
120 337 335.090 0.108
120 338 338.730 0.108
120 339 343.820 0.108
121 290 217.460 -0.138
121 291 216.590 -0.138
121 292 217.070 -0.138
121 293 216.610 -0.138
121 294 217.310 -0.122
121 295 217.090 0.072
121 296 218.040 0.072
121 297 218.240 -0.087
121 298 219.510 -0.087
121 299 219.690 -0.070
121 300 221.010 -0.035
121 301 221.760 -0.018
121 302 223.760 -0.008
121 303 225.000 0.000
121 304 227.370 0.000
121 305 228.900 0.000
121 306 232.470 0.001
121 307 233.900 0.000
121 308 237.400 0.002
121 309 239.360 0.002
121 310 242.610 0.003
121 311 244.730 0.003
121 312 248.040 0.004
121 313 250.070 0.005
121 314 253.480 0.005
121 315 255.580 0.006
121 316 252.060 0.531
121 317 254.250 0.531
121 318 257.400 0.542
121 319 259.800 0.543
121 320 266.970 0.341
121 321 269.510 0.331
121 322 273.170 0.331
121 323 275.770 0.331
121 324 279.800 0.331
121 325 282.890 0.331
121 326 287.250 0.331
121 327 290.500 0.331
121 328 294.890 0.332
121 329 298.520 -0.471
121 330 302.730 0.334
121 331 306.210 0.335
121 332 310.790 0.335
121 333 314.420 0.335
121 334 317.180 0.406
121 335 323.360 0.170
121 336 328.120 0.170
121 337 332.070 0.143
121 338 336.780 0.116
121 339 340.590 0.108
122 294 224.380 -0.155
122 295 225.130 -0.138
122 296 224.690 -0.130
122 297 225.840 0.080
122 298 225.570 -0.096
122 299 226.900 -0.096
122 300 226.330 0.009
122 301 227.710 0.009
122 302 228.130 0.418
122 303 230.450 -0.008
122 304 231.380 0.000
122 305 233.740 0.000
122 306 234.970 0.000
122 307 238.290 0.001
122 308 239.700 0.001
122 309 242.920 0.003
122 310 244.620 0.003
122 311 247.680 0.004
122 312 249.400 0.005
122 313 252.640 0.005
122 314 254.300 0.006
122 315 257.610 0.007
122 316 259.370 0.007
122 317 255.400 0.531
122 318 257.140 0.541
122 319 260.410 0.542
122 320 262.520 0.543
122 321 265.980 0.543
122 322 272.030 0.331
122 323 275.680 0.331
122 324 277.980 0.331
122 325 281.980 0.331
122 326 284.780 0.331
122 327 289.110 0.331
122 328 292.110 0.331
122 329 296.460 0.332
122 330 299.590 0.333
122 331 304.030 0.334
122 332 307.220 0.335
122 333 311.780 0.335
122 334 315.150 0.336
122 335 320.040 0.336
122 336 324.050 0.189
122 337 328.830 0.180
122 338 332.330 0.170
122 339 337.360 0.161
123 297 234.010 -0.173
123 298 235.010 -0.205
123 299 234.650 -0.205
123 300 235.620 -0.213
123 301 234.930 0.408
123 302 235.870 0.408
123 303 235.790 0.418
123 304 238.760 -0.008
123 305 239.660 0.000
123 306 241.720 0.000
123 307 242.970 0.000
123 308 245.960 0.002
123 309 247.310 0.003
123 310 250.040 0.004
123 311 251.600 0.004
123 312 254.250 0.005
123 313 255.900 0.005
123 314 258.770 0.006
123 315 260.380 0.006
123 316 263.360 0.007
123 317 265.080 0.007
123 318 260.460 0.531
123 319 262.330 0.531
123 320 265.180 0.542
123 321 267.260 0.543
123 322 270.440 0.543
123 323 276.470 0.341
123 324 279.960 0.331
123 325 282.230 0.331
123 326 285.930 0.331
123 327 288.730 0.331
123 328 292.770 0.331
123 329 295.750 0.331
123 330 299.850 0.332
123 331 302.970 0.332
123 332 307.190 0.334
123 333 310.380 0.335
123 334 314.670 0.335
123 335 318.000 0.336
123 336 322.620 0.336
123 337 326.670 0.197
123 338 331.280 0.189
123 339 334.760 0.180
124 300 242.740 0.053
124 301 243.530 0.045
124 302 241.880 0.409
124 303 242.780 0.409
124 304 242.390 0.419
124 305 243.570 0.419
124 306 246.880 0.000
124 307 248.930 0.000
124 308 249.940 0.001
124 309 252.650 0.003
124 310 253.720 0.004
124 311 256.220 0.005
124 312 257.420 0.005
124 313 259.990 0.006
124 314 261.290 0.006
124 315 264.090 0.007
124 316 265.340 0.007
124 317 261.910 0.422
124 318 261.740 0.531
124 319 264.490 0.531
124 320 265.930 0.541
124 321 268.870 0.542
124 322 270.650 0.543
124 323 273.800 0.543
124 324 275.800 0.543
124 325 283.210 0.331
124 326 285.280 0.331
124 327 288.880 0.331
124 328 291.400 0.331
124 329 295.400 0.331
124 330 298.090 0.331
124 331 302.130 0.333
124 332 304.980 0.333
124 333 309.170 0.334
124 334 312.070 0.335
124 335 316.350 0.336
124 336 319.380 0.336
124 337 324.000 0.336
124 338 326.860 -0.486
124 339 332.590 0.198
