# hfb17: Z A ME(MeV) beta2 — extracted from TALYS-1.95 structure/masses/hfb/ (see tools/make_mass_models.py)
8 16 -2.754 0.000
8 17 1.267 0.000
8 18 0.928 0.000
8 19 5.152 0.000
8 20 3.236 0.070
8 21 9.081 0.130
8 22 9.377 0.200
8 23 14.857 0.160
8 24 19.128 -0.060
8 25 29.594 -0.100
8 26 34.844 -0.070
8 27 46.967 0.070
8 28 50.689 -0.050
8 29 62.849 0.110
8 30 70.203 0.110
8 31 80.499 0.110
8 32 88.103 0.160
8 33 96.018 0.110
8 34 106.502 -0.180
9 17 4.209 0.000
9 18 2.370 0.000
9 19 0.886 0.000
9 20 -0.911 0.170
9 21 -2.846 0.190
9 22 1.812 0.200
9 23 1.467 0.190
9 24 5.467 0.160
9 25 9.312 0.140
9 26 17.506 0.160
9 27 22.405 0.150
9 28 32.251 0.120
9 29 37.382 -0.110
9 30 47.407 0.160
9 31 53.595 0.190
9 32 64.573 0.280
9 33 71.938 0.300
9 34 82.102 0.300
9 35 90.301 0.310
9 36 99.821 0.290
9 37 109.041 -0.280
9 38 120.284 -0.270
10 18 7.320 0.000
10 19 4.110 0.000
10 20 -9.141 0.210
10 21 -6.266 -0.200
10 22 -8.290 0.250
10 23 -4.794 0.260
10 24 -6.811 0.240
10 25 -3.025 0.140
10 26 -0.126 -0.090
10 27 6.447 0.150
10 28 10.839 0.110
10 29 18.872 0.310
10 30 22.102 -0.080
10 31 32.632 0.310
10 32 37.726 0.230
10 33 47.576 0.410
10 34 53.747 0.270
10 35 64.348 0.280
10 36 71.096 0.230
10 37 81.273 0.250
10 38 88.316 0.240
10 39 100.102 -0.290
10 40 106.617 -0.270
10 41 117.871 -0.270
10 42 124.200 0.190
11 19 12.380 -0.100
11 20 6.092 0.160
11 21 -2.593 -0.220
11 22 -4.808 0.470
11 23 -8.979 -0.240
11 24 -7.518 0.490
11 25 -9.161 -0.260
11 26 -7.116 -0.190
11 27 -5.250 -0.120
11 28 -0.525 0.210
11 29 2.822 -0.140
11 30 9.597 -0.110
11 31 12.809 0.450
11 32 20.463 0.530
11 33 25.070 0.490
11 34 32.825 0.460
11 35 38.298 0.420
11 36 47.065 0.410
11 37 53.549 0.420
11 38 62.933 0.350
11 39 70.259 0.440
11 40 80.066 0.370
11 41 87.615 0.380
11 42 97.655 -0.250
11 43 105.460 -0.230
11 44 115.343 -0.090
12 20 16.765 0.080
12 21 8.816 0.150
12 22 -0.188 0.230
12 23 -4.676 -0.240
12 24 -14.284 -0.250
12 25 -12.720 0.380
12 26 -15.876 -0.270
12 27 -15.103 -0.210
12 28 -15.708 -0.200
12 29 -10.524 0.200
12 30 -9.367 0.180
12 31 -2.444 -0.110
12 32 -0.693 -0.080
12 33 5.697 0.300
12 34 9.300 0.240
12 35 17.219 0.380
12 36 21.317 0.310
12 37 29.588 0.400
12 38 34.877 0.350
12 39 43.544 0.380
12 40 50.254 0.360
12 41 59.883 0.260
12 42 65.982 -0.290
12 43 75.682 -0.260
12 44 82.859 -0.240
12 45 92.751 -0.080
12 46 99.720 -0.090
13 21 28.121 0.150
13 22 17.573 0.220
13 23 7.973 0.260
13 24 1.185 0.480
13 25 -7.999 0.370
13 26 -12.163 0.330
13 27 -17.248 -0.330
13 28 -16.883 -0.260
13 29 -17.592 -0.240
13 30 -14.919 0.210
13 31 -14.623 -0.200
13 32 -10.371 0.140
13 33 -8.931 0.180
13 34 -3.366 0.280
13 35 -0.874 0.300
13 36 5.550 0.330
13 37 8.531 0.340
13 38 15.782 0.340
13 39 19.996 0.340
13 40 28.122 0.320
13 41 33.631 -0.330
13 42 41.608 -0.300
13 43 47.691 -0.290
13 44 56.721 -0.250
13 45 63.658 -0.240
13 46 72.864 0.110
13 47 80.909 0.100
13 48 89.903 -0.100
14 22 34.046 0.090
14 23 22.607 0.200
14 24 11.227 0.240
14 25 4.666 -0.270
14 26 -6.382 0.250
14 27 -12.317 -0.340
14 28 -20.961 -0.300
14 29 -22.167 -0.260
14 30 -23.906 -0.230
14 31 -21.603 -0.200
14 32 -23.428 0.210
14 33 -19.327 -0.140
14 34 -20.241 0.180
14 35 -14.093 0.170
14 36 -13.173 0.150
14 37 -6.570 -0.210
14 38 -4.918 0.260
14 39 2.570 0.330
14 40 4.505 -0.290
14 41 12.183 0.250
14 42 15.773 -0.330
14 43 23.144 -0.300
14 44 28.715 -0.290
14 45 37.392 -0.250
14 46 43.782 -0.240
14 47 52.967 0.070
14 48 60.391 -0.050
14 49 69.260 -0.090
14 50 76.987 -0.150
15 23 46.610 -0.090
15 24 32.826 0.160
15 25 20.730 0.160
15 26 13.081 0.190
15 27 -0.211 -0.250
15 28 -7.133 -0.270
15 29 -16.891 -0.290
15 30 -21.442 -0.210
15 31 -24.832 -0.240
15 32 -23.674 -0.230
15 33 -25.847 -0.210
15 34 -23.707 -0.150
15 35 -24.679 -0.170
15 36 -20.123 -0.090
15 37 -19.908 0.260
15 38 -14.459 0.240
15 39 -13.742 0.230
15 40 -7.748 0.290
15 41 -6.204 0.270
15 42 -0.023 0.280
15 43 3.793 0.260
15 44 10.408 -0.280
15 45 14.885 -0.240
15 46 22.835 -0.210
15 47 28.471 -0.200
15 48 37.017 0.080
15 49 43.700 -0.070
15 50 53.884 -0.090
15 51 60.514 0.120
15 52 70.927 -0.110
16 24 53.141 -0.090
16 25 42.215 -0.120
16 26 27.591 -0.160
16 27 20.417 0.350
16 28 4.601 -0.220
16 29 -2.258 -0.260
16 30 -13.270 -0.240
16 31 -19.634 -0.200
16 32 -26.897 -0.210
16 33 -25.682 -0.180
16 34 -29.376 -0.170
16 35 -27.967 -0.150
16 36 -30.616 -0.160
16 37 -26.700 -0.180
16 38 -27.422 0.120
16 39 -22.998 0.200
16 40 -23.311 0.220
16 41 -18.557 -0.200
16 42 -17.228 0.290
16 43 -11.963 0.270
16 44 -9.011 -0.270
16 45 -3.245 -0.250
16 46 0.618 -0.240
16 47 8.134 -0.210
16 48 13.033 -0.210
16 49 21.318 0.110
16 50 26.683 -0.170
16 51 37.400 -0.200
16 52 42.293 -0.180
16 53 52.409 -0.160
16 54 59.270 -0.150
17 25 68.857 -0.100
17 26 56.684 0.140
17 27 40.562 0.170
17 28 30.263 0.300
17 29 15.601 -0.180
17 30 6.285 -0.210
17 31 -5.609 -0.270
17 32 -12.695 -0.230
17 33 -20.196 -0.200
17 34 -23.720 -0.180
17 35 -28.270 0.240
17 36 -28.781 0.200
17 37 -30.462 0.230
17 38 -29.042 -0.220
17 39 -29.868 0.130
17 40 -27.445 0.210
17 41 -28.291 0.210
17 42 -24.479 0.260
17 43 -24.456 0.230
17 44 -20.218 0.260
17 45 -18.289 -0.210
17 46 -13.323 -0.200
17 47 -9.718 -0.210
17 48 -3.662 -0.210
17 49 1.126 -0.210
17 50 8.418 -0.230
17 51 13.651 -0.210
17 52 21.899 -0.200
17 53 27.923 -0.200
17 54 36.863 -0.230
17 55 44.199 -0.120
17 56 55.402 0.000
17 57 61.174 -0.080
17 58 69.832 -0.070
17 59 76.760 0.220
17 60 86.516 0.220
17 61 93.747 0.290
17 62 103.011 0.300
17 63 111.379 0.300
17 64 120.519 0.280
18 27 63.855 0.130
18 28 49.323 0.140
18 29 38.928 0.250
18 30 22.426 0.210
18 31 12.458 -0.210
18 32 -1.479 0.210
18 33 -8.857 -0.190
18 34 -17.960 -0.210
18 35 -21.954 -0.180
18 36 -30.812 0.210
18 37 -31.758 0.180
18 38 -35.759 0.170
18 39 -33.202 -0.110
18 40 -35.625 0.080
18 41 -33.212 0.110
18 42 -35.746 0.150
18 43 -31.506 0.260
18 44 -32.759 -0.150
18 45 -29.434 0.240
18 46 -28.861 -0.200
18 47 -24.624 -0.190
18 48 -21.756 -0.190
18 49 -15.994 -0.190
18 50 -12.237 -0.200
18 51 -5.462 -0.190
18 52 -0.966 -0.200
18 53 6.510 -0.190
18 54 12.210 -0.150
18 55 20.682 -0.150
18 56 26.764 -0.110
18 57 37.418 0.000
18 58 41.894 0.090
18 59 51.779 -0.060
18 60 57.432 0.130
18 61 67.896 0.100
18 62 73.765 0.160
18 63 84.206 0.170
18 64 90.633 0.200
18 65 100.551 0.210
18 66 108.402 -0.230
19 29 64.304 0.040
19 30 51.375 0.110
19 31 35.795 -0.100
19 32 23.570 0.310
19 33 9.663 -0.280
19 34 -0.353 -0.160
19 35 -9.858 0.210
19 36 -14.937 -0.270
19 37 -25.516 0.190
19 38 -27.959 -0.080
19 39 -34.068 0.220
19 40 -33.135 0.100
19 41 -36.145 -0.070
19 42 -34.994 -0.070
19 43 -37.509 -0.080
19 44 -35.783 -0.090
19 45 -37.221 -0.100
19 46 -34.783 -0.120
19 47 -35.065 -0.110
19 48 -31.929 -0.120
19 49 -29.678 -0.120
19 50 -24.918 -0.110
19 51 -22.001 -0.100
19 52 -16.224 -0.090
19 53 -12.133 -0.090
19 54 -5.277 -0.110
19 55 -0.771 -0.100
19 56 6.980 -0.100
19 57 12.209 -0.070
19 58 20.469 -0.060
19 59 25.864 -0.080
19 60 35.589 -0.070
19 61 40.913 -0.070
19 62 48.696 -0.080
19 63 56.056 -0.080
19 64 64.267 -0.080
19 65 74.409 0.000
19 66 80.394 -0.140
19 67 88.885 -0.110
19 68 97.509 -0.140
20 31 61.055 0.240
20 32 43.764 -0.110
20 33 31.272 0.250
20 34 16.210 0.110
20 35 6.135 -0.100
20 36 -5.695 -0.190
20 37 -11.422 0.210
20 38 -22.753 0.170
20 39 -27.130 0.140
20 40 -34.863 0.030
20 41 -35.304 -0.050
20 42 -39.547 0.040
20 43 -38.132 0.050
20 44 -42.191 0.050
20 45 -40.933 0.120
20 46 -43.319 -0.050
20 47 -41.748 0.110
20 48 -43.520 0.120
20 49 -39.809 -0.110
20 50 -39.113 -0.110
20 51 -34.203 -0.080
20 52 -32.893 0.110
20 53 -26.268 0.000
20 54 -22.649 0.000
20 55 -17.116 -0.050
20 56 -12.563 0.000
20 57 -5.866 0.000
20 58 -1.406 0.000
20 59 5.967 0.000
20 60 10.813 0.000
20 61 19.331 0.000
20 62 24.361 0.000
20 63 32.475 0.040
20 64 37.822 0.040
20 65 47.694 0.000
20 66 52.891 0.050
20 67 62.313 0.060
20 68 68.474 0.070
20 69 78.065 0.080
20 70 84.752 0.070
21 32 75.340 0.000
21 33 56.584 0.150
21 34 46.923 0.180
21 35 33.752 -0.100
21 36 16.284 -0.180
21 37 4.780 -0.160
21 38 -2.548 -0.130
21 39 -13.873 0.240
21 40 -19.720 -0.100
21 41 -28.860 -0.070
21 42 -32.295 -0.080
21 43 -37.694 -0.070
21 44 -37.991 0.080
21 45 -41.750 -0.080
21 46 -41.854 0.120
21 47 -44.631 -0.080
21 48 -44.226 0.110
21 49 -46.070 -0.090
21 50 -44.299 0.100
21 51 -43.431 -0.080
21 52 -40.143 0.080
21 53 -38.525 -0.090
21 54 -34.040 -0.080
21 55 -31.420 -0.080
21 56 -25.775 -0.090
21 57 -22.658 -0.080
21 58 -16.225 -0.080
21 59 -12.808 -0.080
21 60 -6.016 -0.070
21 61 -1.803 -0.070
21 62 6.170 -0.060
21 63 10.436 -0.070
21 64 18.579 0.070
21 65 23.672 0.080
21 66 32.030 0.070
21 67 37.514 0.090
21 68 46.328 0.080
21 69 52.143 0.110
21 70 61.210 0.150
21 71 67.726 -0.080
21 72 76.093 -0.100
21 73 83.733 -0.100
21 74 92.613 -0.100
21 75 100.413 -0.120
21 76 109.551 0.080
21 77 117.321 0.090
21 78 126.990 0.080
21 79 135.162 0.070
21 80 144.294 0.050
22 34 65.742 0.390
22 35 51.336 0.370
22 36 35.548 0.220
22 37 24.106 0.160
22 38 10.946 0.170
22 39 2.030 0.230
22 40 -9.026 0.100
22 41 -15.946 -0.070
22 42 -24.229 0.000
22 43 -30.554 -0.060
22 44 -38.664 0.060
22 45 -39.699 0.230
22 46 -45.813 0.140
22 47 -44.656 -0.090
22 48 -49.665 0.160
22 49 -48.810 0.140
22 50 -51.433 0.090
22 51 -49.680 0.120
22 52 -49.740 -0.080
22 53 -46.675 0.110
22 54 -46.298 0.110
22 55 -41.857 0.110
22 56 -40.669 0.120
22 57 -34.947 -0.090
22 58 -33.036 0.110
22 59 -27.288 0.100
22 60 -24.357 0.100
22 61 -17.687 0.150
22 62 -14.511 0.110
22 63 -7.006 -0.080
22 64 -3.228 0.070
22 65 4.198 0.150
22 66 8.454 0.130
22 67 16.695 0.190
22 68 21.260 0.170
22 69 29.314 0.220
22 70 35.130 0.160
22 71 43.591 0.180
22 72 50.020 0.120
22 73 58.311 0.130
22 74 65.408 0.150
22 75 74.476 -0.120
22 76 81.880 -0.100
22 77 91.108 -0.120
22 78 98.368 0.100
22 79 107.801 0.090
22 80 115.863 0.050
22 81 126.573 0.000
22 82 135.018 0.000
23 36 65.929 0.380
23 37 49.741 0.330
23 38 39.671 0.250
23 39 22.591 0.260
23 40 12.337 0.200
23 41 0.342 0.150
23 42 -7.915 -0.090
23 43 -18.223 0.110
23 44 -24.086 0.080
23 45 -32.892 0.130
23 46 -36.345 0.200
23 47 -42.682 0.240
23 48 -43.706 0.250
23 49 -47.937 0.250
23 50 -48.575 0.180
23 51 -51.573 -0.150
23 52 -51.059 -0.150
23 53 -51.707 0.160
23 54 -49.372 0.140
23 55 -49.227 0.140
23 56 -46.031 0.180
23 57 -44.838 0.130
23 58 -40.377 0.130
23 59 -38.480 0.090
23 60 -33.740 0.110
23 61 -31.141 0.110
23 62 -25.581 0.240
23 63 -22.524 0.150
23 64 -16.333 -0.090
23 65 -13.463 0.270
23 66 -7.116 0.250
23 67 -3.066 0.250
23 68 3.925 0.270
23 69 8.684 0.240
23 70 15.806 0.260
23 71 21.607 0.240
23 72 29.160 0.200
23 73 35.753 0.230
23 74 43.530 0.150
23 75 50.266 0.170
23 76 58.796 0.130
23 77 65.676 -0.130
23 78 74.534 -0.150
23 79 82.041 -0.120
23 80 91.144 -0.100
23 81 99.109 0.080
23 82 108.298 0.050
23 83 116.437 0.070
23 84 126.069 0.050
24 38 57.751 -0.330
24 39 44.612 0.250
24 40 29.972 0.280
24 41 19.118 0.220
24 42 5.490 0.160
24 43 -2.868 -0.100
24 44 -14.183 0.050
24 45 -20.231 -0.070
24 46 -30.882 0.140
24 47 -34.869 0.280
24 48 -44.055 0.220
24 49 -45.235 0.290
24 50 -51.380 0.240
24 51 -51.736 0.200
24 52 -55.788 0.190
24 53 -55.536 0.230
24 54 -57.110 0.210
24 55 -55.143 0.230
24 56 -56.192 0.180
24 57 -53.478 0.200
24 58 -53.268 0.190
24 59 -49.235 0.180
24 60 -48.228 0.150
24 61 -43.724 0.140
24 62 -41.969 0.140
24 63 -37.004 0.190
24 64 -34.791 0.190
24 65 -29.282 0.270
24 66 -26.445 0.210
24 67 -20.536 0.220
24 68 -17.108 0.220
24 69 -10.369 0.260
24 70 -6.668 0.210
24 71 0.615 0.230
24 72 5.173 0.210
24 73 12.467 0.210
24 74 18.331 0.220
24 75 26.214 0.190
24 76 32.305 0.200
24 77 40.820 0.180
24 78 47.343 0.150
24 79 56.049 0.120
24 80 63.257 0.130
24 81 72.151 0.110
24 82 79.809 0.090
24 83 89.100 0.100
24 84 97.406 0.040
24 85 106.023 0.110
24 86 114.542 -0.070
25 40 56.788 0.310
25 41 42.656 0.320
25 42 30.612 0.260
25 43 17.360 0.250
25 44 6.604 -0.110
25 45 -4.464 0.050
25 46 -12.601 0.120
25 47 -22.347 0.190
25 48 -28.370 0.270
25 49 -37.513 0.270
25 50 -42.006 0.300
25 51 -48.152 0.240
25 52 -50.060 0.210
25 53 -54.051 -0.150
25 54 -54.581 -0.140
25 55 -56.916 -0.180
25 56 -55.868 0.260
25 57 -57.126 -0.170
25 58 -55.277 0.240
25 59 -55.600 0.240
25 60 -52.665 0.230
25 61 -52.375 0.240
25 62 -48.763 0.260
25 63 -47.781 0.310
25 64 -43.732 0.320
25 65 -42.058 0.320
25 66 -37.681 0.310
25 67 -35.116 0.300
25 68 -29.653 0.280
25 69 -26.973 0.270
25 70 -21.224 0.260
25 71 -17.743 0.230
25 72 -11.431 0.220
25 73 -7.132 0.230
25 74 -0.380 0.230
25 75 4.914 0.220
25 76 11.881 0.230
25 77 17.692 0.220
25 78 25.786 0.210
25 79 32.783 0.210
25 80 41.091 0.210
25 81 48.152 0.210
25 82 56.912 0.190
25 83 64.315 0.200
25 84 73.270 0.190
25 85 81.162 0.200
25 86 90.301 0.070
25 87 98.271 0.230
25 88 106.951 -0.090
26 42 51.814 0.330
26 43 38.889 0.260
26 44 24.516 -0.190
26 45 13.654 -0.120
26 46 0.609 -0.040
26 47 -7.431 -0.090
26 48 -19.156 0.190
26 49 -24.445 0.220
26 50 -35.383 0.240
26 51 -39.844 0.290
26 52 -48.656 0.270
26 53 -50.937 0.300
26 54 -56.388 0.190
26 55 -57.159 -0.180
26 56 -60.294 -0.160
26 57 -59.504 -0.180
26 58 -61.857 0.230
26 59 -60.428 0.220
26 60 -61.664 0.230
26 61 -59.042 0.220
26 62 -59.496 0.260
26 63 -56.216 0.150
26 64 -55.581 0.130
26 65 -51.797 -0.150
26 66 -50.538 0.100
26 67 -47.066 0.240
26 68 -45.241 0.170
26 69 -40.503 0.210
26 70 -38.320 0.190
26 71 -32.896 0.250
26 72 -30.219 0.200
26 73 -23.965 0.190
26 74 -20.710 0.180
26 75 -14.053 0.140
26 76 -8.332 0.000
26 77 -2.544 -0.110
26 78 2.780 0.170
26 79 10.545 0.190
26 80 16.446 0.190
26 81 24.944 0.200
26 82 31.217 0.190
26 83 39.581 0.170
26 84 46.627 0.180
26 85 55.374 0.140
26 86 62.461 0.140
26 87 71.963 -0.150
26 88 79.220 0.120
26 89 88.989 -0.080
26 90 96.695 0.110
27 44 51.591 0.280
27 45 36.650 -0.210
27 46 25.257 -0.110
27 47 11.435 0.080
27 48 1.830 0.120
27 49 -9.721 0.170
27 50 -16.499 0.190
27 51 -27.800 0.220
27 52 -33.332 0.300
27 53 -42.964 0.220
27 54 -46.855 0.150
27 55 -53.166 0.140
27 56 -55.091 -0.150
27 57 -58.397 0.250
27 58 -58.624 0.200
27 59 -61.559 0.190
27 60 -60.708 0.190
27 61 -62.529 0.190
27 62 -60.539 0.180
27 63 -61.825 0.180
27 64 -59.583 0.210
27 65 -59.260 0.090
27 66 -56.428 -0.170
27 67 -55.891 0.080
27 68 -52.632 0.110
27 69 -51.528 0.090
27 70 -47.310 0.090
27 71 -45.977 0.110
27 72 -41.263 0.130
27 73 -39.275 0.130
27 74 -33.956 0.130
27 75 -31.337 0.120
27 76 -25.754 0.090
27 77 -20.356 0.000
27 78 -14.788 0.080
27 79 -10.033 0.100
27 80 -2.544 0.140
27 81 2.930 0.140
27 82 10.994 0.160
27 83 16.914 0.150
27 84 25.076 0.140
27 85 31.742 -0.140
27 86 40.495 0.130
27 87 47.569 0.130
27 88 56.203 0.090
27 89 63.577 0.100
27 90 72.603 -0.120
27 91 80.406 0.110
27 92 89.128 0.150
28 46 45.814 -0.230
28 47 33.976 -0.070
28 48 18.845 0.050
28 49 8.990 -0.100
28 50 -3.799 0.140
28 51 -10.555 0.160
28 52 -22.688 0.200
28 53 -28.787 -0.180
28 54 -38.994 0.250
28 55 -44.480 -0.200
28 56 -52.704 0.150
28 57 -55.546 -0.170
28 58 -59.834 -0.190
28 59 -60.229 -0.190
28 60 -63.692 -0.180
28 61 -63.488 -0.200
28 62 -66.056 -0.210
28 63 -64.828 -0.180
28 64 -66.950 -0.190
28 65 -64.853 -0.200
28 66 -66.079 -0.160
28 67 -63.362 -0.170
28 68 -63.492 0.090
28 69 -60.052 -0.090
28 70 -59.737 0.060
28 71 -55.731 0.060
28 72 -55.160 0.080
28 73 -50.547 -0.080
28 74 -49.555 0.090
28 75 -44.310 0.100
28 76 -42.729 0.100
28 77 -37.640 0.070
28 78 -34.429 -0.020
28 79 -28.388 -0.070
28 80 -23.582 -0.080
28 81 -16.454 -0.110
28 82 -11.309 -0.110
28 83 -3.467 -0.120
28 84 1.912 -0.130
28 85 10.200 -0.180
28 86 15.938 -0.140
28 87 24.464 -0.170
28 88 30.659 -0.150
28 89 39.927 -0.220
28 90 46.080 -0.160
28 91 55.780 -0.130
28 92 62.125 -0.150
28 93 73.042 0.400
28 94 79.100 -0.110
28 99 121.874 0.360
28 100 131.743 0.390
28 101 139.488 0.320
28 102 149.489 0.360
29 48 45.213 -0.140
29 49 30.775 0.060
29 50 19.960 -0.100
29 51 7.228 0.150
29 52 -1.192 0.180
29 53 -13.606 0.220
29 54 -20.138 0.290
29 55 -31.241 0.220
29 56 -37.609 -0.160
29 57 -46.559 -0.170
29 58 -50.935 -0.170
29 59 -56.144 -0.190
29 60 -57.457 -0.190
29 61 -61.422 -0.200
29 62 -61.878 -0.200
29 63 -65.097 -0.210
29 64 -64.445 -0.180
29 65 -67.230 -0.200
29 66 -65.688 -0.200
29 67 -67.622 -0.190
29 68 -65.614 -0.170
29 69 -66.225 -0.120
29 70 -63.250 -0.100
29 71 -63.909 -0.130
29 72 -60.259 0.120
29 73 -60.072 0.120
29 74 -56.387 0.140
29 75 -55.544 0.160
29 76 -51.218 0.160
29 77 -49.927 0.120
29 78 -45.401 0.110
29 79 -42.998 -0.080
29 80 -37.385 -0.110
29 81 -32.887 -0.120
29 82 -26.151 -0.150
29 83 -21.332 -0.150
29 84 -13.767 -0.170
29 85 -8.892 -0.180
29 86 -1.121 -0.200
29 87 4.291 -0.200
29 88 12.856 -0.240
29 89 18.145 -0.200
29 90 26.641 -0.220
29 91 32.681 -0.200
29 92 41.476 -0.220
29 93 47.930 -0.220
29 94 56.939 0.340
29 95 63.862 0.360
29 96 72.583 0.280
29 97 79.951 0.330
29 98 89.059 0.320
29 99 96.754 0.330
29 100 105.749 0.320
29 101 114.073 0.320
29 102 122.208 0.270
29 103 131.226 0.280
29 104 140.070 0.310
30 50 40.213 -0.040
30 51 28.905 -0.080
30 52 14.481 0.120
30 53 7.073 0.230
30 54 -6.703 0.220
30 55 -14.052 0.270
30 56 -25.360 0.230
30 57 -31.601 0.180
30 58 -41.832 -0.170
30 59 -47.155 -0.170
30 60 -54.122 -0.190
30 61 -56.440 -0.220
30 62 -61.248 -0.210
30 63 -61.998 -0.220
30 64 -65.779 -0.220
30 65 -65.479 -0.190
30 66 -68.915 -0.220
30 67 -67.795 -0.210
30 68 -70.540 -0.220
30 69 -68.698 -0.200
30 70 -70.246 -0.160
30 71 -67.645 -0.120
30 72 -68.717 0.140
30 73 -66.130 -0.150
30 74 -66.351 0.170
30 75 -63.008 0.250
30 76 -62.839 0.180
30 77 -58.692 0.190
30 78 -57.840 0.150
30 79 -53.344 0.100
30 80 -51.570 -0.090
30 81 -46.343 -0.120
30 82 -42.497 -0.140
30 83 -36.083 0.180
30 84 -31.838 0.170
30 85 -24.997 -0.190
30 86 -20.499 -0.190
30 87 -13.112 -0.200
30 88 -8.135 -0.200
30 89 -0.123 -0.230
30 90 4.941 -0.210
30 91 12.944 -0.220
30 92 18.645 -0.230
30 93 27.124 -0.220
30 94 33.105 -0.250
30 95 41.438 0.300
30 96 48.158 -0.250
30 97 57.039 -0.210
30 98 63.298 0.290
30 99 71.988 0.280
30 100 79.293 0.260
30 101 88.477 0.250
30 102 95.736 0.280
30 103 104.394 0.260
30 104 112.906 0.230
30 105 121.906 0.280
30 106 130.191 0.230
31 52 41.438 0.060
31 53 28.031 0.090
31 54 19.914 0.000
31 55 4.422 0.240
31 56 -4.134 0.280
31 57 -15.661 0.260
31 58 -22.918 0.190
31 59 -33.284 -0.190
31 60 -39.398 -0.180
31 61 -46.998 -0.230
31 62 -50.516 -0.230
31 63 -56.419 -0.230
31 64 -58.002 -0.240
31 65 -62.352 -0.240
31 66 -62.683 -0.200
31 67 -66.733 -0.240
31 68 -66.551 -0.230
31 69 -69.414 -0.230
31 70 -68.591 -0.230
31 71 -70.648 -0.220
31 72 -68.938 0.250
31 73 -70.416 -0.200
31 74 -68.401 0.260
31 75 -68.942 0.230
31 76 -66.348 0.200
31 77 -66.551 0.200
31 78 -63.302 0.190
31 79 -62.631 0.190
31 80 -58.938 0.200
31 81 -57.296 -0.120
31 82 -52.867 -0.140
31 83 -49.372 -0.150
31 84 -43.742 -0.180
31 85 -39.795 0.190
31 86 -33.510 0.220
31 87 -29.423 -0.210
31 88 -22.561 -0.220
31 89 -17.940 -0.240
31 90 -10.699 -0.240
31 91 -5.913 -0.230
31 92 1.569 -0.230
31 93 6.922 -0.250
31 94 14.825 -0.260
31 95 20.405 -0.240
31 96 28.766 -0.260
31 97 34.689 -0.260
31 98 43.143 -0.260
31 99 49.305 -0.240
31 100 58.613 -0.200
31 101 64.375 0.280
31 102 72.806 0.270
31 103 80.001 0.260
31 104 89.560 0.250
31 105 96.176 0.240
31 106 105.206 0.280
31 107 112.860 0.220
31 108 121.873 0.240
32 54 37.360 0.110
32 55 27.440 0.170
32 56 12.912 0.210
32 57 4.153 0.270
32 58 -8.841 0.240
32 59 -16.188 0.280
32 60 -27.204 -0.200
32 61 -33.983 -0.190
32 62 -42.574 -0.220
32 63 -47.163 -0.230
32 64 -54.338 -0.240
32 65 -56.959 -0.240
32 66 -61.893 -0.250
32 67 -62.341 -0.280
32 68 -67.034 -0.250
32 69 -67.400 -0.240
32 70 -70.977 -0.220
32 71 -70.482 -0.190
32 72 -73.234 -0.240
32 73 -72.205 0.220
32 74 -74.029 0.200
32 75 -71.956 0.240
32 76 -73.873 0.210
32 77 -71.653 0.250
32 78 -72.573 0.200
32 79 -69.438 0.200
32 80 -69.594 0.190
32 81 -66.137 0.200
32 82 -65.097 -0.130
32 83 -60.864 -0.140
32 84 -58.011 -0.170
32 85 -52.755 0.190
32 86 -49.654 0.210
32 87 -43.692 0.230
32 88 -39.728 -0.210
32 89 -33.379 -0.240
32 90 -29.278 -0.220
32 91 -22.209 -0.230
32 92 -17.911 -0.240
32 93 -10.861 -0.240
32 94 -6.011 -0.240
32 95 2.033 -0.280
32 96 6.780 -0.270
32 97 14.835 -0.270
32 98 20.191 -0.280
32 99 28.338 -0.240
32 100 34.034 -0.240
32 101 42.617 -0.200
32 102 48.284 0.290
32 103 56.284 0.260
32 104 63.243 0.250
32 105 72.423 0.240
32 106 78.763 0.240
32 107 88.531 0.190
32 108 94.680 0.230
32 109 103.581 0.240
32 110 111.296 0.200
33 56 40.435 0.240
33 57 25.049 0.210
33 58 16.033 0.340
33 59 2.523 0.240
33 60 -5.804 0.270
33 61 -17.219 -0.200
33 62 -24.581 -0.200
33 63 -33.579 -0.230
33 64 -39.018 -0.250
33 65 -47.152 -0.250
33 66 -51.085 -0.260
33 67 -57.132 -0.260
33 68 -58.530 -0.280
33 69 -63.500 -0.220
33 70 -64.340 -0.240
33 71 -68.304 -0.230
33 72 -68.467 -0.260
33 73 -71.710 -0.230
33 74 -71.040 -0.250
33 75 -73.616 -0.210
33 76 -72.837 0.240
33 77 -74.588 0.220
33 78 -73.013 0.250
33 79 -74.394 0.210
33 80 -72.086 0.190
33 81 -72.629 0.220
33 82 -69.701 0.210
33 83 -69.130 -0.120
33 84 -65.512 -0.150
33 85 -63.033 -0.170
33 86 -58.454 0.190
33 87 -55.710 0.210
33 88 -50.281 0.220
33 89 -46.861 -0.230
33 90 -41.204 -0.240
33 91 -37.538 -0.250
33 92 -31.132 -0.250
33 93 -27.242 -0.250
33 94 -20.742 -0.250
33 95 -16.259 -0.270
33 96 -8.899 -0.280
33 97 -4.380 -0.260
33 98 2.849 -0.270
33 99 8.063 -0.270
33 100 15.738 -0.260
33 101 21.206 -0.260
33 102 29.219 -0.260
33 103 35.096 -0.250
33 104 43.139 0.270
33 105 48.847 0.260
33 106 58.016 0.210
33 107 63.658 0.250
33 108 72.114 0.230
33 109 78.992 0.230
33 110 87.635 0.240
33 111 95.058 0.210
33 112 103.720 0.210
33 113 111.544 0.200
33 114 120.728 0.200
33 115 128.435 0.210
33 116 137.328 0.220
33 117 145.443 0.220
33 118 154.445 0.200
33 119 162.765 0.220
33 120 172.012 -0.200
34 58 35.356 0.180
34 59 25.239 0.290
34 60 11.533 0.270
34 61 2.806 0.330
34 62 -9.827 -0.220
34 63 -17.819 -0.210
34 64 -27.346 -0.250
34 65 -33.395 -0.250
34 66 -42.243 -0.260
34 67 -47.103 -0.260
34 68 -54.255 -0.270
34 69 -56.837 -0.190
34 70 -62.535 -0.240
34 71 -63.865 -0.240
34 72 -68.253 -0.240
34 73 -68.936 -0.260
34 74 -72.779 -0.230
34 75 -72.506 -0.250
34 76 -75.702 -0.250
34 77 -75.448 0.240
34 78 -77.781 0.210
34 79 -76.517 0.230
34 80 -78.511 0.200
34 81 -76.441 0.190
34 82 -77.633 0.220
34 83 -75.125 0.200
34 84 -75.362 -0.110
34 85 -72.120 -0.140
34 86 -70.158 -0.170
34 87 -65.758 0.180
34 88 -63.569 0.200
34 89 -58.484 0.220
34 90 -55.652 0.240
34 91 -50.191 -0.240
34 92 -46.909 -0.240
34 93 -40.982 -0.250
34 94 -37.546 -0.260
34 95 -31.395 -0.270
34 96 -27.310 -0.260
34 97 -20.463 -0.280
34 98 -16.285 -0.270
34 99 -9.373 -0.270
34 100 -4.535 -0.270
34 101 2.776 -0.270
34 102 7.883 -0.260
34 103 15.499 -0.260
34 104 20.951 -0.250
34 105 28.969 0.260
34 106 34.098 0.260
34 107 41.905 0.260
34 108 48.262 0.240
34 109 56.503 0.230
34 110 63.095 0.220
34 111 71.368 0.240
34 112 78.523 0.180
34 113 87.424 0.220
34 114 94.112 0.160
34 115 102.943 0.190
34 116 111.461 0.000
34 117 119.511 -0.080
34 118 127.127 0.180
34 119 135.873 0.220
34 120 144.105 0.200
34 121 153.235 -0.180
34 122 161.855 -0.170
35 60 38.247 0.250
35 61 24.105 0.240
35 62 14.419 -0.190
35 63 1.630 -0.190
35 64 -6.761 -0.240
35 65 -16.466 -0.260
35 66 -23.387 -0.260
35 67 -32.659 -0.260
35 68 -38.526 -0.270
35 69 -46.516 -0.200
35 70 -50.489 -0.280
35 71 -57.052 -0.190
35 72 -59.109 -0.260
35 73 -64.134 -0.190
35 74 -65.427 -0.180
35 75 -69.617 -0.180
35 76 -69.886 -0.280
35 77 -73.731 -0.170
35 78 -73.382 -0.150
35 79 -76.204 0.250
35 80 -75.823 0.160
35 81 -78.167 0.230
35 82 -77.124 0.170
35 83 -79.002 0.150
35 84 -77.238 0.110
35 85 -77.863 0.100
35 86 -75.235 -0.140
35 87 -73.676 -0.150
35 88 -69.601 -0.170
35 89 -67.812 0.170
35 90 -63.106 -0.190
35 91 -60.662 -0.190
35 92 -55.768 -0.250
35 93 -52.992 -0.260
35 94 -47.653 -0.260
35 95 -44.651 -0.270
35 96 -39.002 -0.280
35 97 -35.340 -0.270
35 98 -29.077 -0.290
35 99 -25.116 -0.300
35 100 -18.734 -0.290
35 101 -14.239 -0.290
35 102 -7.472 -0.290
35 103 -2.635 -0.290
35 104 4.245 -0.300
35 105 9.659 -0.290
35 106 17.168 -0.280
35 107 22.532 -0.280
35 108 30.155 0.270
35 109 36.203 0.180
35 110 43.840 0.190
35 111 50.083 0.160
35 112 58.143 0.150
35 113 64.189 0.140
35 114 72.684 0.130
35 115 79.075 0.100
35 116 88.853 0.000
35 117 94.622 0.000
35 118 104.080 0.000
35 119 110.585 0.110
35 120 119.345 0.150
35 121 127.393 0.150
35 122 136.297 -0.170
35 123 144.642 -0.140
35 124 153.618 -0.180
36 62 34.082 0.310
36 63 24.144 0.180
36 64 10.071 -0.210
36 65 0.863 -0.210
36 66 -9.903 -0.230
36 67 -17.052 -0.250
36 68 -26.894 -0.250
36 69 -33.126 -0.270
36 70 -41.892 -0.280
36 71 -46.584 -0.260
36 72 -54.513 -0.250
36 73 -57.518 -0.250
36 74 -63.210 -0.240
36 75 -64.871 -0.200
36 76 -69.535 -0.240
36 77 -70.158 -0.270
36 78 -74.561 -0.220
36 79 -74.730 -0.210
36 80 -78.359 0.180
36 81 -78.004 0.230
36 82 -81.186 0.180
36 83 -79.928 0.180
36 84 -82.383 -0.140
36 85 -81.180 0.090
36 86 -82.666 -0.100
36 87 -80.175 -0.130
36 88 -79.326 -0.150
36 89 -75.646 -0.170
36 90 -74.301 -0.170
36 91 -70.041 -0.200
36 92 -68.203 -0.200
36 93 -63.538 -0.220
36 94 -61.104 -0.220
36 95 -55.986 -0.200
36 96 -53.418 -0.250
36 97 -48.089 -0.260
36 98 -44.929 -0.270
36 99 -39.043 -0.250
36 100 -35.540 -0.260
36 101 -29.467 -0.270
36 102 -25.497 -0.260
36 103 -18.903 -0.260
36 104 -14.629 -0.260
36 105 -7.276 0.360
36 106 -3.020 -0.240
36 107 4.155 -0.210
36 108 9.074 -0.240
36 109 16.099 0.240
36 110 21.743 -0.200
36 111 29.322 0.170
36 112 35.241 0.130
36 113 42.798 0.150
36 114 48.433 0.130
36 115 56.737 0.100
36 116 62.443 0.090
36 117 71.661 0.000
36 118 77.143 0.000
36 119 86.577 0.000
36 120 92.698 -0.100
36 121 101.407 -0.090
36 122 109.359 -0.120
36 123 117.940 -0.140
36 124 126.398 -0.120
36 125 135.736 -0.130
36 126 143.605 -0.150
37 64 36.668 -0.220
37 65 22.777 -0.210
37 66 12.990 -0.220
37 67 1.729 -0.220
37 68 -6.203 -0.220
37 69 -16.600 -0.230
37 70 -23.285 -0.250
37 71 -32.634 -0.250
37 72 -38.002 -0.270
37 73 -46.746 -0.250
37 74 -50.874 -0.240
37 75 -57.598 -0.230
37 76 -59.929 -0.200
37 77 -65.151 -0.230
37 78 -66.315 -0.240
37 79 -71.092 -0.220
37 80 -71.791 -0.230
37 81 -75.901 -0.230
37 82 -76.289 0.230
37 83 -79.758 0.140
37 84 -79.725 -0.140
37 85 -82.367 0.130
37 86 -81.725 0.100
37 87 -83.453 -0.090
37 88 -81.580 -0.130
37 89 -81.076 -0.140
37 90 -77.880 -0.160
37 91 -76.997 -0.170
37 92 -73.330 -0.190
37 93 -71.822 -0.200
37 94 -67.632 -0.220
37 95 -65.713 -0.220
37 96 -60.601 -0.220
37 97 -58.872 -0.240
37 98 -54.047 -0.240
37 99 -51.240 -0.250
37 100 -45.350 0.400
37 101 -42.786 -0.260
37 102 -36.555 0.430
37 103 -33.020 0.430
37 104 -27.069 0.420
37 105 -22.917 0.410
37 106 -16.710 0.430
37 107 -12.797 -0.220
37 108 -6.003 -0.210
37 109 -1.558 -0.210
37 110 5.584 -0.230
37 111 10.168 -0.180
37 112 17.701 -0.140
37 113 23.007 0.110
37 114 30.068 -0.110
37 115 35.461 0.090
37 116 42.965 0.080
37 117 49.184 0.000
37 118 56.854 0.000
37 119 61.995 0.000
37 120 71.330 0.000
37 121 77.424 -0.070
37 122 85.907 -0.090
37 123 93.654 -0.100
37 124 102.377 -0.110
37 125 110.347 -0.120
37 126 119.444 -0.120
37 127 127.349 -0.130
37 128 136.577 -0.120
38 66 32.806 -0.130
38 67 22.090 -0.210
38 68 10.214 -0.220
38 69 1.796 -0.260
38 70 -9.058 -0.280
38 71 -16.426 -0.270
38 72 -26.203 -0.280
38 73 -32.036 -0.300
38 74 -41.686 -0.230
38 75 -46.573 -0.240
38 76 -54.480 -0.240
38 77 -57.728 -0.190
38 78 -63.777 -0.220
38 79 -65.227 -0.250
38 80 -70.548 -0.220
38 81 -71.519 -0.200
38 82 -76.208 -0.160
38 83 -76.645 -0.150
38 84 -80.970 -0.140
38 85 -81.289 -0.110
38 86 -84.435 -0.110
38 87 -84.431 0.090
38 88 -86.884 0.080
38 89 -85.200 -0.120
38 90 -85.292 -0.130
38 91 -82.408 -0.150
38 92 -82.101 -0.160
38 93 -78.715 -0.180
38 94 -77.591 -0.180
38 95 -73.752 -0.210
38 96 -72.246 -0.190
38 97 -67.949 -0.180
38 98 -66.151 -0.210
38 99 -61.644 -0.240
38 100 -59.404 -0.250
38 101 -54.514 -0.250
38 102 -51.750 -0.260
38 103 -46.300 0.410
38 104 -42.950 0.410
38 105 -37.385 0.410
38 106 -33.663 0.390
38 107 -27.608 0.430
38 108 -24.053 -0.210
38 109 -17.423 -0.190
38 110 -13.438 -0.190
38 111 -6.748 -0.180
38 112 -2.322 -0.220
38 113 5.219 -0.100
38 114 9.479 -0.110
38 115 16.380 -0.110
38 116 21.698 0.050
38 117 29.058 0.040
38 118 33.466 0.060
38 119 40.816 0.050
38 120 46.504 0.000
38 121 54.952 0.060
38 122 61.472 -0.060
38 123 70.089 -0.080
38 124 77.357 -0.080
38 125 86.344 -0.080
38 126 93.898 -0.090
38 127 102.875 -0.110
38 128 110.513 -0.100
38 129 119.748 -0.120
38 130 127.616 -0.120
39 68 35.229 -0.190
39 69 23.420 -0.190
39 70 14.025 -0.250
39 71 2.502 -0.270
39 72 -5.655 -0.270
39 73 -16.110 -0.270
39 74 -22.278 -0.290
39 75 -30.695 0.140
39 76 -36.765 0.280
39 77 -45.292 0.170
39 78 -49.623 0.120
39 79 -57.906 -0.200
39 80 -60.215 -0.190
39 81 -66.016 -0.180
39 82 -67.666 -0.190
39 83 -72.670 -0.170
39 84 -74.079 -0.170
39 85 -78.264 -0.160
39 86 -79.343 -0.140
39 87 -82.681 0.090
39 88 -83.571 0.080
39 89 -86.615 0.080
39 90 -85.120 -0.120
39 91 -85.509 -0.160
39 92 -83.120 -0.140
39 93 -83.467 -0.180
39 94 -80.384 -0.190
39 95 -79.923 -0.180
39 96 -76.516 -0.180
39 97 -75.540 -0.190
39 98 -71.752 -0.190
39 99 -70.386 -0.200
39 100 -66.310 -0.240
39 101 -64.491 -0.240
39 102 -60.105 0.470
39 103 -57.847 0.420
39 104 -53.161 0.420
39 105 -50.228 0.420
39 106 -45.085 0.410
39 107 -41.743 0.400
39 108 -36.236 0.440
39 109 -32.309 0.380
39 110 -26.630 -0.180
39 111 -22.860 -0.200
39 112 -16.478 -0.200
39 113 -12.381 -0.200
39 114 -5.781 -0.200
39 115 -1.248 0.070
39 116 5.255 -0.110
39 117 9.777 0.040
39 118 16.951 0.000
39 119 20.855 0.050
39 120 27.685 0.040
39 121 32.990 0.000
39 122 40.945 0.050
39 123 47.774 0.070
39 124 56.370 0.040
39 125 63.434 -0.040
39 126 72.071 -0.050
39 127 79.477 -0.050
39 128 88.307 0.030
39 129 95.826 -0.050
39 130 104.762 0.040
39 131 112.493 -0.040
39 132 121.582 -0.040
40 70 32.677 -0.230
40 71 23.199 -0.230
40 72 10.951 -0.270
40 73 2.547 -0.270
40 74 -8.247 -0.290
40 75 -14.949 -0.300
40 76 -25.710 -0.230
40 77 -30.375 0.110
40 78 -40.447 0.170
40 79 -45.712 0.130
40 80 -54.295 -0.230
40 81 -57.536 -0.240
40 82 -64.141 -0.230
40 83 -66.071 -0.210
40 84 -71.572 0.130
40 85 -72.727 0.160
40 86 -77.952 -0.100
40 87 -78.725 0.110
40 88 -83.549 -0.090
40 89 -84.648 0.080
40 90 -88.376 0.090
40 91 -87.301 -0.110
40 92 -88.232 -0.110
40 93 -86.097 -0.140
40 94 -86.837 -0.150
40 95 -84.364 -0.170
40 96 -84.140 -0.200
40 97 -81.184 -0.210
40 98 -80.553 -0.220
40 99 -77.063 -0.190
40 100 -76.221 -0.230
40 101 -72.491 -0.230
40 102 -71.100 -0.240
40 103 -66.852 -0.240
40 104 -65.178 -0.240
40 105 -60.485 0.380
40 106 -58.371 -0.250
40 107 -53.357 -0.260
40 108 -50.813 -0.240
40 109 -45.249 -0.240
40 110 -42.335 -0.230
40 111 -36.541 -0.240
40 112 -33.373 -0.200
40 113 -27.279 -0.200
40 114 -23.517 -0.190
40 115 -17.218 -0.160
40 116 -12.961 -0.110
40 117 -6.730 -0.100
40 118 -2.457 -0.050
40 119 4.150 0.050
40 120 8.019 0.050
40 121 14.625 0.050
40 122 19.627 0.000
40 123 27.237 -0.050
40 124 33.788 0.050
40 125 42.341 0.050
40 126 49.068 -0.050
40 127 57.634 -0.050
40 128 64.667 -0.070
40 129 73.450 0.030
40 130 80.672 -0.080
40 131 89.342 -0.040
40 132 97.128 -0.040
40 133 106.057 0.030
40 134 113.807 -0.050
41 72 43.376 0.270
41 73 23.854 -0.280
41 74 15.096 -0.260
41 75 3.087 -0.280
41 76 -4.366 -0.280
41 77 -14.812 -0.260
41 78 -20.654 0.210
41 79 -31.222 -0.280
41 80 -36.634 0.110
41 81 -45.354 0.160
41 82 -50.262 -0.230
41 83 -57.638 -0.190
41 84 -60.563 -0.140
41 85 -67.077 0.130
41 86 -68.706 0.140
41 87 -74.569 0.120
41 88 -76.272 -0.110
41 89 -80.823 -0.100
41 90 -82.134 0.090
41 91 -86.402 -0.070
41 92 -86.033 -0.100
41 93 -87.196 -0.090
41 94 -85.541 -0.100
41 95 -86.514 -0.110
41 96 -84.501 -0.180
41 97 -84.881 0.130
41 98 -82.368 0.130
41 99 -82.043 -0.240
41 100 -79.170 0.300
41 101 -78.650 -0.240
41 102 -75.491 -0.240
41 103 -74.481 -0.240
41 104 -70.767 -0.240
41 105 -69.406 -0.250
41 106 -65.338 0.370
41 107 -63.577 -0.240
41 108 -59.205 -0.250
41 109 -56.848 -0.240
41 110 -51.923 -0.240
41 111 -49.284 -0.230
41 112 -43.963 -0.240
41 113 -40.868 -0.230
41 114 -35.122 -0.200
41 115 -31.677 -0.180
41 116 -25.365 -0.080
41 117 -21.460 -0.070
41 118 -16.135 -0.080
41 119 -12.533 -0.070
41 120 -6.302 -0.070
41 121 -2.759 -0.070
41 122 3.662 0.060
41 123 7.976 -0.040
41 124 15.836 -0.060
41 125 22.129 -0.050
41 126 30.196 -0.060
41 127 36.817 -0.070
41 128 45.105 -0.070
41 129 52.012 -0.070
41 130 60.337 -0.080
41 131 67.254 -0.100
41 132 75.865 -0.070
41 133 83.153 -0.090
41 134 91.531 -0.110
41 135 99.725 -0.200
41 136 108.507 -0.200
42 74 32.969 0.290
42 75 23.743 -0.260
42 76 11.837 -0.270
42 77 4.051 -0.300
42 78 -7.693 -0.210
42 79 -14.688 -0.200
42 80 -25.170 -0.190
42 81 -30.559 0.080
42 82 -40.859 -0.220
42 83 -45.779 -0.190
42 84 -54.088 0.120
42 85 -57.407 0.060
42 86 -64.805 0.140
42 87 -67.181 0.230
42 88 -73.021 0.110
42 89 -74.573 0.110
42 90 -80.238 0.110
42 91 -82.229 0.080
42 92 -86.851 0.080
42 93 -86.593 -0.110
42 94 -88.297 0.080
42 95 -87.097 0.110
42 96 -88.742 -0.140
42 97 -87.188 -0.170
42 98 -87.902 0.190
42 99 -85.831 -0.190
42 100 -86.105 -0.210
42 101 -83.529 -0.190
42 102 -83.398 -0.220
42 103 -80.493 -0.230
42 104 -79.888 -0.230
42 105 -76.554 -0.240
42 106 -75.655 -0.230
42 107 -71.864 -0.260
42 108 -70.467 -0.230
42 109 -66.517 -0.230
42 110 -64.608 -0.240
42 111 -59.961 -0.220
42 112 -57.870 -0.230
42 113 -52.739 -0.230
42 114 -50.273 -0.220
42 115 -44.961 -0.200
42 116 -42.030 -0.190
42 117 -36.535 -0.190
42 118 -32.487 0.070
42 119 -27.330 -0.120
42 120 -22.687 0.000
42 121 -17.276 0.000
42 122 -14.790 0.070
42 123 -8.850 0.050
42 124 -5.034 -0.040
42 125 2.630 -0.060
42 126 8.539 0.060
42 127 16.633 0.050
42 128 23.801 0.000
42 129 31.376 -0.040
42 130 37.609 0.060
42 131 46.056 0.050
42 132 52.921 -0.080
42 133 61.476 -0.070
42 134 68.361 -0.150
42 135 77.038 -0.120
42 136 84.241 -0.150
42 137 92.647 -0.160
42 138 100.210 -0.200
42 139 108.392 -0.190
42 140 116.707 -0.210
42 141 125.753 -0.220
42 142 133.718 -0.230
42 143 142.752 -0.240
42 144 150.680 -0.220
42 145 159.868 -0.220
42 146 168.280 -0.230
43 76 36.761 0.320
43 77 24.369 -0.290
43 78 15.745 -0.300
43 79 3.973 -0.220
43 80 -3.528 -0.150
43 81 -13.999 -0.140
43 82 -21.246 -0.220
43 83 -31.024 -0.230
43 84 -36.834 -0.210
43 85 -45.623 -0.170
43 86 -51.276 0.150
43 87 -58.218 0.080
43 88 -61.577 0.160
43 89 -68.376 0.150
43 90 -70.351 0.140
43 91 -75.957 0.080
43 92 -78.799 0.060
43 93 -83.404 -0.110
43 94 -84.031 -0.110
43 95 -85.861 0.080
43 96 -85.398 0.160
43 97 -87.534 0.170
43 98 -86.239 0.180
43 99 -87.736 0.190
43 100 -86.042 0.200
43 101 -86.645 0.250
43 102 -84.496 0.180
43 103 -84.413 0.310
43 104 -82.101 0.210
43 105 -81.735 0.320
43 106 -78.720 -0.230
43 107 -78.176 0.330
43 108 -75.403 0.330
43 109 -73.938 -0.240
43 110 -70.412 -0.240
43 111 -68.923 -0.230
43 112 -64.767 -0.240
43 113 -62.933 -0.220
43 114 -58.317 -0.220
43 115 -56.104 -0.200
43 116 -51.344 -0.200
43 117 -48.590 -0.180
43 118 -43.559 0.150
43 119 -40.996 0.140
43 120 -35.986 0.120
43 121 -32.296 0.060
43 122 -27.151 0.050
43 123 -23.924 0.070
43 124 -18.664 0.060
43 125 -14.871 -0.040
43 126 -7.840 0.050
43 127 -1.880 0.060
43 128 6.382 0.000
43 129 11.946 0.060
43 130 19.704 0.090
43 131 26.222 0.070
43 132 34.288 0.060
43 133 40.549 0.160
43 134 48.741 0.150
43 135 55.716 0.170
43 136 64.193 0.170
43 137 71.131 -0.140
43 138 79.246 -0.150
43 139 87.060 -0.140
43 140 95.513 -0.200
43 141 103.151 -0.220
43 142 112.050 -0.230
43 143 119.497 -0.240
43 144 128.427 -0.240
43 145 136.178 -0.230
43 146 145.081 -0.240
43 147 153.283 -0.240
43 148 162.682 -0.230
44 78 33.949 0.290
44 79 25.198 -0.300
44 80 12.701 -0.170
44 81 4.537 -0.180
44 82 -6.946 -0.200
44 83 -13.951 0.090
44 84 -23.663 0.060
44 85 -30.765 -0.100
44 86 -40.152 0.080
44 87 -45.736 0.070
44 88 -54.439 0.120
44 89 -58.305 0.170
44 90 -65.764 0.130
44 91 -68.275 0.120
44 92 -74.816 0.120
44 93 -77.413 0.070
44 94 -82.370 0.040
44 95 -83.406 -0.110
44 96 -86.083 -0.080
44 97 -85.869 0.120
44 98 -88.287 0.150
44 99 -87.308 0.180
44 100 -89.317 0.200
44 101 -87.980 0.200
44 102 -89.303 0.210
44 103 -87.418 0.190
44 104 -88.239 0.240
44 105 -85.897 0.220
44 106 -86.102 0.270
44 107 -83.329 0.220
44 108 -83.273 -0.230
44 109 -80.279 0.290
44 110 -79.817 -0.230
44 111 -76.570 -0.230
44 112 -75.494 -0.230
44 113 -71.595 -0.230
44 114 -70.311 -0.220
44 115 -66.047 -0.230
44 116 -64.250 -0.220
44 117 -59.723 0.210
44 118 -57.528 -0.190
44 119 -52.597 -0.200
44 120 -50.256 0.130
44 121 -45.545 0.110
44 122 -42.901 0.110
44 123 -37.586 0.080
44 124 -34.004 0.000
44 125 -29.919 0.050
44 126 -26.076 0.000
44 127 -19.467 0.040
44 128 -13.935 0.050
44 129 -5.757 0.000
44 130 -0.651 0.070
44 131 6.909 0.080
44 132 13.006 0.100
44 133 20.927 0.130
44 134 27.164 0.130
44 135 35.357 0.130
44 136 41.768 0.180
44 137 50.475 0.100
44 138 56.599 0.210
44 139 64.819 0.150
44 140 71.848 0.240
44 141 81.147 -0.190
44 142 87.243 0.260
44 143 96.258 -0.190
44 144 103.337 0.290
44 145 112.099 -0.230
44 146 119.554 0.310
44 147 128.517 0.320
44 148 136.399 -0.220
44 149 144.896 0.240
44 150 153.207 -0.230
45 80 37.322 0.200
45 81 24.757 -0.170
45 82 15.982 -0.170
45 83 4.827 -0.160
45 84 -2.474 -0.070
45 85 -12.972 -0.040
45 86 -20.492 -0.090
45 87 -30.133 0.070
45 88 -36.758 0.070
45 89 -46.044 0.160
45 90 -51.038 0.160
45 91 -58.997 0.150
45 92 -62.565 0.120
45 93 -68.912 -0.070
45 94 -72.870 0.080
45 95 -77.861 0.070
45 96 -79.337 -0.100
45 97 -82.224 0.110
45 98 -82.726 -0.140
45 99 -85.702 0.190
45 100 -85.299 0.200
45 101 -87.761 0.210
45 102 -86.955 0.210
45 103 -88.643 0.230
45 104 -87.189 0.240
45 105 -88.457 0.230
45 106 -86.576 0.220
45 107 -87.188 0.250
45 108 -84.863 0.260
45 109 -85.014 0.250
45 110 -82.592 0.270
45 111 -82.128 0.270
45 112 -79.329 0.280
45 113 -78.380 -0.240
45 114 -75.368 0.260
45 115 -73.940 -0.210
45 116 -70.419 0.250
45 117 -68.739 -0.210
45 118 -64.672 -0.190
45 119 -62.890 -0.140
45 120 -58.738 0.190
45 121 -56.723 0.170
45 122 -52.236 0.120
45 123 -49.794 0.100
45 124 -45.322 0.080
45 125 -42.819 0.060
45 126 -38.562 0.050
45 127 -35.121 0.000
45 128 -28.733 0.040
45 129 -23.161 0.040
45 130 -15.873 0.090
45 131 -10.269 0.100
45 132 -3.001 0.080
45 133 2.906 0.140
45 134 10.357 0.150
45 135 16.628 0.160
45 136 24.294 0.180
45 137 30.441 0.180
45 138 38.251 0.200
45 139 44.740 0.200
45 140 53.015 0.240
45 141 59.375 0.250
45 142 67.251 0.260
45 143 74.409 0.290
45 144 82.367 0.210
45 145 89.516 0.290
45 146 98.519 0.330
45 147 105.841 0.340
45 148 113.872 0.270
45 149 121.873 0.340
45 150 130.885 0.340
45 151 138.052 0.300
45 152 147.155 0.310
46 82 34.529 0.170
46 83 25.217 0.150
46 84 12.901 -0.130
46 85 5.114 0.080
46 86 -5.651 -0.060
46 87 -13.362 -0.080
46 88 -23.639 0.060
46 89 -30.819 0.070
46 90 -40.496 0.090
46 91 -46.241 0.160
46 92 -55.133 0.140
46 93 -59.140 0.110
46 94 -66.395 -0.070
46 95 -70.577 0.080
46 96 -76.159 -0.040
46 97 -77.699 -0.060
46 98 -81.367 0.080
46 99 -82.021 0.120
46 100 -85.382 0.170
46 101 -85.269 0.170
46 102 -88.077 0.190
46 103 -87.620 0.200
46 104 -89.676 0.200
46 105 -88.665 0.190
46 106 -90.325 0.210
46 107 -88.943 0.220
46 108 -89.952 0.230
46 109 -88.022 0.240
46 110 -88.549 0.230
46 111 -86.391 0.230
46 112 -86.350 0.250
46 113 -83.599 -0.240
46 114 -83.455 0.240
46 115 -80.658 0.250
46 116 -79.823 0.220
46 117 -76.318 0.160
46 118 -75.446 0.220
46 119 -72.080 0.190
46 120 -70.464 0.180
46 121 -66.371 0.130
46 122 -65.003 0.140
46 123 -61.041 0.120
46 124 -58.947 0.110
46 125 -54.562 0.090
46 126 -52.549 0.060
46 127 -48.595 0.050
46 128 -45.822 -0.030
46 129 -39.222 0.050
46 130 -33.434 0.000
46 131 -26.454 0.000
46 132 -21.956 0.100
46 133 -14.694 0.090
46 134 -9.324 0.120
46 135 -1.891 0.120
46 136 3.902 0.130
46 137 11.284 0.100
46 138 17.437 0.170
46 139 25.305 0.200
46 140 31.372 0.200
46 141 38.850 0.210
46 142 45.533 0.220
46 143 53.409 0.250
46 144 60.141 0.290
46 145 68.276 0.260
46 146 74.694 0.250
46 147 82.672 0.230
46 148 90.485 0.330
46 149 98.694 0.270
46 150 105.773 0.290
46 151 114.025 0.270
46 152 121.833 0.280
46 153 130.650 0.250
46 154 138.070 0.260
47 84 38.859 0.100
47 85 25.829 -0.160
47 86 17.446 0.060
47 87 6.102 0.060
47 88 -2.433 -0.090
47 89 -12.718 0.050
47 90 -20.735 0.070
47 91 -30.692 0.090
47 92 -37.185 0.090
47 93 -46.547 0.130
47 94 -51.852 0.110
47 95 -59.674 0.110
47 96 -64.629 0.090
47 97 -70.453 0.070
47 98 -72.781 0.090
47 99 -76.445 0.100
47 100 -77.456 0.120
47 101 -81.053 0.170
47 102 -81.612 -0.120
47 103 -84.576 0.180
47 104 -84.625 0.180
47 105 -87.066 0.200
47 106 -86.583 0.220
47 107 -88.548 0.210
47 108 -87.643 0.190
47 109 -89.112 0.210
47 110 -87.796 0.220
47 111 -88.678 0.220
47 112 -87.101 0.230
47 113 -87.409 0.230
47 114 -85.329 0.260
47 115 -85.342 0.220
47 116 -83.017 0.230
47 117 -82.591 0.220
47 118 -79.461 0.210
47 119 -79.047 0.200
47 120 -75.932 0.180
47 121 -74.743 0.170
47 122 -71.209 0.150
47 123 -69.642 0.110
47 124 -66.130 0.090
47 125 -64.738 0.100
47 126 -61.071 0.070
47 127 -59.203 0.060
47 128 -55.858 0.050
47 129 -53.152 0.000
47 130 -47.278 0.040
47 131 -41.806 0.000
47 132 -35.568 0.050
47 133 -30.577 0.050
47 134 -23.538 0.080
47 135 -17.501 0.130
47 136 -10.758 0.140
47 137 -5.110 0.150
47 138 1.978 0.170
47 139 7.563 0.170
47 140 14.744 0.170
47 141 20.797 0.180
47 142 28.375 0.230
47 143 34.481 0.190
47 144 42.375 0.190
47 145 48.120 0.280
47 146 56.329 0.210
47 147 62.261 0.250
47 148 70.687 0.290
47 149 77.359 0.330
47 150 85.628 0.270
47 151 92.672 0.330
47 152 100.737 0.300
47 153 107.739 0.250
47 154 115.973 0.240
47 155 123.547 0.230
47 156 132.055 0.220
48 86 35.949 -0.090
48 87 25.790 0.060
48 88 14.547 0.050
48 89 5.795 -0.080
48 90 -5.297 0.050
48 91 -13.384 0.060
48 92 -23.762 0.060
48 93 -30.572 0.070
48 94 -40.460 -0.070
48 95 -46.592 0.110
48 96 -55.371 0.090
48 97 -60.836 0.080
48 98 -67.626 -0.030
48 99 -69.973 -0.060
48 100 -74.536 0.070
48 101 -75.683 0.090
48 102 -79.886 0.110
48 103 -80.521 0.140
48 104 -84.102 0.160
48 105 -84.356 0.160
48 106 -87.100 0.190
48 107 -86.936 0.170
48 108 -89.316 0.210
48 109 -88.565 0.210
48 110 -90.557 0.220
48 111 -89.470 0.190
48 112 -90.863 0.220
48 113 -89.525 0.220
48 114 -90.278 0.230
48 115 -88.146 0.210
48 116 -88.863 0.220
48 117 -86.839 0.220
48 118 -86.556 -0.160
48 119 -84.341 0.170
48 120 -83.872 -0.160
48 121 -81.432 0.140
48 122 -80.649 -0.130
48 123 -77.973 0.120
48 124 -76.751 -0.100
48 125 -73.319 0.110
48 126 -72.477 0.060
48 127 -68.976 0.080
48 128 -67.077 0.000
48 129 -64.628 0.050
48 130 -62.188 0.000
48 131 -56.714 -0.040
48 132 -51.352 0.000
48 133 -45.348 0.060
48 134 -40.740 0.080
48 135 -33.864 0.070
48 136 -28.993 0.100
48 137 -21.959 0.110
48 138 -16.903 0.120
48 139 -9.513 0.120
48 140 -4.014 0.160
48 141 2.999 0.150
48 142 8.790 0.180
48 143 16.178 0.140
48 144 21.817 0.200
48 145 29.755 0.290
48 146 35.656 0.310
48 147 42.980 0.250
48 148 49.322 0.310
48 149 56.835 0.280
48 150 63.167 0.290
48 151 71.278 0.270
48 152 77.959 0.310
48 153 85.913 0.280
48 154 92.886 0.280
48 155 100.815 0.240
48 156 108.209 0.250
48 157 116.498 0.230
48 158 123.910 0.200
48 159 132.496 0.190
48 160 139.640 0.190
48 161 148.316 0.180
48 162 155.909 0.170
48 163 164.451 0.170
49 88 38.692 0.050
49 89 27.466 0.060
49 90 18.090 -0.070
49 91 6.521 0.050
49 92 -2.145 0.060
49 93 -12.642 0.050
49 94 -20.511 0.050
49 95 -30.772 0.060
49 96 -37.944 0.070
49 97 -47.419 0.080
49 98 -54.037 0.080
49 99 -61.153 0.050
49 100 -64.111 0.080
49 101 -68.805 0.070
49 102 -70.495 0.090
49 103 -74.489 0.080
49 104 -75.825 0.130
49 105 -79.684 0.200
49 106 -80.256 0.190
49 107 -83.405 0.160
49 108 -83.623 0.140
49 109 -86.501 0.170
49 110 -86.338 0.180
49 111 -88.329 0.150
49 112 -87.806 0.180
49 113 -89.401 0.150
49 114 -88.847 0.170
49 115 -89.847 0.160
49 116 -88.162 0.280
49 117 -89.083 0.100
49 118 -87.477 0.100
49 119 -87.952 0.110
49 120 -86.230 0.080
49 121 -86.405 0.090
49 122 -84.424 0.090
49 123 -84.147 0.080
49 124 -81.923 0.080
49 125 -81.286 0.060
49 126 -78.904 0.070
49 127 -77.883 0.040
49 128 -74.812 0.040
49 129 -72.861 0.000
49 130 -71.388 0.050
49 131 -68.751 0.000
49 132 -62.572 0.000
49 133 -58.462 0.000
49 134 -53.348 0.060
49 135 -48.880 0.070
49 136 -42.334 0.060
49 137 -37.415 0.070
49 138 -30.622 0.060
49 139 -25.532 0.090
49 140 -18.621 0.090
49 141 -13.165 0.120
49 142 -6.053 0.120
49 143 -0.600 0.130
49 144 6.317 0.130
49 145 12.552 0.300
49 146 19.468 0.310
49 147 25.061 0.310
49 148 32.116 0.300
49 149 38.097 0.310
49 150 45.936 0.320
49 151 51.696 0.310
49 152 60.041 0.340
49 153 66.099 0.320
49 154 73.969 0.300
49 155 80.275 0.270
49 156 89.222 0.310
49 157 96.121 0.310
49 158 103.378 0.250
49 159 110.433 0.250
49 160 119.256 0.100
49 161 126.001 0.210
49 162 134.557 0.070
49 163 141.040 0.090
49 164 149.599 0.070
49 165 156.610 0.080
50 90 38.509 0.000
50 91 27.979 -0.040
50 92 14.356 0.090
50 93 7.186 0.000
50 94 -5.149 0.090
50 95 -12.453 0.000
50 96 -23.941 -0.050
50 97 -30.242 0.000
50 98 -39.845 0.000
50 99 -47.875 0.050
50 100 -56.867 0.060
50 101 -59.651 -0.080
50 102 -64.907 0.040
50 103 -66.948 -0.090
50 104 -71.900 0.090
50 105 -72.990 -0.090
50 106 -77.267 0.130
50 107 -78.204 -0.100
50 108 -81.729 0.150
50 109 -82.396 0.130
50 110 -85.327 0.160
50 111 -85.489 0.160
50 112 -88.132 0.150
50 113 -87.917 0.160
50 114 -90.061 0.130
50 115 -89.608 -0.140
50 116 -91.278 -0.130
50 117 -90.282 -0.090
50 118 -91.708 -0.100
50 119 -90.088 -0.080
50 120 -91.422 -0.100
50 121 -89.547 0.070
50 122 -90.259 -0.080
50 123 -88.443 0.080
50 124 -88.644 0.060
50 125 -86.379 -0.070
50 126 -86.229 0.030
50 127 -83.707 -0.050
50 128 -83.911 0.040
50 129 -80.895 0.040
50 130 -80.139 0.000
50 131 -78.267 0.040
50 132 -76.750 0.000
50 133 -71.655 -0.030
50 134 -66.991 0.000
50 135 -61.188 0.030
50 136 -57.285 -0.030
50 137 -50.734 0.040
50 138 -46.404 -0.050
50 139 -39.571 0.080
50 140 -35.079 0.060
50 141 -28.194 0.070
50 142 -23.483 0.090
50 143 -15.586 0.180
50 144 -10.352 0.220
50 145 -4.628 0.090
50 146 1.651 0.290
50 147 8.641 0.290
50 148 13.741 0.290
50 149 20.675 0.300
50 150 26.305 0.300
50 151 33.452 0.290
50 152 39.354 0.310
50 153 47.123 0.300
50 154 52.847 0.300
50 155 60.419 0.290
50 156 66.947 0.290
50 157 74.705 0.280
50 158 81.362 0.270
50 159 89.379 0.250
50 160 96.202 0.230
50 161 104.091 -0.100
50 162 110.684 -0.130
50 163 118.814 -0.110
50 164 125.427 0.070
50 165 133.678 0.070
50 166 140.249 0.060
50 167 148.886 0.060
50 168 156.463 0.000
50 169 164.053 -0.060
50 170 171.414 0.000
50 171 179.818 0.000
50 172 186.602 0.000
50 173 195.370 0.000
50 174 202.084 0.000
50 175 211.417 0.000
50 176 217.917 0.000
50 177 226.930 0.000
50 178 235.769 0.000
51 92 45.499 -0.070
51 93 28.822 0.070
51 94 19.372 0.060
51 95 7.898 0.080
51 96 -0.116 0.070
51 97 -11.353 0.060
51 98 -19.090 0.070
51 99 -29.562 0.080
51 100 -35.021 0.000
51 101 -45.835 -0.040
51 102 -50.060 0.070
51 103 -56.122 -0.070
51 104 -58.760 0.110
51 105 -63.940 -0.090
51 106 -65.874 0.130
51 107 -70.426 0.210
51 108 -72.046 0.200
51 109 -75.986 0.220
51 110 -76.926 0.190
51 111 -80.562 0.220
51 112 -81.121 0.220
51 113 -84.136 0.210
51 114 -84.211 0.240
51 115 -86.829 0.220
51 116 -86.679 0.240
51 117 -88.808 -0.170
51 118 -88.111 -0.150
51 119 -90.032 -0.140
51 120 -88.895 -0.150
51 121 -90.543 -0.160
51 122 -89.011 -0.130
51 123 -89.921 -0.140
51 124 -88.232 -0.120
51 125 -88.987 -0.100
51 126 -86.791 -0.090
51 127 -87.314 -0.090
51 128 -85.005 -0.090
51 129 -85.296 -0.070
51 130 -82.539 0.040
51 131 -82.718 -0.050
51 132 -80.142 0.040
51 133 -79.656 -0.030
51 134 -74.621 -0.050
51 135 -70.859 -0.050
51 136 -65.125 0.070
51 137 -61.265 -0.060
51 138 -55.307 0.080
51 139 -51.159 0.090
51 140 -45.055 -0.090
51 141 -40.365 -0.090
51 142 -33.652 -0.110
51 143 -28.995 0.140
51 144 -22.644 0.210
51 145 -17.855 0.250
51 146 -11.358 0.270
51 147 -6.867 0.270
51 148 0.110 0.270
51 149 4.845 0.260
51 150 11.790 0.310
51 151 17.051 0.320
51 152 24.104 0.320
51 153 29.286 0.320
51 154 36.828 0.310
51 155 42.185 0.310
51 156 49.346 0.310
51 157 55.672 0.310
51 158 63.185 0.290
51 159 69.766 0.280
51 160 77.685 0.280
51 161 84.549 -0.180
51 162 92.264 -0.150
51 163 98.663 -0.140
51 164 106.433 -0.120
51 165 112.894 -0.130
51 166 120.805 -0.130
51 167 127.468 -0.100
51 168 136.222 0.070
51 169 142.315 -0.070
51 170 150.408 -0.070
51 171 157.218 -0.050
51 172 165.516 -0.050
51 173 173.074 0.000
51 174 181.588 0.000
51 175 187.255 -0.040
51 176 197.041 0.000
51 177 203.237 0.000
51 178 212.321 0.000
51 179 220.242 -0.040
51 180 229.773 0.040
52 94 40.129 0.060
52 95 31.012 0.070
52 96 18.498 0.090
52 97 9.925 0.090
52 98 -1.654 0.090
52 99 -9.397 0.070
52 100 -20.493 0.100
52 101 -28.058 0.070
52 102 -37.516 0.030
52 103 -42.332 -0.060
52 104 -49.320 0.070
52 105 -52.553 0.130
52 106 -58.728 0.130
52 107 -60.995 0.150
52 108 -66.280 0.180
52 109 -68.051 0.180
52 110 -72.340 0.220
52 111 -73.605 0.240
52 112 -77.608 0.220
52 113 -78.147 0.290
52 114 -81.747 0.280
52 115 -82.441 0.270
52 116 -85.224 0.310
52 117 -85.254 0.320
52 118 -87.837 0.310
52 119 -87.709 0.300
52 120 -89.603 -0.190
52 121 -88.857 -0.160
52 122 -90.734 -0.170
52 123 -89.587 -0.160
52 124 -90.887 -0.140
52 125 -89.181 0.110
52 126 -90.383 -0.130
52 127 -88.730 0.140
52 128 -89.087 -0.090
52 129 -87.469 0.090
52 130 -87.703 0.080
52 131 -85.518 0.070
52 132 -85.516 -0.050
52 133 -83.643 0.050
52 134 -83.037 0.020
52 135 -78.269 -0.050
52 136 -74.838 -0.050
52 137 -69.284 0.070
52 138 -65.946 0.070
52 139 -60.188 0.080
52 140 -56.511 0.120
52 141 -50.876 0.130
52 142 -46.774 0.170
52 143 -40.790 0.170
52 144 -36.837 0.200
52 145 -30.787 0.200
52 146 -26.776 0.230
52 147 -20.585 0.230
52 148 -16.126 0.270
52 149 -9.886 0.260
52 150 -5.009 0.280
52 151 1.611 0.310
52 152 6.497 0.290
52 153 13.152 0.290
52 154 18.492 0.310
52 155 25.765 0.310
52 156 30.843 0.310
52 157 37.930 0.310
52 158 43.736 0.290
52 159 51.007 0.280
52 160 57.348 0.280
52 161 64.783 0.260
52 162 71.135 0.260
52 163 79.180 0.290
52 164 85.403 0.210
52 165 93.960 0.160
52 166 99.988 -0.140
52 167 107.912 -0.130
52 168 114.120 -0.140
52 169 122.130 0.120
52 170 128.694 0.080
52 171 136.847 0.080
52 172 143.341 0.080
52 173 151.530 0.070
52 174 158.649 0.000
52 175 166.946 0.000
52 176 173.058 0.000
52 177 181.959 0.000
52 178 187.782 0.000
52 179 197.023 0.000
52 180 205.288 0.030
52 181 214.928 0.000
52 182 223.556 0.000
53 96 44.700 0.090
53 97 32.096 0.120
53 98 23.514 0.170
53 99 11.585 0.110
53 100 3.570 0.160
53 101 -7.702 0.120
53 102 -15.924 0.080
53 103 -25.328 0.070
53 104 -31.081 -0.090
53 105 -38.531 0.120
53 106 -42.614 0.170
53 107 -49.600 0.180
53 108 -52.541 0.200
53 109 -58.435 0.200
53 110 -60.840 0.210
53 111 -65.489 0.200
53 112 -67.320 0.240
53 113 -71.603 0.230
53 114 -72.916 0.290
53 115 -76.770 0.260
53 116 -77.728 0.290
53 117 -81.223 0.300
53 118 -81.766 0.300
53 119 -84.638 0.300
53 120 -84.639 0.310
53 121 -86.762 0.300
53 122 -86.737 0.260
53 123 -88.364 0.250
53 124 -87.467 -0.170
53 125 -89.079 -0.170
53 126 -88.004 -0.170
53 127 -89.144 0.170
53 128 -88.021 0.160
53 129 -88.630 0.140
53 130 -87.202 0.120
53 131 -87.546 0.110
53 132 -85.602 0.100
53 133 -85.794 0.070
53 134 -84.414 0.060
53 135 -83.720 0.050
53 136 -79.523 0.070
53 137 -76.546 0.060
53 138 -71.601 0.100
53 139 -68.556 0.120
53 140 -63.442 0.130
53 141 -60.201 0.150
53 142 -54.855 0.190
53 143 -51.670 0.190
53 144 -45.755 0.200
53 145 -42.661 0.220
53 146 -36.741 0.210
53 147 -33.027 0.250
53 148 -27.163 0.230
53 149 -22.836 0.260
53 150 -16.410 0.290
53 151 -12.372 0.300
53 152 -5.980 0.320
53 153 -1.743 0.280
53 154 4.897 0.290
53 155 9.619 0.290
53 156 16.250 0.280
53 157 21.628 0.280
53 158 28.681 0.310
53 159 33.901 0.280
53 160 41.263 0.260
53 161 46.980 0.280
53 162 54.250 0.270
53 163 60.368 0.260
53 164 67.598 0.250
53 165 74.152 0.250
53 166 82.016 0.250
53 167 88.559 -0.180
53 168 96.109 0.170
53 169 102.532 -0.150
53 170 110.216 -0.150
53 171 117.229 0.090
53 172 125.319 0.090
53 173 131.140 0.080
53 174 138.602 0.070
53 175 145.228 0.060
53 176 153.949 0.000
53 177 159.553 0.040
53 178 168.327 0.000
53 179 174.038 0.000
53 180 183.496 0.000
53 181 191.481 0.030
53 182 201.092 0.000
53 183 209.270 0.080
53 184 218.534 0.080
54 98 44.446 0.130
54 99 35.198 0.170
54 100 22.821 0.150
54 101 14.612 0.160
54 102 2.361 0.130
54 103 -5.648 0.080
54 104 -16.058 -0.050
54 105 -21.948 -0.080
54 106 -30.252 0.110
54 107 -35.100 0.190
54 108 -42.703 0.190
54 109 -46.472 0.190
54 110 -53.011 0.220
54 111 -55.803 0.220
54 112 -61.078 0.220
54 113 -63.183 0.250
54 114 -67.830 0.240
54 115 -69.456 0.280
54 116 -73.600 0.250
54 117 -74.906 0.280
54 118 -78.733 0.280
54 119 -79.551 0.260
54 120 -82.837 0.290
54 121 -83.389 0.260
54 122 -85.902 0.260
54 123 -86.028 0.250
54 124 -88.077 0.230
54 125 -87.328 0.200
54 126 -89.450 0.220
54 127 -88.638 0.210
54 128 -90.108 0.200
54 129 -89.149 0.170
54 130 -90.031 0.160
54 131 -88.784 0.140
54 132 -89.389 0.120
54 133 -87.756 0.110
54 134 -88.167 -0.080
54 135 -86.740 0.070
54 136 -86.795 0.030
54 137 -82.631 -0.060
54 138 -80.078 0.070
54 139 -75.416 0.120
54 140 -72.949 0.140
54 141 -68.179 0.160
54 142 -65.578 0.180
54 143 -60.355 0.170
54 144 -57.600 0.210
54 145 -51.749 0.220
54 146 -49.113 0.230
54 147 -43.486 0.220
54 148 -40.170 0.250
54 149 -34.646 0.250
54 150 -30.827 0.260
54 151 -24.979 0.290
54 152 -20.828 0.300
54 153 -14.746 0.310
54 154 -10.480 0.300
54 155 -4.335 0.310
54 156 0.627 0.330
54 157 6.962 0.320
54 158 11.647 0.310
54 159 18.399 0.300
54 160 23.610 0.290
54 161 30.309 0.270
54 162 35.889 0.270
54 163 43.391 0.270
54 164 48.967 0.270
54 165 55.882 0.230
54 166 62.176 0.250
54 167 69.718 0.220
54 168 75.849 0.200
54 169 83.295 0.180
54 170 89.821 0.160
54 171 97.586 0.140
54 172 103.663 0.120
54 173 111.466 0.110
54 174 117.643 0.110
54 175 125.119 0.080
54 176 131.436 0.070
54 177 139.443 0.060
54 178 145.404 0.030
54 179 154.100 0.000
54 180 159.671 0.000
54 181 169.360 0.000
54 182 176.786 0.050
54 183 186.019 0.050
54 184 194.201 0.060
54 185 203.447 0.060
54 186 211.780 0.100
55 108 -23.770 0.200
55 109 -32.039 0.230
55 110 -36.476 0.230
55 111 -43.519 0.250
55 112 -47.050 0.230
55 113 -52.832 0.240
55 114 -55.589 0.270
55 115 -60.565 0.260
55 116 -62.689 0.280
55 117 -67.251 0.280
55 118 -68.868 0.280
55 119 -73.062 0.300
55 120 -74.474 0.320
55 121 -78.055 0.330
55 122 -78.917 0.330
55 123 -81.920 0.310
55 124 -82.301 0.260
55 125 -84.752 0.280
55 126 -84.691 0.260
55 127 -86.680 0.240
55 128 -86.100 0.210
55 129 -87.913 0.210
55 130 -87.077 0.180
55 131 -88.266 0.160
55 132 -87.489 0.150
55 133 -88.300 0.130
55 134 -86.949 0.120
55 135 -87.549 0.080
55 136 -86.392 0.070
55 137 -86.458 0.040
55 138 -82.938 0.080
55 139 -80.595 0.080
55 140 -76.615 0.130
55 141 -74.522 0.150
55 142 -70.200 0.170
55 143 -67.966 0.190
55 144 -63.205 0.210
55 145 -60.759 0.220
55 146 -55.429 0.210
55 147 -53.038 0.240
55 148 -48.055 0.250
55 149 -44.843 0.260
55 150 -39.572 0.260
55 151 -36.226 0.270
55 152 -30.312 0.270
55 153 -27.005 0.290
55 154 -21.119 0.330
55 155 -17.088 0.310
55 156 -11.373 0.320
55 157 -6.865 0.310
55 158 -0.693 0.320
55 159 3.973 0.310
55 160 10.398 0.300
55 161 15.379 0.310
55 162 22.398 0.300
55 163 27.269 0.290
55 164 34.266 0.270
55 165 39.489 0.270
55 166 46.666 0.240
55 167 52.450 0.240
55 168 59.710 0.250
55 169 65.795 0.210
55 170 72.978 0.190
55 171 79.305 0.180
55 172 86.839 0.140
55 173 92.578 0.130
55 174 100.610 0.120
55 175 106.315 0.110
55 176 113.772 0.100
55 177 120.092 0.060
55 178 128.303 0.000
55 179 133.510 -0.040
55 180 141.508 0.000
55 181 146.939 0.000
55 182 156.834 0.000
55 183 164.169 -0.050
55 184 173.711 0.000
55 185 181.270 0.070
55 186 190.371 0.070
55 187 198.796 0.100
55 188 207.496 0.120
56 110 -23.556 0.230
56 111 -28.648 0.240
56 112 -36.437 0.260
56 113 -40.072 0.260
56 114 -47.141 0.270
56 115 -50.286 0.260
56 116 -55.798 0.270
56 117 -58.135 0.300
56 118 -63.174 0.280
56 119 -65.058 0.290
56 120 -69.622 0.300
56 121 -70.810 0.300
56 122 -75.220 0.310
56 123 -76.503 0.300
56 124 -79.696 0.300
56 125 -80.485 0.260
56 126 -83.240 0.270
56 127 -83.497 0.270
56 128 -85.806 0.250
56 129 -85.483 0.230
56 130 -87.527 0.220
56 131 -87.065 0.170
56 132 -88.621 0.180
56 133 -88.046 0.170
56 134 -89.003 0.150
56 135 -87.859 0.130
56 136 -88.774 0.100
56 137 -87.858 0.070
56 138 -88.397 0.040
56 139 -84.954 -0.070
56 140 -83.225 0.100
56 141 -79.362 0.140
56 142 -77.701 0.160
56 143 -73.641 0.180
56 144 -71.745 0.190
56 145 -67.381 0.200
56 146 -65.227 0.240
56 147 -60.742 0.220
56 148 -58.204 0.240
56 149 -53.469 0.240
56 150 -50.680 0.260
56 151 -45.785 0.270
56 152 -42.688 0.290
56 153 -37.356 0.310
56 154 -34.006 0.290
56 155 -28.790 0.310
56 156 -24.742 0.320
56 157 -18.971 0.320
56 158 -15.166 0.310
56 159 -8.854 0.340
56 160 -4.765 0.310
56 161 1.154 0.290
56 162 6.063 0.290
56 163 12.875 0.290
56 164 17.551 0.280
56 165 24.314 0.270
56 166 29.362 0.260
56 167 36.301 0.240
56 168 41.838 0.250
56 169 48.751 0.240
56 170 54.423 0.210
56 171 61.821 0.200
56 172 67.455 0.190
56 173 74.674 0.150
56 174 80.676 0.160
56 175 88.349 0.150
56 176 93.949 0.110
56 177 101.450 0.090
56 178 107.338 0.060
56 179 114.948 0.070
56 180 120.434 -0.040
56 181 128.295 0.000
56 182 133.584 0.000
56 183 143.637 0.000
56 184 150.376 0.030
56 185 159.685 0.040
56 186 167.498 0.070
56 187 176.539 0.080
56 188 184.391 0.100
56 189 193.345 0.130
56 190 201.873 0.140
57 112 -17.204 0.260
57 113 -25.290 0.300
57 114 -29.703 0.310
57 115 -36.709 0.330
57 116 -41.304 0.280
57 117 -47.435 0.330
57 118 -50.422 0.320
57 119 -55.894 0.340
57 120 -58.044 0.310
57 121 -63.055 0.340
57 122 -65.023 0.340
57 123 -69.223 0.330
57 124 -70.821 0.320
57 125 -74.369 0.320
57 126 -75.128 0.310
57 127 -78.440 0.300
57 128 -78.879 0.280
57 129 -81.776 0.240
57 130 -81.880 0.240
57 131 -84.169 0.210
57 132 -84.104 0.180
57 133 -85.903 0.190
57 134 -85.388 0.170
57 135 -86.871 0.160
57 136 -85.950 0.130
57 137 -87.076 0.090
57 138 -86.533 0.070
57 139 -87.338 -0.040
57 140 -84.303 -0.070
57 141 -82.849 0.100
57 142 -79.405 0.140
57 143 -78.074 0.150
57 144 -74.332 0.170
57 145 -72.769 0.180
57 146 -68.652 0.230
57 147 -66.914 0.240
57 148 -62.858 0.260
57 149 -60.888 0.280
57 150 -56.684 0.290
57 151 -54.233 0.290
57 152 -49.459 0.300
57 153 -46.863 0.310
57 154 -42.067 0.310
57 155 -38.947 0.310
57 156 -33.854 0.330
57 157 -30.286 0.330
57 158 -24.692 0.330
57 159 -20.816 0.360
57 160 -15.102 0.350
57 161 -10.743 0.340
57 162 -4.675 0.360
57 163 -0.745 0.280
57 164 5.268 0.270
57 165 10.094 0.270
57 166 16.642 0.270
57 167 21.489 0.260
57 168 28.875 0.270
57 169 33.305 0.240
57 170 40.236 0.240
57 171 45.773 0.220
57 172 52.824 0.200
57 173 58.396 0.190
57 174 65.834 0.160
57 175 71.205 0.150
57 176 78.825 0.140
57 177 83.921 0.130
57 178 90.970 0.110
57 179 96.959 0.050
57 180 104.831 0.000
57 181 109.259 0.050
57 182 116.882 0.000
57 183 122.035 0.000
57 184 132.225 0.000
57 185 138.514 0.050
57 186 147.786 0.050
57 187 155.218 0.070
57 188 164.365 0.090
57 189 172.386 0.110
57 190 181.134 0.110
57 191 189.169 0.140
57 192 198.098 0.160
58 114 -16.952 0.280
58 115 -21.754 0.330
58 116 -29.557 0.340
58 117 -34.595 0.270
58 118 -41.185 0.350
58 119 -44.892 0.350
58 120 -50.621 0.360
58 121 -53.241 0.400
58 122 -58.459 0.350
58 123 -60.803 0.350
58 124 -65.257 0.320
58 125 -67.226 0.330
58 126 -71.136 0.300
58 127 -72.516 0.280
58 128 -76.028 0.290
58 129 -76.914 0.280
58 130 -79.821 0.260
58 131 -80.067 0.230
58 132 -82.748 0.220
58 133 -82.645 0.170
58 134 -85.077 0.200
58 135 -84.994 0.180
58 136 -86.523 0.160
58 137 -85.917 0.140
58 138 -87.374 0.110
58 139 -86.813 0.080
58 140 -88.204 0.050
58 141 -85.239 -0.080
58 142 -84.247 0.110
58 143 -81.013 0.140
58 144 -80.154 0.160
58 145 -76.702 0.190
58 146 -75.622 0.210
58 147 -71.938 0.240
58 148 -70.534 0.240
58 149 -66.869 0.240
58 150 -65.089 0.280
58 151 -61.284 0.300
58 152 -58.995 0.320
58 153 -54.630 0.310
58 154 -52.362 0.330
58 155 -47.892 0.330
58 156 -44.981 0.320
58 157 -40.347 0.320
58 158 -36.890 0.340
58 159 -31.440 0.350
58 160 -28.208 0.330
58 161 -22.652 0.340
58 162 -18.779 0.320
58 163 -12.902 0.310
58 164 -8.858 0.300
58 165 -2.927 0.290
58 166 1.543 0.280
58 167 7.542 0.260
58 168 12.418 0.260
58 169 18.925 0.240
58 170 23.944 0.260
58 171 30.261 0.230
58 172 35.735 0.230
58 173 42.860 0.200
58 174 48.020 0.190
58 175 54.326 0.190
58 176 60.315 0.160
58 177 67.385 0.120
58 178 73.011 0.130
58 179 80.076 0.090
58 180 85.455 0.060
58 181 93.103 0.000
58 182 97.346 0.030
58 183 104.630 0.000
58 184 109.640 0.000
58 185 119.933 0.000
58 186 125.797 0.040
58 187 135.727 0.000
58 188 142.504 0.060
58 189 151.585 0.080
58 190 159.228 0.100
58 191 168.006 0.080
58 192 175.946 0.150
58 193 184.993 0.140
58 194 192.533 0.180
59 116 -10.418 0.340
59 117 -19.346 0.260
59 118 -24.227 0.300
59 119 -31.363 0.410
59 120 -35.862 0.380
59 121 -42.162 0.370
59 122 -45.541 0.410
59 123 -50.865 0.410
59 124 -53.468 0.370
59 125 -58.177 0.360
59 126 -60.533 0.340
59 127 -65.036 0.300
59 128 -66.581 0.270
59 129 -70.473 0.290
59 130 -71.646 0.270
59 131 -74.983 0.260
59 132 -75.576 0.250
59 133 -78.393 0.250
59 134 -78.571 0.200
59 135 -81.121 0.210
59 136 -81.522 0.200
59 137 -83.285 0.160
59 138 -83.074 0.150
59 139 -84.637 -0.110
59 140 -84.600 0.080
59 141 -86.147 -0.040
59 142 -83.614 -0.080
59 143 -82.930 0.100
59 144 -80.036 0.140
59 145 -79.456 0.160
59 146 -76.324 0.190
59 147 -75.655 0.210
59 148 -72.246 0.220
59 149 -71.232 0.220
59 150 -67.865 0.230
59 151 -66.454 0.290
59 152 -63.094 0.320
59 153 -61.197 0.330
59 154 -57.226 0.330
59 155 -55.112 0.350
59 156 -50.990 0.350
59 157 -48.353 0.360
59 158 -44.014 0.350
59 159 -40.882 0.350
59 160 -35.875 0.330
59 161 -32.806 0.360
59 162 -27.613 0.350
59 163 -23.947 0.330
59 164 -18.224 0.360
59 165 -14.637 0.300
59 166 -8.834 0.300
59 167 -4.510 0.310
59 168 1.562 0.280
59 169 5.641 0.260
59 170 11.787 0.260
59 171 16.304 0.250
59 172 22.671 0.240
59 173 27.767 0.220
59 174 34.547 0.210
59 175 39.312 0.210
59 176 45.761 0.180
59 177 51.511 0.170
59 178 58.737 0.130
59 179 63.875 0.130
59 180 70.512 0.100
59 181 75.809 0.070
59 182 82.645 0.050
59 183 87.403 -0.070
59 184 94.539 0.000
59 185 99.315 0.000
59 186 109.631 0.000
59 187 115.098 0.040
59 188 123.965 0.040
59 189 131.426 0.060
59 190 140.334 0.080
59 191 147.736 0.120
59 192 156.803 0.090
59 193 164.117 0.130
59 194 172.752 0.130
59 195 180.764 0.170
59 196 190.297 0.200
60 118 -10.275 0.390
60 119 -15.723 0.430
60 120 -23.901 0.410
60 121 -29.001 0.390
60 122 -35.892 0.410
60 123 -39.678 0.400
60 124 -45.491 0.380
60 125 -48.457 0.380
60 126 -53.611 0.360
60 127 -56.158 0.350
60 128 -60.693 0.340
60 129 -62.340 0.350
60 130 -66.678 0.330
60 131 -68.229 0.310
60 132 -71.714 0.290
60 133 -72.611 0.240
60 134 -75.870 0.250
60 135 -76.338 0.190
60 136 -79.365 0.220
60 137 -79.827 0.190
60 138 -81.916 0.180
60 139 -81.882 0.160
60 140 -83.839 0.120
60 141 -84.237 -0.090
60 142 -85.872 0.050
60 143 -83.516 -0.080
60 144 -83.284 0.110
60 145 -80.622 0.180
60 146 -80.345 0.170
60 147 -77.578 0.200
60 148 -77.323 0.220
60 149 -74.443 0.260
60 150 -73.803 0.250
60 151 -70.756 0.260
60 152 -69.752 0.300
60 153 -66.741 0.320
60 154 -65.259 0.330
60 155 -61.460 0.370
60 156 -59.802 0.330
60 157 -55.826 0.340
60 158 -53.639 0.350
60 159 -49.461 0.350
60 160 -46.673 0.350
60 161 -41.934 0.310
60 162 -38.989 0.360
60 163 -34.122 0.350
60 164 -30.715 0.340
60 165 -25.286 0.360
60 166 -21.879 0.310
60 167 -16.260 0.290
60 168 -12.282 0.300
60 169 -6.646 0.270
60 170 -2.473 0.280
60 171 3.288 0.260
60 172 7.857 0.260
60 173 13.862 0.240
60 174 18.718 0.230
60 175 25.374 0.220
60 176 30.117 0.200
60 177 36.441 0.190
60 178 41.934 0.170
60 179 48.894 0.120
60 180 53.392 -0.120
60 181 60.914 0.080
60 182 65.739 0.050
60 183 71.867 0.040
60 184 76.660 -0.060
60 185 83.630 0.000
60 186 88.201 0.000
60 187 98.530 0.000
60 188 103.485 0.040
60 189 112.968 0.000
60 190 119.593 0.060
60 191 128.294 0.070
60 192 135.635 0.090
60 193 144.435 0.120
60 194 151.802 0.120
60 195 160.393 0.120
60 196 167.792 0.160
60 197 176.327 0.190
60 198 183.720 0.220
61 120 -4.422 0.430
61 121 -13.263 0.360
61 122 -18.653 0.370
61 123 -26.275 0.370
61 124 -30.450 0.420
61 125 -36.946 0.360
61 126 -40.370 0.360
61 127 -46.051 0.360
61 128 -48.779 0.350
61 129 -53.827 0.350
61 130 -55.780 0.350
61 131 -60.323 0.330
61 132 -61.966 0.320
61 133 -65.754 0.280
61 134 -66.876 0.270
61 135 -70.593 0.250
61 136 -71.499 0.250
61 137 -74.467 0.230
61 138 -75.142 0.220
61 139 -77.409 -0.180
61 140 -77.804 0.180
61 141 -80.234 0.090
61 142 -81.042 -0.090
61 143 -82.883 -0.040
61 144 -80.957 -0.080
61 145 -80.983 0.100
61 146 -78.516 0.120
61 147 -78.618 0.170
61 148 -76.233 0.180
61 149 -76.255 0.220
61 150 -73.804 0.270
61 151 -73.508 0.270
61 152 -70.823 0.260
61 153 -70.280 0.300
61 154 -67.522 0.320
61 155 -66.313 0.330
61 156 -62.929 0.300
61 157 -61.555 0.330
61 158 -57.982 0.330
61 159 -56.046 0.340
61 160 -52.272 0.330
61 161 -49.732 0.340
61 162 -45.474 0.320
61 163 -42.828 0.340
61 164 -38.188 0.350
61 165 -34.847 0.360
61 166 -29.795 0.340
61 167 -26.516 0.340
61 168 -21.360 0.320
61 169 -17.594 0.290
61 170 -11.905 0.310
61 171 -8.323 0.280
61 172 -2.448 0.270
61 173 1.590 0.260
61 174 7.469 0.260
61 175 12.210 0.260
61 176 18.530 0.230
61 177 23.305 0.230
61 178 29.695 0.200
61 179 34.741 -0.160
61 180 40.931 0.140
61 181 45.596 -0.120
61 182 51.834 -0.110
61 183 56.773 -0.090
61 184 63.564 0.050
61 185 68.077 0.050
61 186 74.670 0.000
61 187 79.016 0.000
61 188 89.328 0.000
61 189 94.290 0.040
61 190 103.193 0.000
61 191 109.772 0.060
61 192 118.393 0.060
61 193 125.430 0.100
61 194 133.798 0.110
61 195 141.011 0.130
61 196 149.644 0.130
61 197 156.759 0.180
61 198 164.765 0.240
61 199 172.564 0.280
61 200 180.495 0.300
62 122 -4.283 0.420
62 123 -10.244 0.390
62 124 -18.150 0.400
62 125 -23.302 0.400
62 126 -30.072 0.400
62 127 -34.026 0.390
62 128 -39.978 0.360
62 129 -42.970 0.360
62 130 -48.365 0.370
62 131 -50.648 0.360
62 132 -55.583 0.340
62 133 -57.566 0.320
62 134 -61.595 0.300
62 135 -62.967 0.290
62 136 -66.938 0.260
62 137 -67.953 0.280
62 138 -71.510 0.220
62 139 -72.482 0.220
62 140 -75.214 0.190
62 141 -75.778 0.160
62 142 -78.349 0.130
62 143 -79.438 -0.090
62 144 -81.726 0.060
62 145 -79.875 -0.080
62 146 -80.272 0.100
62 147 -78.173 0.140
62 148 -78.583 0.160
62 149 -76.487 0.200
62 150 -76.904 0.220
62 151 -74.734 0.270
62 152 -74.791 0.280
62 153 -72.534 0.330
62 154 -72.213 0.320
62 155 -69.852 0.320
62 156 -68.966 0.340
62 157 -65.960 0.370
62 158 -64.882 0.350
62 159 -61.599 0.350
62 160 -59.973 0.340
62 161 -56.413 0.350
62 162 -54.245 0.350
62 163 -49.920 0.350
62 164 -47.787 0.350
62 165 -43.476 0.350
62 166 -40.504 0.340
62 167 -35.398 0.340
62 168 -32.724 0.330
62 169 -27.516 0.320
62 170 -24.168 0.320
62 171 -18.865 0.310
62 172 -15.151 0.290
62 173 -9.931 0.280
62 174 -5.625 0.270
62 175 -0.089 0.260
62 176 4.291 0.260
62 177 10.578 0.230
62 178 15.061 0.210
62 179 21.667 -0.200
62 180 25.938 -0.180
62 181 32.481 0.150
62 182 36.379 -0.140
62 183 42.834 -0.110
62 184 47.923 0.070
62 185 53.992 0.040
62 186 58.275 -0.080
62 187 64.971 0.000
62 188 69.130 0.000
62 189 77.795 0.000
62 190 83.685 -0.050
62 191 92.757 0.000
62 192 98.886 0.040
62 193 107.554 0.060
62 194 114.112 0.080
62 195 122.458 0.100
62 196 129.434 0.130
62 197 138.217 0.090
62 198 144.583 0.190
62 199 151.984 0.200
62 200 159.722 0.250
62 201 167.758 0.280
62 202 174.839 0.300
63 124 1.147 0.390
63 125 -7.186 0.410
63 126 -12.321 0.340
63 127 -19.905 0.380
63 128 -24.799 0.390
63 129 -31.267 0.380
63 130 -34.847 0.380
63 131 -40.289 0.380
63 132 -42.976 0.370
63 133 -47.713 0.360
63 134 -50.383 0.320
63 135 -54.701 0.320
63 136 -56.392 0.290
63 137 -60.527 0.270
63 138 -62.031 0.260
63 139 -65.531 0.230
63 140 -66.977 0.220
63 141 -69.938 -0.180
63 142 -70.639 0.190
63 143 -73.818 -0.110
63 144 -75.335 -0.090
63 145 -78.056 0.060
63 146 -76.393 -0.070
63 147 -77.077 0.080
63 148 -75.002 0.130
63 149 -75.978 0.180
63 150 -74.332 0.200
63 151 -74.991 0.220
63 152 -73.214 0.290
63 153 -73.476 0.260
63 154 -71.576 0.340
63 155 -71.669 0.300
63 156 -69.539 0.310
63 157 -69.000 0.340
63 158 -66.367 0.370
63 159 -65.541 0.340
63 160 -62.587 0.350
63 161 -61.250 0.350
63 162 -57.979 0.350
63 163 -56.132 0.350
63 164 -52.147 0.360
63 165 -50.279 0.350
63 166 -46.184 0.320
63 167 -43.658 0.320
63 168 -38.977 0.380
63 169 -36.188 0.320
63 170 -31.331 0.330
63 171 -28.271 0.320
63 172 -23.437 0.320
63 173 -19.902 0.310
63 174 -14.403 0.290
63 175 -10.683 0.280
63 176 -5.413 0.270
63 177 -1.429 0.240
63 178 4.636 0.240
63 179 9.603 -0.190
63 180 15.118 -0.190
63 181 19.406 -0.190
63 182 25.573 -0.150
63 183 29.588 -0.140
63 184 35.647 -0.120
63 185 40.201 -0.090
63 186 46.694 0.050
63 187 50.604 -0.080
63 188 57.095 0.000
63 189 61.080 0.000
63 190 69.570 0.000
63 191 75.206 0.030
63 192 84.175 0.000
63 193 90.091 0.050
63 194 98.646 0.040
63 195 105.201 0.070
63 196 113.468 0.140
63 197 120.228 0.150
63 198 128.160 0.190
63 199 134.731 0.220
63 200 142.305 0.210
63 201 149.385 0.240
63 202 157.036 0.250
63 203 164.187 0.280
63 204 171.923 0.300
63 205 179.264 0.280
63 206 187.348 0.330
63 207 194.533 0.320
63 208 202.837 0.330
63 209 210.480 0.340
63 210 218.678 0.350
63 211 226.544 0.340
63 212 234.467 0.360
64 126 2.167 0.400
64 127 -3.853 0.400
64 128 -11.820 0.390
64 129 -16.783 0.400
64 130 -23.752 0.380
64 131 -27.889 0.380
64 132 -33.958 0.380
64 133 -37.039 0.360
64 134 -42.660 0.330
64 135 -45.190 0.320
64 136 -49.841 0.320
64 137 -51.821 0.300
64 138 -56.187 0.280
64 139 -57.225 -0.240
64 140 -61.480 -0.210
64 141 -63.152 0.210
64 142 -66.643 -0.180
64 143 -67.670 0.170
64 144 -70.926 -0.130
64 145 -72.602 -0.090
64 146 -75.542 0.060
64 147 -74.323 -0.080
64 148 -75.426 0.110
64 149 -73.809 -0.140
64 150 -74.945 0.190
64 151 -73.464 0.200
64 152 -74.580 0.220
64 153 -73.102 0.270
64 154 -73.663 0.280
64 155 -72.029 0.330
64 156 -72.280 0.310
64 157 -70.563 0.330
64 158 -70.376 0.320
64 159 -67.944 0.370
64 160 -67.448 0.330
64 161 -64.828 0.340
64 162 -63.796 0.350
64 163 -60.838 0.340
64 164 -59.328 0.340
64 165 -55.579 0.350
64 166 -54.133 0.340
64 167 -50.411 0.340
64 168 -48.119 0.330
64 169 -43.660 0.320
64 170 -41.098 0.350
64 171 -36.636 0.330
64 172 -33.878 0.330
64 173 -29.183 0.310
64 174 -25.786 0.290
64 175 -20.633 0.310
64 176 -17.190 0.290
64 177 -12.056 0.270
64 178 -7.989 0.270
64 179 -2.453 0.290
64 180 2.325 -0.220
64 181 7.459 -0.210
64 182 11.539 -0.190
64 183 17.550 -0.160
64 184 21.410 -0.160
64 185 27.316 -0.120
64 186 31.574 -0.110
64 187 38.197 0.060
64 188 42.071 0.070
64 189 48.276 0.000
64 190 52.068 0.000
64 191 60.367 0.000
64 192 65.851 0.050
64 193 74.592 0.000
64 194 81.252 0.000
64 195 89.354 0.000
64 196 94.817 0.090
64 197 102.866 0.140
64 198 109.182 0.150
64 199 117.445 -0.140
64 200 123.460 0.190
64 201 131.035 0.230
64 202 137.818 0.290
64 203 145.453 0.250
64 204 152.009 0.290
64 205 159.500 0.300
64 206 167.115 0.310
64 207 175.086 0.340
64 208 181.890 0.320
64 209 190.205 0.320
64 210 197.414 0.320
64 211 205.492 0.340
64 212 213.130 0.320
64 213 221.170 0.340
64 214 229.484 0.350
64 215 237.388 0.330
64 216 245.816 0.330
64 217 254.890 0.340
64 218 262.546 0.330
64 219 271.075 0.340
64 220 279.709 0.350
64 221 288.951 0.310
64 222 296.766 0.320
65 128 8.118 0.400
65 129 -0.457 0.400
65 130 -6.015 0.400
65 131 -13.523 0.380
65 132 -18.049 0.390
65 133 -24.707 0.380
65 134 -28.077 0.380
65 135 -34.249 0.360
65 136 -36.717 0.340
65 137 -42.045 0.310
65 138 -44.135 0.350
65 139 -48.364 0.290
65 140 -50.560 -0.240
65 141 -54.683 -0.190
65 142 -56.598 -0.190
65 143 -60.384 -0.170
65 144 -61.796 0.150
65 145 -65.557 -0.130
65 146 -67.409 -0.100
65 147 -70.319 -0.070
65 148 -69.657 -0.080
65 149 -71.119 -0.100
65 150 -69.960 -0.130
65 151 -71.441 0.180
65 152 -70.281 0.190
65 153 -71.300 0.210
65 154 -70.330 0.310
65 155 -71.281 0.310
65 156 -70.078 0.330
65 157 -70.607 0.320
65 158 -69.077 0.310
65 159 -69.261 0.310
65 160 -67.041 0.320
65 161 -66.991 0.340
65 162 -64.750 0.340
65 163 -64.029 0.330
65 164 -61.377 0.340
65 165 -59.890 0.350
65 166 -56.818 0.350
65 167 -55.284 0.350
65 168 -52.048 0.340
65 169 -50.093 0.340
65 170 -46.091 0.330
65 171 -44.034 0.330
65 172 -39.144 0.330
65 173 -36.758 0.330
65 174 -32.553 0.310
65 175 -29.282 0.320
65 176 -24.578 0.290
65 177 -21.375 0.280
65 178 -16.317 0.280
65 179 -12.668 0.270
65 180 -6.748 -0.230
65 181 -2.803 -0.190
65 182 2.728 -0.200
65 183 5.888 -0.180
65 184 11.680 -0.170
65 185 15.301 -0.170
65 186 21.134 -0.130
65 187 25.080 -0.110
65 188 31.081 -0.090
65 189 35.212 -0.080
65 190 41.703 0.000
65 191 45.325 0.000
65 192 53.444 0.000
65 193 58.545 -0.050
65 194 66.482 -0.060
65 195 72.643 -0.060
65 196 80.417 -0.080
65 197 86.784 -0.100
65 198 94.747 -0.120
65 199 101.105 0.120
65 200 108.536 -0.140
65 201 114.256 0.230
65 202 121.648 0.200
65 203 127.984 0.240
65 204 135.500 0.250
65 205 141.729 0.260
65 206 149.999 0.270
65 207 156.257 0.310
65 208 164.021 0.320
65 209 171.190 0.320
65 210 178.906 0.330
65 211 186.144 0.340
65 212 193.855 0.340
65 213 201.621 0.330
65 214 209.947 0.350
65 215 217.362 0.330
65 216 225.812 0.330
65 217 233.503 0.340
65 218 241.994 0.330
65 219 249.609 0.330
65 220 258.119 0.340
65 221 266.709 0.340
65 222 274.757 0.330
65 223 283.597 0.350
65 224 292.421 0.340
66 130 9.023 0.380
66 131 3.044 0.390
66 132 -4.910 0.390
66 133 -9.942 0.380
66 134 -17.008 0.380
66 135 -21.186 0.370
66 136 -27.575 0.360
66 137 -30.599 0.370
66 138 -36.122 0.330
66 139 -38.722 0.320
66 140 -43.599 0.300
66 141 -45.558 -0.220
66 142 -50.147 -0.210
66 143 -52.339 -0.200
66 144 -56.430 -0.170
66 145 -57.829 -0.190
66 146 -61.820 -0.140
66 147 -63.904 -0.090
66 148 -67.451 0.070
66 149 -66.799 -0.080
66 150 -68.614 0.110
66 151 -67.674 -0.140
66 152 -69.375 0.180
66 153 -68.493 0.200
66 154 -70.160 0.220
66 155 -69.149 0.280
66 156 -70.429 0.260
66 157 -69.397 0.330
66 158 -70.268 0.300
66 159 -68.951 0.320
66 160 -69.319 0.320
66 161 -67.601 0.310
66 162 -67.732 0.330
66 163 -65.795 0.330
66 164 -65.359 0.330
66 165 -63.042 0.340
66 166 -62.203 0.340
66 167 -59.051 0.350
66 168 -58.191 0.340
66 169 -55.097 0.330
66 170 -53.370 0.330
66 171 -49.590 0.340
66 172 -47.875 0.320
66 173 -43.904 0.320
66 174 -41.396 0.330
66 175 -37.228 0.320
66 176 -34.522 0.290
66 177 -30.112 0.300
66 178 -26.983 0.290
66 179 -21.966 0.280
66 180 -18.501 0.290
66 181 -12.838 -0.220
66 182 -9.209 -0.210
66 183 -4.262 -0.200
66 184 -0.660 -0.210
66 185 4.741 -0.180
66 186 8.295 -0.170
66 187 13.943 -0.130
66 188 17.563 -0.120
66 189 24.034 0.060
66 190 27.473 0.070
66 191 33.300 0.000
66 192 36.698 0.000
66 193 44.594 0.000
66 194 49.671 0.040
66 195 57.593 -0.040
66 196 63.374 0.050
66 197 71.057 0.080
66 198 77.000 0.120
66 199 84.449 0.120
66 200 90.511 0.130
66 201 97.716 0.170
66 202 103.617 0.190
66 203 111.113 0.220
66 204 117.000 0.230
66 205 124.302 0.240
66 206 130.566 0.250
66 207 137.734 0.290
66 208 144.617 0.300
66 209 152.306 0.320
66 210 158.875 0.320
66 211 167.046 0.320
66 212 173.712 0.320
66 213 181.345 0.310
66 214 188.685 0.310
66 215 196.704 0.340
66 216 204.003 0.310
66 217 212.115 0.320
66 218 219.626 0.320
66 219 227.662 0.330
66 220 235.609 0.320
66 221 244.627 0.340
66 222 251.686 0.320
66 223 259.923 0.330
66 224 268.474 0.320
66 225 276.305 0.320
66 226 285.506 0.310
67 132 15.086 0.380
67 133 6.587 0.370
67 134 1.142 0.380
67 135 -6.631 0.380
67 136 -11.362 0.360
67 137 -18.036 0.360
67 138 -21.438 0.380
67 139 -27.322 0.350
67 140 -30.404 0.350
67 141 -35.522 0.290
67 142 -37.767 -0.240
67 143 -42.455 -0.210
67 144 -44.826 -0.220
67 145 -49.370 -0.210
67 146 -51.517 -0.190
67 147 -55.379 0.110
67 148 -57.781 -0.100
67 149 -61.483 0.070
67 150 -61.118 -0.090
67 151 -63.435 0.120
67 152 -62.891 0.120
67 153 -64.941 0.180
67 154 -64.312 0.190
67 155 -66.235 0.220
67 156 -65.562 0.230
67 157 -67.034 0.240
67 158 -66.340 0.270
67 159 -67.340 0.300
67 160 -66.390 0.310
67 161 -67.074 0.310
67 162 -65.548 0.310
67 163 -66.050 0.320
67 164 -64.483 0.330
67 165 -64.361 0.330
67 166 -62.402 0.340
67 167 -61.928 0.340
67 168 -59.306 0.310
67 169 -58.407 0.330
67 170 -55.560 0.340
67 171 -54.312 0.330
67 172 -50.910 0.310
67 173 -49.373 0.320
67 174 -45.909 0.320
67 175 -43.831 0.310
67 176 -39.764 0.310
67 177 -37.083 0.320
67 178 -33.015 0.290
67 179 -30.066 0.290
67 180 -25.335 0.280
67 181 -22.160 0.280
67 182 -16.432 -0.210
67 183 -13.140 -0.210
67 184 -8.523 -0.210
67 185 -5.314 -0.190
67 186 0.042 -0.190
67 187 3.310 -0.170
67 188 8.511 -0.150
67 189 12.461 -0.100
67 190 18.009 -0.090
67 191 21.591 -0.080
67 192 27.455 0.000
67 193 30.678 0.000
67 194 38.386 0.000
67 195 43.317 -0.060
67 196 50.663 0.070
67 197 56.547 -0.070
67 198 63.923 0.080
67 199 69.620 0.080
67 200 76.834 0.100
67 201 82.331 0.140
67 202 89.754 0.150
67 203 95.630 0.200
67 204 102.980 0.200
67 205 108.220 0.250
67 206 115.854 0.240
67 207 121.462 0.260
67 208 128.815 0.300
67 209 135.196 0.280
67 210 142.456 0.310
67 211 149.013 0.290
67 212 156.741 0.290
67 213 163.365 0.310
67 214 171.621 0.300
67 215 177.849 0.310
67 216 185.866 0.320
67 217 192.994 0.320
67 218 200.822 0.300
67 219 207.738 0.310
67 220 216.512 0.310
67 221 223.738 0.310
67 222 232.368 0.330
67 223 239.858 0.310
67 224 247.307 0.320
67 225 256.232 0.300
67 226 263.486 0.310
67 227 272.469 0.300
67 228 280.943 0.310
68 134 16.387 0.380
68 135 10.347 0.380
68 136 2.234 0.360
68 137 -2.758 0.370
68 138 -9.765 0.380
68 139 -13.775 0.370
68 140 -20.189 0.350
68 141 -23.249 0.370
68 142 -28.987 0.290
68 143 -31.767 -0.240
68 144 -36.952 -0.210
68 145 -39.768 -0.200
68 146 -44.404 -0.180
68 147 -46.531 -0.210
68 148 -51.058 -0.170
68 149 -53.586 -0.100
68 150 -57.495 -0.080
68 151 -57.592 -0.080
68 152 -60.175 0.120
68 153 -59.843 -0.180
68 154 -62.113 0.150
68 155 -61.637 0.180
68 156 -63.876 0.220
68 157 -63.333 0.210
68 158 -65.234 0.250
68 159 -64.653 0.250
68 160 -65.992 0.270
68 161 -65.342 0.300
68 162 -66.207 0.300
68 163 -65.088 0.300
68 164 -65.796 0.310
68 165 -64.390 0.330
68 166 -64.676 0.320
68 167 -63.000 0.320
68 168 -62.808 0.330
68 169 -60.400 0.310
68 170 -60.012 0.330
68 171 -57.501 0.340
68 172 -56.365 0.340
68 173 -53.236 0.320
68 174 -52.055 0.320
68 175 -48.713 0.320
68 176 -46.983 0.310
68 177 -43.302 0.300
68 178 -40.915 0.300
68 179 -36.928 0.300
68 180 -34.226 0.290
68 181 -29.935 0.270
68 182 -26.874 0.280
68 183 -21.318 -0.210
68 184 -18.621 -0.200
68 185 -13.914 -0.220
68 186 -10.996 -0.190
68 187 -5.918 -0.180
68 188 -2.818 -0.150
68 189 2.058 -0.160
68 190 5.625 -0.120
68 191 11.473 0.070
68 192 14.649 -0.080
68 193 20.159 0.000
68 194 23.187 0.000
68 195 30.693 0.000
68 196 35.286 0.070
68 197 42.868 -0.050
68 198 48.242 0.050
68 199 55.435 0.070
68 200 60.903 0.120
68 201 67.965 0.130
68 202 73.575 0.140
68 203 80.413 0.160
68 204 85.877 0.190
68 205 93.385 0.200
68 206 98.434 0.230
68 207 105.660 0.230
68 208 111.456 0.260
68 209 118.763 0.270
68 210 124.730 0.300
68 211 131.592 0.310
68 212 138.262 0.290
68 213 145.926 0.300
68 214 152.243 0.310
68 215 159.677 0.300
68 216 166.279 0.300
68 217 174.160 0.320
68 218 180.885 0.310
68 219 188.855 0.310
68 220 195.624 0.310
68 221 203.676 0.310
68 222 211.077 0.320
68 223 219.609 0.290
68 224 226.366 0.310
68 225 234.158 0.310
68 226 242.373 0.310
68 227 249.978 0.320
68 228 258.444 0.310
68 229 267.249 0.310
68 230 275.350 0.290
69 136 22.732 0.380
69 137 14.174 0.370
69 138 8.853 0.390
69 139 1.183 0.370
69 140 -3.250 0.380
69 141 -10.089 0.350
69 142 -13.848 0.350
69 143 -19.483 0.330
69 144 -22.749 -0.220
69 145 -28.205 -0.230
69 146 -30.906 -0.220
69 147 -36.173 -0.190
69 148 -38.432 -0.190
69 149 -43.486 -0.140
69 150 -46.017 0.070
69 151 -50.669 -0.040
69 152 -51.041 -0.060
69 153 -53.784 -0.100
69 154 -53.978 -0.140
69 155 -56.925 0.140
69 156 -56.537 0.180
69 157 -59.099 0.200
69 158 -58.879 0.210
69 159 -60.871 0.240
69 160 -60.539 0.230
69 161 -61.998 0.240
69 162 -61.323 0.280
69 163 -62.782 0.270
69 164 -61.733 0.370
69 165 -62.767 0.310
69 166 -61.781 0.360
69 167 -62.414 0.350
69 168 -61.036 0.340
69 169 -61.173 0.350
69 170 -59.111 0.350
69 171 -59.095 0.350
69 172 -56.912 0.340
69 173 -56.084 0.330
69 174 -53.262 0.310
69 175 -52.276 0.330
69 176 -49.197 0.340
69 177 -47.428 0.330
69 178 -44.056 0.300
69 179 -42.049 0.300
69 180 -38.281 0.320
69 181 -35.810 0.310
69 182 -31.642 0.320
69 183 -28.991 0.280
69 184 -23.646 -0.210
69 185 -21.245 -0.200
69 186 -16.846 -0.190
69 187 -14.132 -0.190
69 188 -9.310 -0.170
69 189 -6.519 -0.150
69 190 -1.817 -0.130
69 191 1.416 -0.120
69 192 6.873 0.080
69 193 9.853 0.070
69 194 15.090 0.000
69 195 17.940 0.000
69 196 25.256 0.000
69 197 29.778 0.050
69 198 36.949 0.050
69 199 42.369 -0.060
69 200 49.207 0.070
69 201 54.264 0.120
69 202 61.374 0.160
69 203 66.575 0.150
69 204 73.186 0.170
69 205 78.615 0.190
69 206 86.160 0.210
69 207 90.774 0.220
69 208 97.639 0.250
69 209 103.380 0.260
69 210 110.555 0.260
69 211 116.126 0.260
69 212 122.684 0.280
69 213 129.678 0.300
69 214 136.861 0.280
69 215 142.992 0.300
69 216 150.355 0.300
69 217 156.844 0.300
69 218 164.429 0.300
69 219 170.938 0.300
69 220 178.683 0.300
69 221 185.405 0.310
69 222 193.555 0.300
69 223 200.332 0.300
69 224 207.531 0.290
69 225 215.383 0.300
69 226 223.333 0.310
69 227 230.553 0.300
69 228 239.281 0.300
69 229 246.608 0.290
69 230 255.024 0.290
69 231 262.925 0.290
69 232 271.638 0.270
70 138 24.495 0.390
70 139 18.324 0.370
70 140 10.470 0.360
70 141 6.017 0.370
70 142 -1.793 0.330
70 143 -5.713 0.350
70 144 -12.095 -0.220
70 145 -15.778 -0.230
70 146 -21.580 -0.230
70 147 -25.094 -0.200
70 148 -30.485 -0.180
70 149 -33.236 -0.180
70 150 -38.422 -0.140
70 151 -41.504 -0.090
70 152 -46.178 0.070
70 153 -46.587 -0.070
70 154 -49.825 -0.110
70 155 -50.213 -0.130
70 156 -53.111 0.160
70 157 -53.100 0.170
70 158 -55.749 0.190
70 159 -55.893 0.210
70 160 -58.036 0.230
70 161 -57.961 0.240
70 162 -59.915 0.260
70 163 -59.632 0.280
70 164 -61.149 0.270
70 165 -60.616 0.290
70 166 -61.735 0.310
70 167 -60.741 0.310
70 168 -61.660 0.320
70 169 -60.555 0.320
70 170 -60.858 0.320
70 171 -58.976 0.290
70 172 -59.195 0.310
70 173 -57.377 0.320
70 174 -56.889 0.310
70 175 -54.457 0.310
70 176 -53.638 0.320
70 177 -50.905 0.320
70 178 -49.753 0.290
70 179 -46.727 0.300
70 180 -44.915 0.290
70 181 -41.519 0.280
70 182 -39.227 0.290
70 183 -35.354 0.270
70 184 -32.916 0.280
70 185 -28.003 -0.210
70 186 -25.680 -0.220
70 187 -21.858 -0.200
70 188 -19.011 -0.190
70 189 -14.429 -0.160
70 190 -12.023 -0.150
70 191 -7.220 -0.140
70 192 -4.551 -0.120
70 193 1.005 0.080
70 194 3.826 0.070
70 195 8.796 0.000
70 196 11.461 0.000
70 197 18.580 0.000
70 198 22.685 0.050
70 199 30.365 0.000
70 200 34.752 0.050
70 201 41.871 0.060
70 202 46.746 0.100
70 203 53.458 0.100
70 204 58.766 0.160
70 205 65.157 0.160
70 206 70.292 0.190
70 207 77.384 0.200
70 208 82.315 0.200
70 209 88.610 0.240
70 210 94.235 0.250
70 211 100.821 0.250
70 212 106.659 0.250
70 213 113.376 0.280
70 214 119.542 0.270
70 215 126.846 0.290
70 216 132.770 0.300
70 217 140.210 0.290
70 218 146.122 0.300
70 219 153.567 0.300
70 220 159.773 0.290
70 221 167.546 0.300
70 222 173.707 0.300
70 223 181.289 0.290
70 224 188.121 0.300
70 225 195.214 0.290
70 226 202.948 0.300
70 227 211.125 0.310
70 228 218.214 0.290
70 229 226.376 0.280
70 230 233.623 0.290
70 231 241.796 0.280
70 232 249.612 0.290
70 233 257.841 0.260
70 234 265.730 0.260
71 148 -15.812 -0.190
71 149 -21.295 -0.160
71 150 -24.542 -0.180
71 151 -30.262 -0.120
71 152 -33.421 -0.080
71 153 -38.222 -0.040
71 154 -39.341 -0.070
71 155 -42.729 -0.080
71 156 -43.301 -0.110
71 157 -46.900 0.160
71 158 -47.234 0.170
71 159 -50.108 0.200
71 160 -50.460 0.190
71 161 -52.870 0.220
71 162 -52.935 0.240
71 163 -55.042 0.250
71 164 -55.062 0.270
71 165 -56.942 0.280
71 166 -56.579 0.280
71 167 -58.012 0.290
71 168 -57.211 0.300
71 169 -58.357 0.310
71 170 -57.527 0.310
71 171 -58.200 0.310
71 172 -56.512 0.280
71 173 -56.994 0.310
71 174 -55.438 0.310
71 175 -55.152 0.300
71 176 -53.180 0.290
71 177 -52.674 0.290
71 178 -50.077 0.290
71 179 -49.203 0.290
71 180 -46.465 0.280
71 181 -44.968 0.280
71 182 -42.058 0.280
71 183 -39.949 0.270
71 184 -36.431 0.260
71 185 -34.311 0.250
71 186 -29.161 -0.200
71 187 -27.292 -0.200
71 188 -23.447 -0.190
71 189 -21.357 -0.180
71 190 -17.163 -0.170
71 191 -14.811 -0.130
71 192 -10.501 -0.120
71 193 -7.967 -0.110
71 194 -3.329 -0.100
71 195 -0.189 0.070
71 196 4.540 0.000
71 197 7.026 0.000
71 198 13.950 0.000
71 199 17.835 0.040
71 200 24.677 0.050
71 201 29.477 0.060
71 202 36.457 0.070
71 203 41.044 0.110
71 204 47.718 0.100
71 205 52.529 0.140
71 206 59.041 0.160
71 207 63.962 0.180
71 208 70.465 0.200
71 209 75.200 0.220
71 210 82.142 0.230
71 211 87.292 0.240
71 212 93.898 0.240
71 213 99.394 0.260
71 214 105.705 0.270
71 215 111.677 0.270
71 216 118.866 0.290
71 217 124.474 0.290
71 218 131.810 0.290
71 219 137.648 0.290
71 220 144.649 0.280
71 221 150.855 0.300
71 222 158.461 0.310
71 223 164.629 0.290
71 224 172.005 0.290
71 225 178.635 0.290
71 226 185.139 0.290
71 227 192.839 0.290
71 228 200.775 0.290
71 229 207.559 0.290
71 230 215.854 0.280
71 231 222.664 0.290
71 232 230.793 0.270
71 233 238.321 0.270
71 234 246.728 0.260
71 235 253.924 0.280
71 236 262.787 0.250
71 237 270.767 0.250
71 238 279.441 0.250
71 239 287.642 0.250
71 240 296.289 0.250
71 241 305.203 -0.190
71 242 313.731 -0.190
72 150 -14.829 -0.180
72 151 -17.349 -0.120
72 152 -23.969 -0.120
72 153 -27.748 -0.080
72 154 -33.120 0.060
72 155 -33.848 -0.070
72 156 -37.718 -0.080
72 157 -38.623 -0.120
72 158 -42.136 0.120
72 159 -42.767 0.150
72 160 -45.816 0.180
72 161 -46.243 0.190
72 162 -49.019 0.210
72 163 -49.381 0.220
72 164 -51.755 0.240
72 165 -51.955 0.240
72 166 -54.005 0.260
72 167 -53.938 0.280
72 168 -55.634 0.270
72 169 -55.158 0.300
72 170 -56.462 0.290
72 171 -55.858 0.290
72 172 -56.692 0.300
72 173 -55.441 0.280
72 174 -56.197 0.310
72 175 -54.810 0.310
72 176 -54.854 0.300
72 177 -53.154 0.290
72 178 -53.058 0.290
72 179 -50.502 0.310
72 180 -50.371 0.290
72 181 -47.748 0.280
72 182 -46.601 0.280
72 183 -43.648 0.270
72 184 -42.221 0.270
72 185 -38.663 0.260
72 186 -36.924 0.250
72 187 -32.297 -0.220
72 188 -30.570 -0.210
72 189 -27.130 -0.190
72 190 -24.999 -0.160
72 191 -21.099 -0.160
72 192 -19.161 -0.160
72 193 -15.057 -0.130
72 194 -12.584 -0.110
72 195 -7.934 -0.090
72 196 -5.297 0.040
72 197 -0.835 0.000
72 198 1.471 0.000
72 199 8.201 0.000
72 200 11.854 0.060
72 201 18.798 -0.060
72 202 23.166 0.060
72 203 29.926 0.060
72 204 34.417 0.100
72 205 40.684 0.120
72 206 45.531 0.150
72 207 52.090 0.160
72 208 56.527 0.170
72 209 62.866 0.180
72 210 67.590 0.210
72 211 74.062 0.230
72 212 79.042 0.230
72 213 85.555 0.240
72 214 90.688 0.250
72 215 96.904 0.270
72 216 102.926 0.290
72 217 109.891 0.270
72 218 115.226 0.280
72 219 122.196 0.280
72 220 127.832 0.300
72 221 134.860 0.290
72 222 140.760 0.280
72 223 148.246 0.280
72 224 154.107 0.290
72 225 160.845 0.290
72 226 167.712 0.290
72 227 175.130 0.280
72 228 181.797 0.290
72 229 189.357 0.280
72 230 196.192 0.270
72 231 204.093 0.270
72 232 210.683 0.280
72 233 218.957 0.260
72 234 226.062 0.260
72 235 234.016 0.260
72 236 241.472 0.250
72 237 250.490 0.260
72 238 257.418 0.250
72 239 266.080 0.240
72 240 274.031 0.230
72 241 282.512 0.230
72 242 291.788 -0.180
72 243 300.150 -0.170
72 244 307.834 -0.170
73 152 -8.305 -0.110
73 153 -15.023 -0.110
73 154 -16.123 0.000
73 155 -24.572 0.060
73 156 -25.837 0.060
73 157 -29.979 -0.080
73 158 -30.983 -0.110
73 159 -34.533 0.120
73 160 -35.784 0.160
73 161 -38.940 0.190
73 162 -39.871 0.200
73 163 -42.832 0.210
73 164 -43.388 0.220
73 165 -46.009 0.220
73 166 -46.538 0.250
73 167 -48.815 0.250
73 168 -48.796 0.270
73 169 -50.950 0.270
73 170 -50.556 0.300
73 171 -52.290 0.290
73 172 -51.714 0.290
73 173 -52.961 0.290
73 174 -51.960 0.260
73 175 -53.025 0.290
73 176 -51.752 0.290
73 177 -52.148 0.290
73 178 -50.788 0.300
73 179 -50.862 0.290
73 180 -48.735 0.280
73 181 -48.711 0.280
73 182 -46.587 0.280
73 183 -45.674 0.280
73 184 -42.981 0.260
73 185 -41.704 0.250
73 186 -38.559 0.240
73 187 -37.049 0.240
73 188 -33.846 0.240
73 189 -31.330 -0.190
73 190 -28.097 -0.190
73 191 -26.290 -0.180
73 192 -22.808 -0.150
73 193 -21.030 -0.140
73 194 -17.239 -0.130
73 195 -14.939 -0.120
73 196 -10.966 -0.110
73 197 -8.621 -0.090
73 198 -4.198 0.000
73 199 -2.073 0.000
73 200 4.458 0.000
73 201 8.147 -0.040
73 202 14.579 -0.050
73 203 18.902 -0.050
73 204 25.308 0.070
73 205 30.043 0.080
73 206 36.231 0.090
73 207 40.802 0.140
73 208 47.237 0.150
73 209 51.508 0.160
73 210 57.375 0.200
73 211 62.061 0.210
73 212 67.950 0.220
73 213 72.986 0.240
73 214 79.341 0.220
73 215 84.012 0.250
73 216 90.292 0.260
73 217 95.862 0.260
73 218 102.438 0.260
73 219 107.813 0.290
73 220 114.655 0.290
73 221 120.115 0.290
73 222 126.705 0.290
73 223 132.841 0.300
73 224 139.776 0.300
73 225 145.345 0.290
73 226 152.738 0.290
73 227 159.106 0.290
73 228 166.711 0.300
73 229 172.937 0.290
73 230 180.320 0.300
73 231 186.594 0.260
73 232 194.760 0.260
73 233 200.938 0.250
73 234 208.552 0.260
73 235 215.637 0.260
73 236 223.466 0.250
73 237 230.639 0.250
73 238 238.656 0.240
73 239 246.260 0.230
73 240 254.642 0.220
73 241 262.511 0.230
73 242 270.862 0.210
73 243 280.279 -0.190
73 244 288.096 -0.170
73 245 296.017 -0.170
73 246 303.791 -0.160
73 247 312.219 -0.140
73 248 320.642 -0.150
73 249 328.632 -0.130
73 250 337.668 -0.120
74 154 -8.043 0.080
74 155 -9.720 0.000
74 156 -18.057 0.030
74 157 -19.630 -0.060
74 158 -24.255 0.070
74 159 -25.298 -0.100
74 160 -29.424 0.120
74 161 -30.489 0.140
74 162 -33.949 0.160
74 163 -34.945 0.180
74 164 -38.037 0.190
74 165 -38.779 0.210
74 166 -41.631 0.230
74 167 -42.114 0.220
74 168 -44.907 0.250
74 169 -45.093 0.250
74 170 -47.433 0.270
74 171 -47.052 0.300
74 172 -49.332 0.290
74 173 -49.199 0.280
74 174 -50.582 0.290
74 175 -49.726 0.250
74 176 -51.041 0.290
74 177 -50.117 0.290
74 178 -50.848 0.290
74 179 -49.681 0.280
74 180 -50.111 0.280
74 181 -48.168 0.270
74 182 -48.400 0.270
74 183 -46.526 0.270
74 184 -45.984 0.250
74 185 -43.681 0.250
74 186 -42.745 0.240
74 187 -39.858 0.220
74 188 -38.678 0.230
74 189 -35.625 0.220
74 190 -33.997 0.210
74 191 -30.871 -0.190
74 192 -29.258 -0.170
74 193 -25.876 -0.140
74 194 -24.548 -0.150
74 195 -20.793 -0.120
74 196 -19.111 -0.120
74 197 -14.823 -0.100
74 198 -12.694 0.070
74 199 -8.691 0.000
74 200 -6.743 0.000
74 201 -0.404 0.000
74 202 2.836 0.040
74 203 9.219 -0.050
74 204 13.316 0.050
74 205 19.494 0.070
74 206 23.779 0.090
74 207 29.752 0.100
74 208 34.330 0.130
74 209 40.141 0.140
74 210 44.701 0.160
74 211 50.937 0.170
74 212 55.187 0.190
74 213 61.103 0.210
74 214 65.951 0.240
74 215 72.247 0.220
74 216 76.781 0.240
74 217 82.783 0.260
74 218 88.080 0.290
74 219 94.591 0.270
74 220 99.723 0.270
74 221 106.373 0.300
74 222 111.672 0.290
74 223 117.748 0.290
74 224 123.935 0.290
74 225 130.610 0.290
74 226 136.533 0.280
74 227 143.556 0.290
74 228 149.565 0.280
74 229 156.621 0.280
74 230 163.037 0.290
74 231 170.307 0.280
74 232 176.417 0.270
74 233 184.520 0.290
74 234 190.427 0.260
74 235 198.155 0.270
74 236 204.715 0.260
74 237 212.291 0.250
74 238 219.407 0.240
74 239 227.069 0.230
74 240 234.429 0.220
74 241 242.620 0.210
74 242 250.184 0.210
74 243 258.301 0.200
74 244 267.312 -0.180
74 245 274.398 0.190
74 246 282.888 -0.160
74 247 291.059 -0.150
74 248 298.687 -0.140
74 249 307.720 -0.150
74 250 314.754 -0.130
75 156 -0.663 0.000
75 157 -8.189 0.000
75 158 -9.358 0.000
75 159 -15.391 0.060
75 160 -16.740 0.090
75 161 -21.030 0.110
75 162 -22.295 0.130
75 163 -26.037 0.150
75 164 -27.319 0.170
75 165 -30.649 0.190
75 166 -31.691 0.200
75 167 -34.697 0.210
75 168 -35.681 0.230
75 169 -38.332 0.250
75 170 -38.976 0.290
75 171 -41.486 0.280
75 172 -41.617 0.290
75 173 -44.035 0.300
75 174 -44.199 0.300
75 175 -45.692 0.320
75 176 -45.589 0.270
75 177 -46.870 0.310
75 178 -45.986 0.300
75 179 -47.227 0.280
75 180 -46.311 0.280
75 181 -46.877 0.270
75 182 -45.403 0.260
75 183 -45.922 0.250
75 184 -44.310 0.240
75 185 -44.156 0.240
75 186 -42.025 0.240
75 187 -41.464 0.230
75 188 -38.920 0.210
75 189 -37.992 0.220
75 190 -35.234 0.210
75 191 -34.005 0.200
75 192 -31.222 -0.180
75 193 -29.931 -0.180
75 194 -26.603 -0.170
75 195 -25.472 -0.120
75 196 -22.292 -0.120
75 197 -20.739 -0.110
75 198 -17.121 -0.110
75 199 -14.919 -0.090
75 200 -11.069 0.000
75 201 -9.311 0.000
75 202 -3.181 0.000
75 203 0.205 -0.030
75 204 6.454 0.000
75 205 10.091 0.050
75 206 16.063 0.050
75 207 20.161 0.080
75 208 26.335 0.080
75 209 30.256 0.120
75 210 35.939 0.130
75 211 40.285 0.150
75 212 46.519 0.170
75 213 50.588 0.190
75 214 56.472 0.190
75 215 60.828 0.210
75 216 67.086 0.220
75 217 71.479 0.270
75 218 77.118 0.250
75 219 82.037 0.260
75 220 88.754 0.280
75 221 93.405 0.280
75 222 99.691 0.290
75 223 105.024 0.280
75 224 111.164 0.280
75 225 116.901 0.280
75 226 123.287 0.280
75 227 129.066 0.280
75 228 135.958 0.270
75 229 141.739 0.280
75 230 148.656 0.280
75 231 154.594 0.260
75 232 161.788 0.260
75 233 167.798 0.260
75 234 175.342 0.260
75 235 181.506 0.250
75 236 189.118 0.260
75 237 195.471 0.230
75 238 202.967 0.230
75 239 209.894 0.230
75 240 217.499 0.220
75 241 224.351 0.210
75 242 232.382 0.210
75 243 239.343 0.200
75 244 247.698 0.190
75 245 256.656 -0.170
75 246 264.359 -0.160
75 247 271.835 -0.160
75 248 279.836 -0.140
75 249 287.303 -0.150
75 250 295.562 -0.130
75 251 302.697 -0.120
75 252 311.108 -0.110
76 158 -0.955 0.000
76 159 -2.412 0.000
76 160 -7.371 0.000
76 161 -10.524 -0.100
76 162 -15.002 0.090
76 163 -16.516 0.130
76 164 -20.525 0.140
76 165 -21.941 0.160
76 166 -25.381 0.160
76 167 -26.596 0.170
76 168 -29.809 0.200
76 169 -30.771 0.200
76 170 -33.823 0.240
76 171 -34.664 0.230
76 172 -37.299 0.240
76 173 -37.338 0.300
76 174 -40.097 0.270
76 175 -40.491 0.290
76 176 -42.415 0.270
76 177 -42.203 0.260
76 178 -43.978 0.290
76 179 -43.572 0.270
76 180 -44.808 0.270
76 181 -43.944 0.260
76 182 -45.010 0.250
76 183 -43.526 0.260
76 184 -44.301 0.250
76 185 -43.031 0.240
76 186 -43.196 0.230
76 187 -41.392 0.240
76 188 -41.011 0.220
76 189 -38.957 0.210
76 190 -38.203 0.200
76 191 -35.772 0.200
76 192 -35.059 -0.180
76 193 -32.404 -0.170
76 194 -31.726 -0.160
76 195 -28.949 -0.160
76 196 -27.927 -0.130
76 197 -24.873 -0.130
76 198 -23.559 -0.120
76 199 -19.527 0.060
76 200 -18.186 0.040
76 201 -15.528 -0.040
76 202 -13.182 0.000
76 203 -7.244 0.000
76 204 -4.475 -0.050
76 205 1.958 0.000
76 206 5.256 0.050
76 207 10.899 0.070
76 208 15.234 0.060
76 209 20.641 0.070
76 210 24.906 0.100
76 211 30.850 0.110
76 212 34.800 0.130
76 213 40.633 0.160
76 214 44.461 0.170
76 215 50.240 0.180
76 216 54.603 0.200
76 217 60.550 0.210
76 218 64.895 0.240
76 219 70.533 0.230
76 220 75.504 0.280
76 221 81.603 0.270
76 222 86.212 0.280
76 223 92.384 0.280
76 224 97.569 0.270
76 225 103.868 0.280
76 226 109.018 0.280
76 227 115.876 0.290
76 228 121.118 0.300
76 229 127.534 0.280
76 230 133.342 0.280
76 231 140.091 0.280
76 232 145.905 0.280
76 233 152.738 0.280
76 234 159.066 0.270
76 235 166.180 0.270
76 236 172.052 0.260
76 237 179.467 0.260
76 238 185.888 0.240
76 239 193.162 0.230
76 240 199.616 0.210
76 241 207.276 0.210
76 242 214.077 0.210
76 243 221.686 0.190
76 244 228.763 0.190
76 245 236.831 0.180
76 246 244.813 -0.160
76 247 252.079 -0.150
76 248 259.735 -0.140
76 249 267.211 -0.140
76 250 274.634 -0.130
76 251 282.705 -0.120
76 252 289.715 -0.120
76 253 298.172 -0.100
76 254 305.486 -0.090
76 255 313.938 -0.090
76 256 322.438 0.000
76 257 330.363 0.000
76 258 337.426 0.000
76 259 345.848 0.000
76 260 352.710 0.000
76 261 362.305 0.000
76 262 370.847 0.000
77 160 7.052 0.000
77 161 1.746 0.000
77 162 -1.300 0.080
77 163 -6.207 0.080
77 164 -8.072 0.110
77 165 -12.293 0.120
77 166 -13.869 0.140
77 167 -17.617 0.150
77 168 -19.130 0.160
77 169 -22.448 0.190
77 170 -23.657 0.210
77 171 -26.808 0.210
77 172 -27.757 0.210
77 173 -30.733 0.270
77 174 -30.967 0.280
77 175 -33.766 0.280
77 176 -34.742 0.270
77 177 -36.885 0.280
77 178 -36.972 0.260
77 179 -38.982 0.290
77 180 -38.873 0.290
77 181 -40.287 0.280
77 182 -39.579 0.270
77 183 -40.796 0.270
77 184 -39.597 0.270
77 185 -40.545 0.260
77 186 -39.555 0.250
77 187 -39.700 0.210
77 188 -38.365 0.210
77 189 -38.338 0.200
77 190 -36.628 0.190
77 191 -36.418 -0.160
77 192 -34.575 -0.160
77 193 -34.055 -0.150
77 194 -31.915 -0.170
77 195 -31.120 -0.160
77 196 -28.761 -0.150
77 197 -28.158 -0.130
77 198 -25.379 -0.120
77 199 -24.273 -0.110
77 200 -20.674 0.060
77 201 -19.578 0.050
77 202 -17.042 0.040
77 203 -15.065 0.000
77 204 -10.029 0.040
77 205 -6.687 0.040
77 206 -0.566 0.000
77 207 3.290 0.000
77 208 8.089 0.050
77 209 12.120 0.070
77 210 17.579 0.070
77 211 21.646 0.100
77 212 27.297 0.110
77 213 31.255 0.110
77 214 36.937 0.130
77 215 40.892 0.150
77 216 46.201 0.170
77 217 50.666 0.210
77 218 56.249 0.190
77 219 60.548 0.240
77 220 65.925 0.240
77 221 70.510 0.260
77 222 76.419 0.270
77 223 80.978 0.280
77 224 86.913 0.290
77 225 91.970 0.280
77 226 98.350 0.280
77 227 103.051 0.280
77 228 109.682 0.270
77 229 114.480 0.280
77 230 120.747 0.280
77 231 126.258 0.280
77 232 133.145 0.280
77 233 138.858 0.290
77 234 145.414 0.280
77 235 151.272 0.280
77 236 158.189 0.250
77 237 164.355 0.270
77 238 171.588 0.230
77 239 177.683 0.240
77 240 184.908 0.240
77 241 191.421 0.240
77 242 199.066 0.210
77 243 205.732 0.220
77 244 212.791 0.180
77 245 219.952 0.170
77 246 227.341 0.170
77 247 234.654 -0.170
77 248 242.266 -0.160
77 249 249.274 -0.140
77 250 256.468 -0.140
77 251 263.930 -0.130
77 252 271.961 -0.120
77 253 279.078 -0.100
77 254 287.012 -0.110
77 255 294.034 -0.090
77 256 302.307 -0.080
77 257 310.362 0.000
77 258 318.133 0.000
77 259 325.077 0.000
77 260 333.333 0.000
77 261 340.097 0.000
77 262 349.852 0.000
77 263 358.166 0.000
77 264 367.188 0.000
78 162 9.561 0.000
78 163 6.044 -0.070
78 164 1.166 0.060
78 165 -0.608 0.080
78 166 -5.276 0.100
78 167 -7.076 0.140
78 168 -11.082 0.140
78 169 -12.597 0.140
78 170 -16.270 0.170
78 171 -17.569 0.180
78 172 -20.953 0.190
78 173 -22.182 0.220
78 174 -25.405 0.240
78 175 -25.962 0.290
78 176 -29.169 0.250
78 177 -29.971 0.290
78 178 -32.280 0.290
78 179 -32.634 0.230
78 180 -34.803 0.290
78 181 -34.905 0.270
78 182 -36.585 0.280
78 183 -36.304 0.280
78 184 -37.809 0.260
78 185 -36.730 0.230
78 186 -38.197 0.250
78 187 -36.695 -0.170
78 188 -37.830 0.210
78 189 -36.786 0.210
78 190 -37.160 -0.170
78 191 -35.854 -0.180
78 192 -35.980 -0.160
78 193 -34.526 -0.150
78 194 -34.267 -0.160
78 195 -32.442 -0.140
78 196 -32.128 -0.130
78 197 -29.904 -0.140
78 198 -29.426 -0.120
78 199 -26.941 -0.120
78 200 -26.125 -0.110
78 201 -23.312 -0.100
78 202 -22.048 0.040
78 203 -19.566 -0.050
78 204 -17.894 0.000
78 205 -13.078 -0.040
78 206 -10.008 0.040
78 207 -4.070 0.000
78 208 -0.445 0.000
78 209 4.271 0.040
78 210 8.068 0.050
78 211 13.585 0.060
78 212 17.510 0.070
78 213 22.795 0.100
78 214 26.575 0.110
78 215 32.629 -0.080
78 216 36.091 0.160
78 217 41.286 0.150
78 218 45.391 0.170
78 219 50.927 0.200
78 220 55.022 0.220
78 221 60.270 0.260
78 222 64.626 0.250
78 223 70.368 0.270
78 224 74.731 0.260
78 225 80.406 0.280
78 226 85.195 0.280
78 227 91.279 0.280
78 228 95.991 0.290
78 229 102.546 0.260
78 230 107.293 0.270
78 231 113.628 0.280
78 232 118.865 0.280
78 233 125.471 0.290
78 234 130.846 0.280
78 235 137.410 0.260
78 236 143.145 0.270
78 237 149.933 0.250
78 238 155.978 0.250
78 239 162.813 0.250
78 240 168.965 0.230
78 241 175.609 0.220
78 242 182.302 0.220
78 243 189.565 0.210
78 244 196.780 -0.180
78 245 203.006 0.190
78 246 210.100 -0.150
78 247 217.302 -0.150
78 248 223.688 -0.150
78 249 231.302 -0.130
78 250 237.836 -0.150
78 251 245.345 -0.120
78 252 251.988 -0.120
78 253 259.760 -0.110
78 254 266.854 -0.100
78 255 274.542 -0.100
78 256 281.353 -0.090
78 257 289.630 -0.080
78 258 297.579 0.000
78 259 305.206 0.000
78 260 312.024 0.000
78 261 320.130 0.000
78 262 326.785 0.000
78 263 336.741 0.000
78 264 344.734 0.000
78 265 353.689 0.000
78 266 362.872 0.000
79 164 16.489 0.060
79 165 10.842 0.060
79 166 8.716 0.080
79 167 4.061 0.070
79 168 1.908 0.100
79 169 -2.480 0.140
79 170 -4.307 0.150
79 171 -8.086 0.140
79 172 -9.691 0.120
79 173 -13.216 0.180
79 174 -14.557 0.190
79 175 -18.061 0.210
79 176 -18.920 0.230
79 177 -22.232 0.250
79 178 -23.446 0.270
79 179 -25.891 0.270
79 180 -26.515 0.250
79 181 -28.812 0.300
79 182 -29.133 0.280
79 183 -31.075 0.290
79 184 -30.898 0.290
79 185 -32.604 0.240
79 186 -31.725 -0.200
79 187 -33.333 -0.200
79 188 -32.469 -0.180
79 189 -33.877 -0.190
79 190 -33.081 -0.170
79 191 -34.003 -0.180
79 192 -32.921 -0.180
79 193 -33.372 -0.170
79 194 -31.951 -0.170
79 195 -32.297 -0.150
79 196 -30.674 -0.150
79 197 -30.529 -0.150
79 198 -28.560 -0.140
79 199 -28.301 -0.130
79 200 -26.120 -0.120
79 201 -25.547 -0.100
79 202 -23.086 0.050
79 203 -22.587 0.040
79 204 -20.278 -0.040
79 205 -18.787 0.000
79 206 -13.749 -0.040
79 207 -10.918 0.040
79 208 -5.600 0.000
79 209 -2.546 0.040
79 210 2.455 0.040
79 211 6.409 0.050
79 212 11.464 0.040
79 213 15.190 0.080
79 214 20.825 0.040
79 215 24.262 0.110
79 216 29.653 0.120
79 217 33.182 0.120
79 218 38.719 0.120
79 219 42.342 0.170
79 220 47.472 0.220
79 221 51.227 0.230
79 222 56.571 0.210
79 223 60.571 0.250
79 224 66.202 0.270
79 225 70.329 0.270
79 226 75.850 0.270
79 227 80.478 0.270
79 228 86.219 0.270
79 229 90.886 0.280
79 230 97.207 0.280
79 231 101.826 0.280
79 232 107.902 0.290
79 233 113.071 0.280
79 234 119.477 0.290
79 235 124.903 0.280
79 236 131.251 0.260
79 237 136.590 0.270
79 238 143.573 0.260
79 239 149.177 0.260
79 240 155.895 0.240
79 241 161.851 0.230
79 242 168.501 0.230
79 243 174.618 0.210
79 244 182.131 0.210
79 245 188.393 0.210
79 246 194.823 -0.150
79 247 201.152 -0.170
79 248 208.368 -0.150
79 249 214.729 -0.140
79 250 222.131 -0.140
79 251 228.438 -0.140
79 252 235.884 -0.100
79 253 242.434 -0.100
79 254 250.217 -0.100
79 255 256.392 -0.100
79 256 263.923 -0.110
79 257 271.711 0.060
79 258 279.041 0.040
79 259 286.364 0.000
79 260 293.837 0.000
79 261 300.538 0.000
79 262 308.477 0.000
79 263 315.039 0.000
79 264 325.145 0.000
79 265 332.842 0.000
79 266 341.740 0.000
79 267 350.861 0.000
79 268 359.586 0.000
80 166 20.665 0.000
80 167 17.020 0.070
80 168 12.384 -0.050
80 169 10.100 0.060
80 170 5.290 0.080
80 171 3.127 0.110
80 172 -0.935 0.140
80 173 -2.462 0.180
80 174 -6.444 0.160
80 175 -7.958 0.130
80 176 -11.548 0.240
80 177 -12.724 0.250
80 178 -16.300 0.280
80 179 -17.692 0.300
80 180 -20.415 0.300
80 181 -20.924 0.300
80 182 -23.768 0.310
80 183 -24.391 0.310
80 184 -26.608 0.310
80 185 -26.730 0.290
80 186 -28.520 0.280
80 187 -28.082 0.260
80 188 -30.149 -0.180
80 189 -29.979 -0.170
80 190 -31.197 -0.160
80 191 -30.742 -0.170
80 192 -31.901 -0.150
80 193 -31.103 -0.160
80 194 -32.043 -0.140
80 195 -31.089 -0.130
80 196 -31.302 -0.140
80 197 -30.143 -0.130
80 198 -30.359 -0.120
80 199 -28.734 -0.120
80 200 -28.686 -0.120
80 201 -26.819 -0.110
80 202 -26.528 -0.080
80 203 -24.311 -0.070
80 204 -24.045 0.030
80 205 -22.172 0.020
80 206 -20.872 0.000
80 207 -16.403 -0.030
80 208 -13.863 0.020
80 209 -8.668 -0.020
80 210 -5.900 0.040
80 211 -0.822 0.060
80 212 2.563 0.050
80 213 7.363 0.060
80 214 11.187 0.070
80 215 16.716 0.060
80 216 19.921 0.090
80 217 25.079 0.090
80 218 29.022 0.090
80 219 34.446 0.110
80 220 38.204 0.180
80 221 43.266 0.210
80 222 46.960 0.210
80 223 51.659 0.230
80 224 55.620 0.250
80 225 61.271 0.270
80 226 64.994 0.270
80 227 70.821 0.300
80 228 74.685 0.270
80 229 80.438 0.270
80 230 85.017 0.280
80 231 91.117 0.280
80 232 95.366 0.280
80 233 101.623 0.280
80 234 106.403 0.280
80 235 112.508 0.280
80 236 117.714 0.270
80 237 124.108 0.270
80 238 129.247 0.260
80 239 136.120 0.260
80 240 141.600 0.260
80 241 148.081 0.250
80 242 153.707 0.230
80 243 160.708 0.240
80 244 166.532 0.220
80 245 173.115 -0.160
80 246 178.947 -0.150
80 247 185.717 -0.140
80 248 191.819 -0.150
80 249 198.650 -0.130
80 250 204.710 -0.120
80 251 212.058 -0.120
80 252 217.845 -0.120
80 253 224.981 -0.110
80 254 231.228 -0.120
80 255 238.876 -0.110
80 256 245.304 -0.110
80 257 252.597 -0.090
80 258 259.253 -0.090
80 259 266.869 -0.080
80 260 274.290 0.000
80 261 281.623 0.000
80 262 288.188 0.000
80 263 295.985 0.000
80 264 302.424 0.000
80 265 312.693 0.000
80 266 320.000 0.000
80 267 328.872 0.000
80 268 337.846 0.000
80 269 346.498 0.000
80 270 355.879 0.000
81 168 28.111 0.050
81 169 22.509 -0.050
81 170 20.112 -0.060
81 171 15.585 -0.050
81 172 13.289 -0.060
81 173 8.960 -0.070
81 174 6.901 -0.070
81 175 3.215 -0.070
81 176 0.975 -0.090
81 177 -3.251 0.250
81 178 -4.113 -0.150
81 179 -8.689 0.250
81 180 -10.256 0.270
81 181 -12.929 0.320
81 182 -13.787 0.310
81 183 -16.901 0.320
81 184 -17.752 0.310
81 185 -20.112 0.310
81 186 -19.901 -0.190
81 187 -22.509 0.300
81 188 -22.256 -0.180
81 189 -24.629 -0.190
81 190 -24.579 -0.160
81 191 -26.227 -0.180
81 192 -26.141 -0.180
81 193 -27.331 -0.180
81 194 -26.893 -0.170
81 195 -27.801 -0.180
81 196 -27.539 -0.100
81 197 -28.053 -0.090
81 198 -27.028 -0.090
81 199 -27.860 -0.090
81 200 -26.711 -0.070
81 201 -27.034 -0.070
81 202 -25.631 -0.060
81 203 -25.695 -0.050
81 204 -23.932 -0.050
81 205 -23.712 -0.030
81 206 -22.242 -0.030
81 207 -21.068 0.000
81 208 -16.878 -0.030
81 209 -14.017 0.000
81 210 -9.277 0.000
81 211 -7.011 -0.040
81 212 -1.938 0.030
81 213 0.983 0.030
81 214 5.895 -0.050
81 215 9.289 0.040
81 216 14.153 -0.060
81 217 17.877 -0.060
81 218 22.770 -0.050
81 219 26.722 0.040
81 220 31.777 -0.070
81 221 36.139 0.180
81 222 40.728 0.200
81 223 44.216 0.210
81 224 48.929 0.220
81 225 52.697 0.230
81 226 58.011 0.240
81 227 61.338 0.260
81 228 66.624 0.250
81 229 70.898 0.270
81 230 76.447 0.270
81 231 80.653 0.270
81 232 86.645 0.270
81 233 91.014 0.270
81 234 96.708 0.270
81 235 101.732 0.270
81 236 107.543 0.250
81 237 112.693 0.260
81 238 118.656 0.260
81 239 123.842 0.260
81 240 130.347 0.250
81 241 135.482 0.250
81 242 141.942 0.240
81 243 147.523 0.240
81 244 153.740 0.220
81 245 160.225 0.230
81 246 165.689 -0.160
81 247 172.193 -0.190
81 248 178.894 0.170
81 249 183.744 -0.160
81 250 190.532 -0.150
81 251 196.621 -0.140
81 252 203.529 -0.140
81 253 209.497 -0.130
81 254 216.305 -0.130
81 255 222.611 -0.120
81 256 229.991 -0.120
81 257 235.709 -0.080
81 258 242.891 -0.060
81 259 249.222 -0.070
81 260 256.516 -0.060
81 261 262.958 -0.060
81 262 270.653 0.000
81 263 277.082 0.000
81 264 284.728 0.000
81 265 291.048 0.000
81 266 301.458 0.000
81 267 308.358 0.000
81 268 317.272 0.000
81 269 326.003 0.000
81 270 334.612 0.000
81 271 343.863 0.000
82 170 32.168 0.000
82 171 29.309 0.000
82 172 24.824 0.000
82 173 22.138 0.000
82 174 16.539 0.050
82 175 14.296 0.050
82 176 10.491 0.050
82 177 8.069 -0.050
82 178 3.896 0.230
82 179 2.125 0.240
82 180 -1.747 0.280
82 181 -3.777 0.300
82 182 -6.838 0.300
82 183 -7.867 0.310
82 184 -11.232 0.310
82 185 -12.339 0.300
82 186 -14.888 0.280
82 187 -15.443 0.290
82 188 -17.736 0.290
82 189 -18.093 -0.200
82 190 -20.345 -0.190
82 191 -20.324 -0.180
82 192 -22.476 -0.190
82 193 -22.555 -0.180
82 194 -23.916 -0.170
82 195 -24.248 0.060
82 196 -25.190 0.070
82 197 -24.772 0.040
82 198 -24.803 0.000
82 199 -24.599 0.000
82 200 -25.215 0.000
82 201 -24.623 0.000
82 202 -25.167 0.000
82 203 -24.191 0.000
82 204 -24.659 0.000
82 205 -23.186 0.000
82 206 -23.634 0.000
82 207 -22.370 0.000
82 208 -21.944 0.000
82 209 -17.273 0.000
82 210 -15.335 0.000
82 211 -10.807 0.000
82 212 -8.142 0.000
82 213 -3.664 0.000
82 214 -0.478 0.000
82 215 3.993 0.000
82 216 7.570 0.000
82 217 12.061 0.000
82 218 15.937 0.000
82 219 19.915 -0.030
82 220 23.607 0.050
82 221 29.386 0.000
82 222 32.148 0.040
82 223 36.752 -0.050
82 224 40.429 0.220
82 225 45.014 0.220
82 226 48.564 0.240
82 227 53.489 0.230
82 228 57.267 0.260
82 229 62.205 0.260
82 230 66.317 0.250
82 231 71.569 0.270
82 232 75.648 0.270
82 233 81.511 0.280
82 234 85.491 0.270
82 235 91.153 0.280
82 236 95.900 0.260
82 237 101.786 0.260
82 238 106.654 0.280
82 239 112.304 0.260
82 240 117.510 0.260
82 241 123.827 0.260
82 242 128.764 0.240
82 243 134.980 0.250
82 244 140.689 0.240
82 245 146.894 -0.180
82 246 152.363 -0.160
82 247 158.546 -0.160
82 248 163.797 -0.180
82 249 170.412 -0.160
82 250 176.076 -0.160
82 251 182.684 -0.160
82 252 188.620 -0.150
82 253 195.160 -0.150
82 254 201.220 -0.150
82 255 207.809 -0.120
82 256 213.955 -0.120
82 257 220.862 -0.100
82 258 227.079 0.000
82 259 233.167 -0.040
82 260 239.291 -0.040
82 261 246.699 0.000
82 262 252.913 0.000
82 263 259.929 0.000
82 264 266.241 0.000
82 265 273.703 0.000
82 266 279.930 0.000
82 267 290.355 0.000
82 268 296.939 0.000
82 269 305.943 0.000
82 270 314.359 0.000
82 271 322.961 0.000
82 272 331.994 0.000
82 273 340.662 0.000
82 274 349.807 0.000
83 172 41.664 -0.040
83 173 36.342 -0.050
83 174 33.310 -0.060
83 175 28.541 -0.070
83 176 26.521 0.050
83 177 20.047 0.180
83 178 17.652 0.250
83 179 13.441 0.260
83 180 11.014 0.290
83 181 7.080 0.290
83 182 4.876 0.300
83 183 1.278 0.300
83 184 0.024 0.260
83 185 -3.537 0.290
83 186 -4.834 0.290
83 187 -7.648 0.300
83 188 -8.484 0.300
83 189 -10.926 0.290
83 190 -11.142 -0.200
83 191 -13.503 -0.200
83 192 -13.955 -0.190
83 193 -16.061 -0.210
83 194 -16.360 -0.150
83 195 -18.099 -0.140
83 196 -18.204 -0.140
83 197 -19.703 -0.140
83 198 -19.622 -0.130
83 199 -20.648 -0.130
83 200 -20.247 -0.060
83 201 -21.150 -0.060
83 202 -20.712 -0.060
83 203 -21.457 -0.050
83 204 -20.564 -0.040
83 205 -21.080 -0.050
83 206 -19.830 -0.050
83 207 -20.274 -0.030
83 208 -19.189 -0.030
83 209 -18.214 0.000
83 210 -14.768 -0.030
83 211 -12.095 0.000
83 212 -8.413 -0.030
83 213 -5.394 0.000
83 214 -1.133 0.000
83 215 0.827 -0.040
83 216 5.070 -0.050
83 217 8.203 -0.050
83 218 12.574 -0.050
83 219 16.020 -0.050
83 220 20.374 -0.050
83 221 24.085 -0.050
83 222 28.384 -0.060
83 223 31.218 0.210
83 224 35.633 0.210
83 225 38.643 0.220
83 226 43.050 0.220
83 227 46.537 0.230
83 228 51.877 0.240
83 229 54.991 0.250
83 230 59.752 0.240
83 231 63.828 0.270
83 232 68.660 0.260
83 233 72.703 0.270
83 234 78.528 0.280
83 235 82.172 0.270
83 236 88.033 0.250
83 237 92.231 0.270
83 238 97.728 0.250
83 239 102.679 0.250
83 240 108.463 0.250
83 241 113.075 0.240
83 242 119.342 0.250
83 243 124.479 0.220
83 244 130.068 0.250
83 245 135.653 -0.180
83 246 141.232 -0.180
83 247 146.496 -0.190
83 248 152.891 -0.170
83 249 158.302 -0.170
83 250 164.147 -0.160
83 251 169.734 -0.160
83 252 176.069 -0.150
83 253 181.988 -0.120
83 254 188.572 -0.110
83 255 194.113 -0.120
83 256 201.106 -0.080
83 257 206.927 -0.080
83 258 213.310 -0.040
83 259 219.456 -0.040
83 260 226.795 0.000
83 261 232.039 -0.040
83 262 239.335 0.000
83 263 245.419 0.000
83 264 252.292 0.000
83 265 258.475 0.000
83 266 265.785 0.000
83 267 271.909 0.000
83 268 282.417 0.000
83 269 288.628 0.000
83 270 297.771 0.000
83 271 305.746 0.000
83 272 314.411 0.000
83 273 323.131 0.000
83 274 331.805 0.000
83 275 340.715 0.000
83 276 349.601 0.000
84 174 45.253 0.100
84 175 42.233 0.110
84 176 37.073 0.120
84 177 34.041 0.180
84 178 28.692 0.200
84 179 25.889 0.250
84 180 21.311 0.280
84 181 18.972 0.320
84 182 14.600 0.300
84 183 12.273 0.300
84 184 8.622 0.320
84 185 7.311 0.310
84 186 3.189 0.300
84 187 1.750 0.310
84 188 -1.166 0.310
84 189 -2.331 0.310
84 190 -4.974 0.290
84 191 -5.412 0.270
84 192 -8.137 0.260
84 193 -8.656 -0.200
84 194 -11.181 -0.200
84 195 -11.181 -0.150
84 196 -13.414 -0.190
84 197 -13.666 -0.180
84 198 -15.229 -0.170
84 199 -15.009 -0.140
84 200 -16.684 -0.110
84 201 -16.489 0.080
84 202 -17.659 -0.090
84 203 -17.357 -0.070
84 204 -18.241 -0.060
84 205 -17.373 0.060
84 206 -18.126 -0.060
84 207 -16.867 0.040
84 208 -17.630 0.030
84 209 -16.288 0.000
84 210 -16.234 0.000
84 211 -11.953 0.000
84 212 -10.557 0.000
84 213 -6.752 0.030
84 214 -4.978 0.030
84 215 -0.621 -0.040
84 216 1.627 0.030
84 217 5.762 0.040
84 218 8.105 0.070
84 219 12.714 0.080
84 220 15.545 0.130
84 221 19.511 0.140
84 222 22.352 0.160
84 223 26.444 0.160
84 224 29.412 0.170
84 225 33.620 0.200
84 226 36.466 0.200
84 227 40.699 0.210
84 228 43.774 0.230
84 229 48.693 0.230
84 230 51.707 0.240
84 231 56.399 0.250
84 232 60.139 0.260
84 233 65.304 0.270
84 234 68.874 0.270
84 235 74.166 0.260
84 236 77.895 0.260
84 237 83.155 0.270
84 238 87.502 0.260
84 239 93.005 0.250
84 240 97.724 0.260
84 241 103.072 0.250
84 242 107.784 0.250
84 243 113.949 0.240
84 244 118.420 0.220
84 245 124.373 0.230
84 246 129.475 0.210
84 247 135.298 0.200
84 248 140.623 0.180
84 249 146.784 -0.140
84 250 151.835 -0.140
84 251 157.645 -0.150
84 252 163.520 -0.130
84 253 169.434 -0.160
84 254 174.802 -0.130
84 255 181.461 -0.100
84 256 186.947 -0.120
84 257 193.446 -0.080
84 258 199.243 -0.080
84 259 205.891 0.040
84 260 211.551 0.050
84 261 218.875 0.000
84 262 224.200 0.040
84 263 231.120 0.000
84 264 237.081 0.000
84 265 243.821 0.000
84 266 249.881 0.000
84 267 257.050 0.000
84 268 263.071 0.000
84 269 273.647 0.000
84 270 279.486 0.000
84 271 288.798 0.000
84 272 296.299 0.000
84 273 305.117 0.000
84 274 313.404 0.000
84 275 322.153 0.000
84 276 330.708 0.000
84 277 339.449 0.000
84 278 348.185 0.000
85 176 53.944 0.160
85 177 48.462 0.180
85 178 44.732 0.210
85 179 39.371 0.230
85 180 36.264 0.260
85 181 31.684 0.330
85 182 28.823 0.330
85 183 24.150 0.310
85 184 21.201 0.300
85 185 17.527 0.300
85 186 15.821 0.280
85 187 11.724 0.310
85 188 10.049 0.290
85 189 6.953 0.310
85 190 5.309 0.300
85 191 2.545 0.300
85 192 2.054 0.290
85 193 -0.839 0.270
85 194 -1.228 -0.170
85 195 -3.851 -0.170
85 196 -4.479 -0.170
85 197 -6.849 -0.170
85 198 -7.322 -0.160
85 199 -9.114 -0.160
85 200 -9.174 -0.150
85 201 -10.851 -0.160
85 202 -10.845 -0.150
85 203 -11.981 -0.140
85 204 -11.604 -0.070
85 205 -12.633 -0.080
85 206 -12.143 -0.070
85 207 -13.020 -0.060
85 208 -12.076 -0.050
85 209 -12.730 -0.040
85 210 -12.049 -0.030
85 211 -11.902 0.000
85 212 -8.367 -0.030
85 213 -6.712 0.000
85 214 -3.150 0.040
85 215 -1.249 -0.050
85 216 2.395 0.070
85 217 4.631 0.070
85 218 8.427 0.060
85 219 10.522 0.130
85 220 14.426 0.140
85 221 16.459 0.140
85 222 20.173 0.150
85 223 22.763 0.170
85 224 26.782 0.170
85 225 29.159 0.220
85 226 33.204 0.230
85 227 35.806 0.230
85 228 39.858 0.240
85 229 42.764 0.230
85 230 47.356 0.240
85 231 50.211 0.250
85 232 54.831 0.250
85 233 58.240 0.250
85 234 62.862 0.250
85 235 66.664 0.270
85 236 71.723 0.270
85 237 75.535 0.270
85 238 80.291 0.260
85 239 84.587 0.250
85 240 89.936 0.250
85 241 94.470 0.260
85 242 99.426 0.230
85 243 104.188 0.240
85 244 110.089 0.240
85 245 114.373 0.240
85 246 120.183 0.210
85 247 125.127 0.210
85 248 130.622 0.190
85 249 136.047 0.190
85 250 142.166 -0.140
85 251 147.140 -0.140
85 252 152.750 -0.150
85 253 158.059 -0.150
85 254 164.462 0.100
85 255 169.524 -0.130
85 256 176.049 0.090
85 257 180.911 -0.130
85 258 187.392 0.080
85 259 193.158 -0.070
85 260 199.624 0.050
85 261 205.112 -0.070
85 262 212.486 0.000
85 263 217.604 -0.040
85 264 224.264 -0.040
85 265 230.256 0.000
85 266 236.860 0.000
85 267 242.793 0.000
85 268 249.820 0.000
85 269 255.736 0.000
85 270 264.309 0.000
85 271 271.842 0.000
85 272 281.300 0.000
85 273 288.330 0.000
85 274 297.333 0.000
85 275 305.096 0.000
85 276 313.784 0.000
85 277 322.102 0.000
85 278 330.703 0.000
85 279 338.952 0.090
85 280 347.390 0.100
86 178 58.132 0.200
86 179 54.336 0.210
86 180 48.861 0.210
86 181 45.814 0.300
86 182 40.331 0.290
86 183 37.322 0.310
86 184 32.845 0.320
86 185 30.109 0.320
86 186 25.810 0.330
86 187 23.745 0.320
86 188 19.575 0.310
86 189 17.513 0.320
86 190 14.012 0.310
86 191 12.502 0.320
86 192 9.355 0.300
86 193 8.421 0.270
86 194 5.347 0.240
86 195 4.441 0.230
86 196 2.035 0.200
86 197 1.196 -0.190
86 198 -1.240 -0.200
86 199 -1.739 -0.180
86 200 -3.887 -0.170
86 201 -4.076 -0.180
86 202 -5.944 -0.160
86 203 -5.927 0.080
86 204 -7.730 -0.100
86 205 -7.685 -0.080
86 206 -8.806 -0.090
86 207 -8.369 0.070
86 208 -9.500 -0.080
86 209 -8.675 0.050
86 210 -9.614 0.040
86 211 -9.076 0.030
86 212 -8.887 0.000
86 213 -5.786 -0.030
86 214 -4.764 0.030
86 215 -0.878 0.040
86 216 0.306 0.040
86 217 3.945 0.070
86 218 5.705 0.100
86 219 9.149 0.110
86 220 10.848 0.130
86 221 14.430 0.150
86 222 16.231 0.160
86 223 19.862 0.170
86 224 21.830 0.180
86 225 25.808 0.170
86 226 27.848 0.200
86 227 31.764 0.210
86 228 34.410 0.210
86 229 38.213 0.230
86 230 40.939 0.220
86 231 45.449 0.230
86 232 48.322 0.260
86 233 52.414 0.250
86 234 55.701 0.260
86 235 60.109 0.250
86 236 63.719 0.260
86 237 68.846 0.260
86 238 71.929 0.260
86 239 76.720 0.260
86 240 80.725 0.250
86 241 86.074 0.240
86 242 90.194 0.250
86 243 95.579 0.250
86 244 99.797 0.250
86 245 105.461 0.190
86 246 109.771 0.230
86 247 115.458 0.200
86 248 120.000 0.210
86 249 125.564 0.180
86 250 130.451 0.180
86 251 136.525 0.170
86 252 141.068 0.150
86 253 147.612 -0.130
86 254 152.155 0.130
86 255 158.294 0.110
86 256 163.366 -0.110
86 257 169.669 -0.070
86 258 174.697 -0.100
86 259 180.793 -0.090
86 260 186.083 -0.090
86 261 192.835 0.060
86 262 198.149 -0.070
86 263 204.604 0.050
86 264 210.832 0.000
86 265 216.670 -0.050
86 266 222.780 0.000
86 267 229.255 0.000
86 268 235.064 0.000
86 269 241.958 0.000
86 270 247.769 0.000
86 271 256.552 0.000
86 272 263.565 0.000
86 273 273.146 0.000
86 274 279.729 0.000
86 275 288.919 0.000
86 276 296.171 0.000
86 277 304.709 0.000
86 278 312.836 0.000
86 279 321.486 0.000
86 280 329.090 0.100
86 281 337.645 0.100
86 282 345.408 0.110
87 188 33.432 0.340
87 189 28.851 0.340
87 190 26.627 0.340
87 191 23.047 0.340
87 192 21.165 0.320
87 193 17.638 0.310
87 194 16.788 0.320
87 195 13.510 0.280
87 196 12.390 0.280
87 197 9.676 0.240
87 198 8.640 0.200
87 199 6.556 0.200
87 200 5.718 0.170
87 201 3.442 0.150
87 202 2.925 0.130
87 203 0.789 -0.180
87 204 0.694 -0.120
87 205 -1.016 -0.120
87 206 -1.107 -0.110
87 207 -2.561 -0.090
87 208 -2.323 0.070
87 209 -3.723 0.060
87 210 -2.954 0.060
87 211 -4.306 0.040
87 212 -3.886 0.030
87 213 -3.891 0.000
87 214 -0.880 0.030
87 215 0.092 0.030
87 216 3.299 0.040
87 217 4.183 0.040
87 218 7.696 0.070
87 219 9.054 0.120
87 220 12.165 0.140
87 221 13.384 0.140
87 222 16.659 0.170
87 223 18.138 0.170
87 224 21.367 0.180
87 225 23.273 0.190
87 226 26.939 0.190
87 227 28.878 0.220
87 228 32.401 0.210
87 229 34.522 0.210
87 230 38.425 0.220
87 231 41.058 0.230
87 232 45.189 0.240
87 233 47.677 0.240
87 234 51.660 0.260
87 235 54.758 0.240
87 236 59.235 0.260
87 237 62.282 0.260
87 238 67.053 0.260
87 239 70.328 0.270
87 240 74.886 0.270
87 241 78.759 0.260
87 242 83.820 0.250
87 243 88.252 0.260
87 244 92.927 0.230
87 245 97.081 0.240
87 246 102.638 0.250
87 247 106.571 0.230
87 248 112.142 0.230
87 249 116.768 0.190
87 250 122.302 0.190
87 251 126.872 0.170
87 252 132.800 0.160
87 253 137.482 0.150
87 254 143.115 0.140
87 255 148.162 0.140
87 256 154.081 -0.100
87 257 159.040 0.120
87 258 164.923 -0.090
87 259 169.894 -0.110
87 260 175.988 -0.090
87 261 181.114 -0.080
87 262 187.365 0.070
87 263 192.733 -0.060
87 264 199.138 0.040
87 265 204.218 -0.070
87 266 211.108 0.000
87 267 216.683 0.000
87 268 223.025 0.000
87 269 228.708 0.000
87 270 235.469 0.000
87 271 241.172 0.000
87 272 249.691 0.000
87 273 256.641 0.000
87 274 266.315 0.000
87 275 272.475 0.000
87 276 280.998 0.000
87 277 288.582 0.000
87 278 296.968 0.000
87 279 304.894 0.000
87 280 313.175 0.000
87 281 320.652 0.090
87 282 329.126 0.110
87 283 336.654 0.120
87 284 344.144 0.120
88 190 37.416 0.350
88 191 34.967 0.330
88 192 31.043 0.340
88 193 28.930 0.340
88 194 25.312 0.310
88 195 23.698 0.300
88 196 20.460 0.300
88 197 19.332 0.290
88 198 16.130 0.220
88 199 14.892 0.200
88 200 12.713 0.170
88 201 11.683 0.190
88 202 9.219 0.170
88 203 8.606 0.150
88 204 6.529 -0.140
88 205 6.221 -0.180
88 206 3.926 -0.140
88 207 3.706 -0.100
88 208 2.139 -0.100
88 209 2.219 -0.100
88 210 0.653 -0.090
88 211 1.293 0.060
88 212 -0.028 0.050
88 213 0.196 0.030
88 214 0.042 0.000
88 215 2.702 -0.030
88 216 3.094 0.030
88 217 6.270 -0.060
88 218 7.152 0.060
88 219 10.105 0.100
88 220 11.014 0.120
88 221 13.810 0.150
88 222 14.729 0.150
88 223 17.651 0.170
88 224 19.054 0.170
88 225 21.843 0.200
88 226 23.521 0.200
88 227 26.823 0.200
88 228 28.770 0.230
88 229 31.965 0.220
88 230 34.054 0.230
88 231 37.523 0.230
88 232 40.042 0.250
88 233 44.045 0.240
88 234 46.251 0.240
88 235 50.284 0.250
88 236 53.052 0.260
88 237 57.271 0.260
88 238 60.304 0.250
88 239 64.937 0.270
88 240 68.016 0.270
88 241 72.470 0.260
88 242 76.117 0.260
88 243 80.874 0.240
88 244 84.657 0.250
88 245 89.722 0.240
88 246 93.549 0.230
88 247 98.950 0.190
88 248 102.907 0.240
88 249 107.949 0.210
88 250 112.329 0.210
88 251 117.389 0.190
88 252 122.198 0.180
88 253 127.893 0.160
88 254 132.311 0.160
88 255 137.809 0.150
88 256 142.770 0.140
88 257 148.376 0.120
88 258 153.329 0.120
88 259 159.139 -0.090
88 260 164.058 -0.090
88 261 169.893 -0.090
88 262 174.823 -0.080
88 263 181.021 0.070
88 264 186.131 -0.080
88 265 192.490 0.060
88 266 197.663 -0.070
88 267 203.931 -0.050
88 268 210.004 0.000
88 269 216.219 0.000
88 270 221.778 0.000
88 271 228.413 0.000
88 272 234.008 0.000
88 273 242.893 0.000
88 274 249.148 0.000
88 275 257.716 0.000
88 276 264.665 0.000
88 277 273.028 0.000
88 278 280.435 0.000
88 279 288.667 0.000
88 280 295.980 0.050
88 281 304.370 0.060
88 282 311.377 0.110
88 283 319.280 0.120
88 284 326.850 0.140
88 285 333.972 0.150
88 286 342.198 0.150
89 192 44.612 0.340
89 193 40.389 0.340
89 194 38.304 0.340
89 195 34.390 0.330
89 196 32.940 0.300
89 197 29.536 0.310
89 198 27.741 0.270
89 199 24.878 0.270
89 200 23.627 0.230
89 201 20.876 0.200
89 202 19.680 0.180
89 203 17.435 0.170
89 204 16.251 0.160
89 205 14.018 0.150
89 206 13.743 -0.180
89 207 11.252 -0.150
89 208 10.812 -0.130
89 209 9.009 -0.120
89 210 8.890 -0.110
89 211 7.222 -0.100
89 212 7.490 0.070
89 213 6.234 0.050
89 214 6.209 0.030
89 215 5.750 0.000
89 216 8.224 -0.030
89 217 8.512 0.030
89 218 11.345 -0.050
89 219 11.984 0.060
89 220 14.575 0.110
89 221 15.168 0.130
89 222 17.586 0.170
89 223 18.270 0.170
89 224 21.037 0.170
89 225 21.798 0.200
89 226 24.648 0.210
89 227 25.657 0.220
89 228 28.681 0.240
89 229 30.382 0.230
89 230 33.684 0.230
89 231 35.345 0.250
89 232 38.654 0.240
89 233 40.826 0.250
89 234 44.456 0.240
89 235 46.670 0.260
89 236 50.294 0.260
89 237 53.162 0.250
89 238 57.224 0.260
89 239 59.994 0.250
89 240 64.435 0.270
89 241 67.336 0.270
89 242 71.451 0.270
89 243 74.835 0.270
89 244 79.449 0.240
89 245 83.158 0.250
89 246 87.873 0.230
89 247 91.730 0.240
89 248 96.706 0.200
89 249 100.738 0.220
89 250 105.701 0.210
89 251 109.897 0.220
89 252 115.297 0.190
89 253 119.474 0.180
89 254 124.595 0.180
89 255 129.494 0.180
89 256 134.868 0.160
89 257 138.967 0.140
89 258 144.646 0.130
89 259 149.665 0.110
89 260 155.235 -0.090
89 261 160.293 -0.090
89 262 165.681 -0.080
89 263 170.759 -0.090
89 264 176.580 0.070
89 265 181.583 -0.070
89 266 187.620 -0.070
89 267 192.756 -0.060
89 268 199.037 -0.050
89 269 204.712 0.000
89 270 210.796 0.000
89 271 216.229 0.000
89 272 222.739 0.000
89 273 228.225 0.000
89 274 236.982 0.000
89 275 243.016 0.000
89 276 251.446 0.000
89 277 258.182 0.000
89 278 266.410 0.000
89 279 273.619 0.000
89 280 281.696 0.000
89 281 288.724 0.050
89 282 297.223 0.000
89 283 304.171 0.110
89 284 311.834 0.130
89 285 319.154 0.130
89 286 326.459 0.160
89 287 334.487 0.160
89 288 341.594 0.150
90 194 49.435 0.340
90 195 46.938 0.340
90 196 42.824 0.320
90 197 40.949 0.320
90 198 37.010 0.300
90 199 35.306 0.280
90 200 31.686 0.250
90 201 30.570 0.230
90 202 27.424 0.210
90 203 26.226 0.200
90 204 23.649 0.180
90 205 23.010 0.170
90 206 20.304 0.160
90 207 19.899 0.140
90 208 17.247 -0.150
90 209 16.519 -0.120
90 210 14.540 -0.110
90 211 14.260 -0.110
90 212 12.438 -0.100
90 213 12.768 -0.090
90 214 11.052 0.060
90 215 11.003 0.030
90 216 10.509 0.000
90 217 12.693 -0.040
90 218 12.425 0.050
90 219 15.165 -0.060
90 220 15.365 0.090
90 221 17.681 0.120
90 222 17.966 0.150
90 223 20.089 0.200
90 224 20.617 0.170
90 225 22.930 0.190
90 226 23.619 0.200
90 227 25.891 0.220
90 228 27.036 0.210
90 229 29.939 0.210
90 230 31.003 0.250
90 231 34.060 0.240
90 232 35.437 0.250
90 233 38.400 0.250
90 234 40.790 0.270
90 235 44.122 0.250
90 236 46.158 0.270
90 237 49.573 0.270
90 238 52.183 0.250
90 239 56.095 0.260
90 240 58.609 0.270
90 241 62.827 0.260
90 242 65.517 0.280
90 243 69.668 0.260
90 244 73.094 0.270
90 245 77.299 0.250
90 246 80.888 0.240
90 247 85.251 0.240
90 248 89.146 0.240
90 249 94.035 0.200
90 250 97.892 0.230
90 251 102.685 0.210
90 252 106.621 0.210
90 253 111.707 0.190
90 254 115.635 0.190
90 255 121.298 0.180
90 256 125.167 0.170
90 257 130.028 0.160
90 258 134.933 0.150
90 259 140.066 0.130
90 260 144.730 0.130
90 261 150.204 0.120
90 262 155.404 -0.110
90 263 160.976 -0.100
90 264 165.526 -0.080
90 265 171.366 0.070
90 266 176.207 -0.070
90 267 182.199 0.050
90 268 186.985 -0.060
90 269 193.123 -0.050
90 270 198.773 0.000
90 271 204.730 0.000
90 272 210.041 0.000
90 273 216.432 0.000
90 274 221.808 0.000
90 275 230.437 0.000
90 276 236.254 0.000
90 277 244.547 0.000
90 278 251.073 0.000
90 279 259.156 0.000
90 280 266.173 0.000
90 281 274.100 0.000
90 282 281.487 0.000
90 283 289.169 0.100
90 284 296.032 0.120
90 285 303.396 0.110
90 286 310.548 0.150
90 287 317.848 0.160
90 288 325.076 0.170
90 289 332.655 0.160
90 290 339.830 0.190
90 291 347.223 0.190
90 292 354.770 0.210
90 293 362.566 0.210
90 294 370.002 0.210
90 295 377.772 0.210
90 296 385.405 0.210
90 297 393.239 0.210
90 298 401.245 0.220
90 299 409.125 0.220
90 300 417.090 0.230
90 301 425.083 0.230
90 302 433.558 0.230
90 303 440.890 0.230
90 304 450.315 0.230
91 196 57.713 0.360
91 197 52.838 0.350
91 198 51.010 0.330
91 199 46.771 0.340
91 200 44.646 0.270
91 201 40.964 0.260
91 202 39.756 0.220
91 203 36.471 0.210
91 204 34.966 0.210
91 205 32.222 0.190
91 206 31.085 0.180
91 207 28.428 0.170
91 208 28.184 0.140
91 209 25.324 0.140
91 210 24.892 0.120
91 211 22.312 -0.110
91 212 21.556 -0.120
91 213 19.685 -0.090
91 214 19.662 0.080
91 215 17.818 0.040
91 216 17.505 0.040
91 217 16.944 0.000
91 218 18.838 -0.040
91 219 18.253 0.040
91 220 20.709 -0.060
91 221 20.788 0.080
91 222 23.050 0.100
91 223 22.902 0.150
91 224 24.820 0.170
91 225 25.079 0.170
91 226 27.084 0.240
91 227 27.493 0.200
91 228 30.266 0.210
91 229 30.425 0.210
91 230 32.716 0.220
91 231 33.980 0.260
91 232 36.297 0.260
91 233 37.777 0.240
91 234 40.724 0.270
91 235 42.414 0.270
91 236 45.576 0.250
91 237 47.758 0.280
91 238 51.031 0.270
91 239 53.273 0.260
91 240 57.047 0.290
91 241 59.331 0.270
91 242 63.399 0.260
91 243 66.008 0.270
91 244 70.073 0.270
91 245 73.081 0.270
91 246 76.935 0.250
91 247 80.351 0.250
91 248 84.723 0.250
91 249 88.193 0.250
91 250 93.236 0.250
91 251 96.439 0.230
91 252 101.344 0.220
91 253 105.069 0.210
91 254 110.089 0.200
91 255 113.902 0.190
91 256 118.852 0.190
91 257 122.939 0.180
91 258 127.934 0.160
91 259 132.436 0.150
91 260 137.774 0.140
91 261 142.064 0.140
91 262 147.374 0.130
91 263 152.430 -0.120
91 264 157.440 -0.090
91 265 162.124 -0.090
91 266 167.579 0.070
91 267 172.417 0.060
91 268 177.997 -0.070
91 269 182.965 0.060
91 270 188.848 -0.050
91 271 194.431 0.000
91 272 200.259 0.000
91 273 205.446 0.000
91 274 211.720 0.000
91 275 216.988 0.000
91 276 225.488 0.000
91 277 231.059 0.000
91 278 239.211 0.000
91 279 245.506 0.000
91 280 253.439 0.000
91 281 260.241 0.000
91 282 268.008 0.000
91 283 274.523 0.040
91 284 282.862 0.000
91 285 289.284 0.090
91 286 296.893 0.150
91 287 303.403 0.150
91 288 310.768 0.160
91 289 317.848 0.180
91 290 324.754 0.190
91 291 332.052 0.200
91 292 339.289 0.210
91 293 346.615 0.200
91 294 353.913 0.220
91 295 361.233 0.220
91 296 369.014 0.210
91 297 376.524 0.230
91 298 384.313 0.230
91 299 391.701 0.230
91 300 400.026 0.230
91 301 407.592 0.230
91 302 414.926 0.230
91 303 423.863 0.240
91 304 431.057 0.250
91 305 440.000 0.240
91 306 448.543 0.240
91 307 456.540 0.250
91 308 465.227 0.240
92 198 62.073 0.340
92 199 59.605 0.330
92 200 55.694 0.340
92 201 52.797 0.290
92 202 49.356 0.270
92 203 47.525 0.250
92 204 44.132 0.230
92 205 42.476 0.220
92 206 39.465 0.200
92 207 38.050 0.190
92 208 35.397 0.180
92 209 34.696 0.160
92 210 31.722 0.150
92 211 31.114 0.130
92 212 28.600 -0.110
92 213 28.025 -0.100
92 214 25.761 -0.090
92 215 25.659 0.060
92 216 23.618 0.060
92 217 23.284 0.030
92 218 22.449 0.000
92 219 24.187 -0.050
92 220 23.339 0.040
92 221 25.500 -0.060
92 222 25.202 0.090
92 223 26.418 0.190
92 224 26.528 0.170
92 225 27.597 0.210
92 226 28.118 0.200
92 227 29.565 0.240
92 228 29.879 0.210
92 229 31.945 0.240
92 230 32.210 0.240
92 231 34.465 0.250
92 232 35.114 0.260
92 233 37.422 0.270
92 234 38.720 0.270
92 235 41.219 0.260
92 236 43.003 0.270
92 237 45.608 0.280
92 238 47.807 0.270
92 239 51.008 0.260
92 240 53.091 0.280
92 241 56.642 0.270
92 242 58.875 0.260
92 243 62.846 0.270
92 244 64.962 0.280
92 245 68.891 0.270
92 246 71.745 0.260
92 247 75.818 0.270
92 248 78.863 0.250
92 249 83.149 0.250
92 250 86.294 0.250
92 251 90.816 0.220
92 252 94.167 0.230
92 253 98.908 0.230
92 254 102.477 0.220
92 255 107.216 0.210
92 256 111.206 0.210
92 257 115.843 0.190
92 258 120.138 0.170
92 259 124.747 0.180
92 260 128.954 0.160
92 261 134.154 0.140
92 262 138.565 0.150
92 263 143.521 0.130
92 264 148.139 0.120
92 265 153.430 -0.090
92 266 157.993 -0.090
92 267 163.376 0.070
92 268 167.701 -0.090
92 269 173.512 0.050
92 270 178.281 -0.070
92 271 184.251 0.000
92 272 189.175 0.000
92 273 194.882 0.000
92 274 199.948 0.000
92 275 206.110 0.000
92 276 211.270 0.000
92 277 219.637 0.000
92 278 224.977 0.000
92 279 232.990 0.000
92 280 239.064 0.000
92 281 246.851 0.000
92 282 253.437 0.000
92 283 261.057 0.000
92 284 268.079 0.000
92 285 275.570 0.000
92 286 281.885 0.110
92 287 289.148 0.150
92 288 295.686 0.160
92 289 303.115 0.170
92 290 309.578 0.200
92 291 316.709 0.210
92 292 323.365 0.200
92 293 330.325 0.210
92 294 337.702 0.210
92 295 345.187 0.220
92 296 352.273 0.220
92 297 359.441 0.230
92 298 366.907 0.230
92 299 374.509 0.230
92 300 381.997 0.230
92 301 390.066 0.240
92 302 397.361 0.230
92 303 405.192 0.240
92 304 413.228 0.250
92 305 421.184 0.240
92 306 429.516 0.240
92 307 437.400 0.240
92 308 445.519 0.250
92 309 454.229 0.240
92 310 461.947 0.230
93 200 70.333 0.340
93 201 65.596 0.320
93 202 63.710 0.360
93 203 60.079 0.380
93 204 57.146 0.280
93 205 53.529 0.250
93 206 51.598 0.240
93 207 48.733 0.220
93 208 47.513 0.200
93 209 44.396 0.190
93 210 43.392 0.170
93 211 40.434 0.160
93 212 39.726 0.120
93 213 36.608 -0.130
93 214 35.814 -0.110
93 215 33.644 -0.080
93 216 33.173 0.070
93 217 31.091 -0.070
93 218 31.387 0.000
93 219 29.702 0.000
93 220 31.084 -0.040
93 221 30.100 -0.050
93 222 31.853 -0.070
93 223 31.173 0.080
93 224 32.511 0.170
93 225 32.101 0.170
93 226 33.221 0.210
93 227 32.973 0.210
93 228 34.238 0.250
93 229 34.553 0.230
93 230 35.914 0.240
93 231 36.226 0.260
93 232 38.253 0.260
93 233 38.511 0.260
93 234 40.517 0.260
93 235 41.510 0.260
93 236 43.688 0.280
93 237 45.122 0.270
93 238 47.708 0.280
93 239 49.640 0.280
93 240 52.758 0.270
93 241 54.657 0.280
93 242 57.665 0.280
93 243 60.037 0.280
93 244 63.725 0.280
93 245 65.973 0.270
93 246 69.726 0.280
93 247 72.507 0.280
93 248 76.060 0.260
93 249 79.271 0.260
93 250 83.081 0.250
93 251 86.163 0.250
93 252 90.355 0.220
93 253 93.858 0.230
93 254 98.240 0.230
93 255 101.853 0.230
93 256 106.703 0.210
93 257 110.100 0.220
93 258 114.711 0.200
93 259 118.454 0.190
93 260 123.822 0.180
93 261 127.506 0.170
93 262 132.996 0.170
93 263 136.727 0.130
93 264 141.860 -0.110
93 265 146.134 -0.110
93 266 151.173 -0.100
93 267 155.455 -0.100
93 268 160.518 -0.090
93 269 165.198 -0.080
93 270 170.301 -0.070
93 271 175.133 -0.070
93 272 180.986 -0.050
93 273 185.737 -0.050
93 274 192.060 0.000
93 275 196.966 0.000
93 276 202.988 0.000
93 277 207.984 0.000
93 278 216.183 0.000
93 279 221.357 0.000
93 280 229.205 0.000
93 281 235.111 0.000
93 282 242.734 0.000
93 283 249.161 0.000
93 284 256.597 0.000
93 285 262.728 0.090
93 286 270.240 0.090
93 287 276.527 0.140
93 288 283.405 0.210
93 289 289.697 0.170
93 290 296.247 0.240
93 291 303.461 0.180
93 292 309.633 0.240
93 293 316.855 0.220
93 294 323.672 0.220
93 295 330.750 0.220
93 296 338.034 0.230
93 297 344.810 0.230
93 298 351.890 0.230
93 299 359.329 0.230
93 300 366.640 0.230
93 301 374.008 0.240
93 302 381.805 0.240
93 303 389.134 0.250
93 304 396.877 0.250
93 305 404.554 0.240
93 306 412.451 0.240
93 307 420.245 0.240
93 308 428.277 0.240
93 309 436.333 0.240
93 310 444.518 0.240
93 311 452.415 0.240
93 312 460.891 0.240
93 313 469.019 0.240
93 314 477.319 0.240
93 315 485.840 0.230
93 316 494.307 0.230
93 317 502.537 0.230
93 318 511.281 0.220
93 319 520.150 0.220
93 320 528.519 0.220
94 202 75.254 0.340
94 203 72.458 0.290
94 204 68.052 0.290
94 205 66.069 0.260
94 206 62.038 0.250
94 207 60.268 0.240
94 208 56.980 0.220
94 209 55.373 0.190
94 210 51.908 0.190
94 211 50.817 0.180
94 212 47.636 0.170
94 213 46.565 0.140
94 214 43.952 -0.120
94 215 42.872 -0.120
94 216 40.317 -0.100
94 217 39.984 0.070
94 218 37.514 0.060
94 219 37.625 0.000
94 220 35.770 0.000
94 221 38.063 0.000
94 222 35.452 0.050
94 223 37.281 -0.060
94 224 36.427 0.080
94 225 36.931 0.180
94 226 36.756 0.150
94 227 37.271 0.210
94 228 36.864 0.230
94 229 37.404 0.250
94 230 37.515 0.270
94 231 39.095 0.250
94 232 38.850 0.260
94 233 40.290 0.280
94 234 40.872 0.270
94 235 42.498 0.280
94 236 43.387 0.280
94 237 45.431 0.280
94 238 46.577 0.290
94 239 48.771 0.280
94 240 50.262 0.290
94 241 53.155 0.290
94 242 54.800 0.280
94 243 57.969 0.290
94 244 59.681 0.270
94 245 63.277 0.280
94 246 65.353 0.270
94 247 68.881 0.290
94 248 71.447 0.270
94 249 75.258 0.260
94 250 77.930 0.260
94 251 81.811 0.260
94 252 84.813 0.250
94 253 88.894 0.250
94 254 92.132 0.240
94 255 96.468 0.240
94 256 100.064 0.230
94 257 104.726 0.230
94 258 107.859 0.210
94 259 112.441 0.210
94 260 116.089 0.190
94 261 120.824 0.180
94 262 124.898 0.160
94 263 129.833 0.150
94 264 133.771 0.150
94 265 138.652 0.140
94 266 142.738 -0.130
94 267 147.921 -0.120
94 268 151.847 -0.110
94 269 157.097 -0.100
94 270 161.345 -0.080
94 271 166.860 0.050
94 272 171.174 -0.070
94 273 177.204 0.000
94 274 181.861 0.000
94 275 187.302 0.000
94 276 192.099 0.000
94 277 198.024 0.000
94 278 202.918 0.000
94 279 210.990 0.000
94 280 215.988 0.000
94 281 223.708 0.000
94 282 229.441 0.000
94 283 236.935 0.000
94 284 243.190 0.000
94 285 250.501 0.000
94 286 256.481 0.030
94 287 264.400 0.000
94 288 269.777 0.170
94 289 276.497 0.190
94 290 282.945 0.190
94 291 289.003 0.220
94 292 295.760 0.210
94 293 302.220 0.240
94 294 308.902 0.230
94 295 315.719 0.230
94 296 322.765 0.230
94 297 329.508 0.240
94 298 336.379 0.230
94 299 343.422 0.240
94 300 350.490 0.240
94 301 357.631 0.240
94 302 365.324 0.240
94 303 372.724 0.250
94 304 379.927 0.250
94 305 387.562 0.250
94 306 395.033 0.240
94 307 402.622 0.250
94 308 410.477 0.250
94 309 418.372 0.250
94 310 426.097 0.250
94 311 434.328 0.250
94 312 441.934 0.240
94 313 450.323 0.250
94 314 458.314 0.240
94 315 466.646 0.240
94 316 474.793 0.240
94 317 483.272 0.240
94 318 491.830 0.230
94 319 500.488 0.230
94 320 508.636 0.220
94 321 517.312 0.220
94 322 525.645 0.210
95 212 60.371 0.200
95 213 56.989 0.180
95 214 55.941 -0.150
95 215 53.042 -0.130
95 216 51.210 -0.130
95 217 48.591 -0.100
95 218 48.377 0.090
95 219 45.453 0.070
95 220 45.615 0.000
95 221 43.546 0.000
95 222 45.631 0.000
95 223 42.972 0.050
95 224 44.764 0.070
95 225 43.024 0.070
95 226 43.516 0.180
95 227 43.006 0.220
95 228 43.155 0.220
95 229 42.784 0.220
95 230 43.212 0.250
95 231 43.233 0.260
95 232 44.085 0.250
95 233 43.997 0.240
95 234 45.279 0.280
95 235 45.048 0.300
95 236 46.855 0.300
95 237 47.377 0.290
95 238 49.253 0.300
95 239 49.970 0.260
95 240 52.014 0.290
95 241 53.431 0.290
95 242 55.788 0.300
95 243 57.286 0.300
95 244 60.110 0.300
95 245 61.920 0.300
95 246 65.148 0.280
95 247 67.229 0.280
95 248 70.492 0.250
95 249 72.676 0.270
95 250 76.508 0.260
95 251 79.136 0.260
95 252 82.697 0.260
95 253 85.468 0.260
95 254 89.470 0.260
95 255 92.229 0.250
95 256 96.486 0.250
95 257 99.805 0.240
95 258 104.329 0.230
95 259 107.594 0.220
95 260 111.891 0.210
95 261 115.607 0.200
95 262 120.046 0.180
95 263 123.969 0.170
95 264 129.308 -0.130
95 265 132.996 -0.150
95 266 137.722 -0.110
95 267 141.345 -0.120
95 268 146.102 -0.110
95 269 149.949 -0.100
95 270 155.161 -0.110
95 271 159.282 -0.100
95 272 164.485 -0.090
95 273 168.953 -0.080
95 274 174.544 -0.040
95 275 179.153 0.040
95 276 184.944 0.000
95 277 189.588 0.000
95 278 195.380 0.000
95 279 200.121 0.000
95 280 208.032 0.000
95 281 212.860 0.000
95 282 220.421 0.000
95 283 225.985 0.000
95 284 233.321 0.000
95 285 239.404 0.000
95 286 246.564 0.000
95 287 252.508 0.090
95 288 259.205 0.230
95 289 264.728 0.170
95 290 271.498 0.220
95 291 277.350 0.210
95 292 283.242 0.230
95 293 290.056 0.230
95 294 296.191 0.250
95 295 303.359 0.220
95 296 309.565 0.230
95 297 316.389 0.240
95 298 322.862 0.240
95 299 329.837 0.240
95 300 336.886 0.250
95 301 343.714 0.240
95 302 351.370 0.260
95 303 357.876 0.250
95 304 365.536 0.250
95 305 372.263 0.250
95 306 380.116 0.260
95 307 387.146 0.250
95 308 395.113 0.250
95 309 401.996 0.250
95 310 410.417 0.250
95 311 417.789 0.260
95 312 426.263 0.250
95 313 433.597 0.250
95 314 441.531 0.250
95 315 449.306 0.240
95 316 457.348 0.250
95 317 465.696 0.240
95 318 473.602 0.240
95 319 482.054 0.240
95 320 490.366 0.230
95 321 498.641 0.230
95 322 507.404 0.220
95 323 515.602 0.210
95 324 523.841 0.210
96 214 65.108 0.180
96 215 63.745 -0.170
96 216 60.688 -0.140
96 217 59.096 -0.130
96 218 56.189 -0.110
96 219 55.006 -0.100
96 220 52.634 0.060
96 221 52.620 0.000
96 222 50.367 0.000
96 223 52.098 0.000
96 224 48.882 0.050
96 225 50.121 -0.070
96 226 48.983 0.070
96 227 48.649 0.180
96 228 47.778 0.200
96 229 47.743 0.220
96 230 47.093 0.220
96 231 47.621 0.240
96 232 46.799 0.260
96 233 47.520 0.280
96 234 47.328 0.270
96 235 48.164 0.290
96 236 48.453 0.270
96 237 49.683 0.300
96 238 49.934 0.280
96 239 51.457 0.280
96 240 52.125 0.270
96 241 54.075 0.290
96 242 55.259 0.280
96 243 57.409 0.290
96 244 58.536 0.280
96 245 61.215 0.290
96 246 62.694 0.300
96 247 66.021 0.280
96 248 67.576 0.290
96 249 70.810 0.280
96 250 72.971 0.280
96 251 76.334 0.270
96 252 78.962 0.270
96 253 82.540 0.270
96 254 85.010 0.260
96 255 89.235 0.270
96 256 91.708 0.250
96 257 95.357 0.240
96 258 98.797 0.240
96 259 103.285 0.240
96 260 106.200 0.210
96 261 110.400 0.210
96 262 113.987 0.210
96 263 118.272 0.190
96 264 122.131 0.190
96 265 127.069 0.160
96 266 130.860 -0.150
96 267 135.124 -0.130
96 268 138.756 -0.140
96 269 143.735 -0.120
96 270 147.254 -0.120
96 271 152.286 -0.110
96 272 156.263 -0.090
96 273 161.536 -0.070
96 274 165.886 -0.070
96 275 171.257 -0.050
96 276 176.159 0.000
96 277 181.337 0.000
96 278 185.865 0.000
96 279 191.554 0.000
96 280 196.185 0.000
96 281 203.958 0.000
96 282 208.596 0.000
96 283 216.019 0.000
96 284 221.400 0.000
96 285 228.597 0.000
96 286 234.497 0.000
96 287 241.515 0.000
96 288 247.007 0.170
96 289 252.501 0.230
96 290 258.575 0.230
96 291 265.169 0.250
96 292 270.909 0.230
96 293 276.722 0.230
96 294 283.169 0.220
96 295 289.157 0.240
96 296 295.974 0.230
96 297 302.033 0.260
96 298 309.053 0.230
96 299 315.392 0.260
96 300 322.342 0.250
96 301 329.016 0.260
96 302 335.733 0.240
96 303 342.860 0.250
96 304 349.670 0.260
96 305 357.098 0.250
96 306 363.794 0.250
96 307 371.307 0.260
96 308 378.528 0.250
96 309 385.950 0.250
96 310 393.400 0.250
96 311 401.073 0.250
96 312 408.479 0.250
96 313 416.010 0.250
96 314 423.933 0.250
96 315 431.953 0.270
96 316 439.753 0.240
96 317 447.708 0.240
96 318 455.642 0.250
96 319 463.508 0.250
96 320 471.721 0.240
96 321 479.980 0.230
96 322 488.513 0.230
96 323 496.638 0.230
96 324 505.233 0.230
96 325 512.999 0.220
96 326 522.024 0.210
97 216 73.492 0.160
97 217 70.427 -0.120
97 218 68.478 -0.120
97 219 65.551 -0.120
97 220 64.277 -0.110
97 221 61.539 0.050
97 222 61.112 0.000
97 223 58.639 0.000
97 224 60.118 0.000
97 225 56.992 0.040
97 226 57.737 -0.070
97 227 56.299 0.130
97 228 55.655 0.290
97 229 54.654 0.250
97 230 54.335 0.290
97 231 53.399 0.240
97 232 53.496 0.240
97 233 52.960 0.270
97 234 53.529 0.270
97 235 53.108 0.280
97 236 53.548 0.290
97 237 53.504 0.280
97 238 54.506 0.280
97 239 54.789 0.280
97 240 56.399 0.280
97 241 56.510 0.300
97 242 58.183 0.270
97 243 58.857 0.270
97 244 61.034 0.260
97 245 62.100 0.300
97 246 64.385 0.280
97 247 65.654 0.280
97 248 68.409 0.290
97 249 69.968 0.280
97 250 73.024 0.280
97 251 75.058 0.280
97 252 78.199 0.280
97 253 80.568 0.280
97 254 83.863 0.270
97 255 86.523 0.260
97 256 90.318 0.270
97 257 92.780 0.250
97 258 96.454 0.260
97 259 99.569 0.250
97 260 103.672 0.230
97 261 106.463 0.220
97 262 110.739 0.210
97 263 113.806 0.200
97 264 118.056 0.200
97 265 122.108 0.190
97 266 126.588 0.160
97 267 130.195 0.170
97 268 134.706 -0.130
97 269 138.200 -0.140
97 270 142.868 -0.130
97 271 146.579 -0.130
97 272 151.328 -0.120
97 273 155.079 -0.100
97 274 160.084 -0.080
97 275 164.124 -0.080
97 276 169.515 -0.070
97 277 174.087 -0.050
97 278 179.533 0.000
97 279 183.914 0.000
97 280 189.474 0.000
97 281 193.959 0.000
97 282 201.572 0.000
97 283 206.037 0.000
97 284 213.303 0.000
97 285 218.512 0.000
97 286 225.554 0.000
97 287 231.280 0.000
97 288 238.141 0.000
97 289 244.340 0.000
97 290 248.279 0.250
97 291 254.132 0.250
97 292 260.137 0.260
97 293 266.121 0.250
97 294 271.732 0.250
97 295 278.293 0.270
97 296 284.493 0.270
97 297 290.805 0.250
97 298 296.929 0.260
97 299 303.525 0.250
97 300 309.783 0.260
97 301 316.204 0.250
97 302 322.849 0.260
97 303 329.558 0.260
97 304 336.482 0.260
97 305 343.129 0.250
97 306 350.363 0.260
97 307 357.014 0.260
97 308 364.355 0.260
97 309 371.031 0.250
97 310 378.584 0.260
97 311 385.845 0.270
97 312 393.654 0.260
97 313 400.401 0.260
97 314 408.113 0.260
97 315 415.797 0.250
97 316 423.914 0.270
97 317 431.612 0.250
97 318 438.931 0.250
97 319 447.317 0.240
97 320 454.725 0.250
97 321 463.231 0.240
97 322 471.406 0.240
97 323 479.430 0.230
97 324 487.697 0.230
97 325 495.960 0.230
97 326 503.997 0.220
97 327 512.713 0.220
97 328 521.281 0.200
98 218 79.268 0.160
98 219 77.613 -0.120
98 220 73.497 -0.120
98 221 72.189 -0.100
98 222 69.052 0.070
98 223 68.805 0.000
98 224 66.151 0.000
98 225 67.351 0.000
98 226 63.615 0.050
98 227 64.448 0.090
98 228 62.809 0.110
98 229 62.017 0.290
98 230 60.299 0.280
98 231 60.204 0.300
98 232 58.989 0.300
98 233 58.562 0.260
98 234 58.119 0.280
98 235 58.296 0.260
98 236 57.576 0.250
98 237 58.120 0.280
98 238 57.754 0.300
98 239 58.533 0.310
98 240 58.546 0.270
98 241 59.925 0.280
98 242 59.896 0.290
98 243 61.256 0.280
98 244 61.857 0.290
98 245 63.670 0.290
98 246 64.525 0.310
98 247 66.654 0.300
98 248 67.746 0.280
98 249 70.261 0.290
98 250 71.468 0.280
98 251 74.173 0.290
98 252 76.019 0.280
98 253 79.143 0.270
98 254 81.266 0.280
98 255 84.365 0.280
98 256 86.921 0.270
98 257 90.649 0.270
98 258 92.546 0.260
98 259 96.325 0.260
98 260 99.045 0.250
98 261 103.077 0.240
98 262 105.997 0.240
98 263 110.050 0.230
98 264 113.203 0.220
98 265 117.164 0.210
98 266 120.923 0.200
98 267 125.162 0.180
98 268 129.090 -0.160
98 269 132.972 -0.150
98 270 136.577 -0.150
98 271 140.745 -0.140
98 272 144.373 -0.130
98 273 149.023 -0.120
98 274 152.665 -0.110
98 275 157.786 -0.090
98 276 161.696 -0.080
98 277 166.895 -0.070
98 278 171.108 -0.080
98 279 176.883 0.000
98 280 181.142 0.000
98 281 186.594 0.000
98 282 190.963 0.000
98 283 198.424 0.000
98 284 202.700 0.000
98 285 209.822 0.000
98 286 214.834 0.000
98 287 221.743 0.000
98 288 227.282 0.000
98 289 233.997 0.000
98 290 237.723 0.270
98 291 243.292 0.250
98 292 249.115 0.250
98 293 254.662 0.230
98 294 260.460 0.250
98 295 265.894 0.230
98 296 272.570 0.260
98 297 278.511 0.270
98 298 284.702 0.250
98 299 290.466 0.260
98 300 297.096 0.240
98 301 303.046 0.260
98 302 309.836 0.250
98 303 315.922 0.260
98 304 322.426 0.250
98 305 329.484 0.250
98 306 335.896 0.250
98 307 342.647 0.260
98 308 349.596 0.250
98 309 356.519 0.270
98 310 363.459 0.260
98 311 370.701 0.250
98 312 377.596 0.260
98 313 385.551 0.270
98 314 392.270 0.260
98 315 399.905 0.250
98 316 407.101 0.250
98 317 414.387 0.250
98 318 422.306 0.250
98 319 430.111 0.250
98 320 437.708 0.250
98 321 445.487 0.240
98 322 453.476 0.240
98 323 461.237 0.250
98 324 469.412 0.240
98 325 477.491 0.240
98 326 485.808 0.230
98 327 493.695 0.230
98 328 502.415 0.220
98 329 510.540 0.200
98 330 519.044 0.220
99 220 87.837 0.140
99 221 84.375 -0.140
99 222 81.760 -0.130
99 223 78.765 -0.110
99 224 77.745 0.000
99 225 74.884 0.000
99 226 75.855 0.000
99 227 72.994 0.050
99 228 72.451 0.270
99 229 71.179 0.080
99 230 69.714 0.260
99 231 68.401 0.330
99 232 67.972 0.300
99 233 66.299 0.300
99 234 66.538 0.310
99 235 65.022 0.290
99 236 65.290 0.290
99 237 64.424 0.280
99 238 64.926 0.270
99 239 64.080 0.280
99 240 64.654 0.290
99 241 64.461 0.300
99 242 65.436 0.310
99 243 65.243 0.290
99 244 66.501 0.300
99 245 66.804 0.290
99 246 68.590 0.290
99 247 68.891 0.280
99 248 71.009 0.290
99 249 71.840 0.270
99 250 74.142 0.290
99 251 75.031 0.270
99 252 77.677 0.270
99 253 79.325 0.260
99 254 82.005 0.270
99 255 83.901 0.260
99 256 87.022 0.250
99 257 89.034 0.260
99 258 92.235 0.250
99 259 94.802 0.260
99 260 98.182 0.260
99 261 100.529 0.260
99 262 104.504 0.230
99 263 107.213 0.240
99 264 110.993 0.230
99 265 114.173 0.230
99 266 118.155 0.210
99 267 121.415 0.200
99 268 125.676 0.180
99 269 129.091 0.180
99 270 133.163 -0.150
99 271 136.558 -0.150
99 272 140.800 -0.140
99 273 144.057 -0.130
99 274 148.594 -0.130
99 275 152.257 -0.110
99 276 157.217 -0.110
99 277 161.030 -0.090
99 278 165.920 -0.080
99 279 169.917 -0.070
99 280 175.684 0.000
99 281 179.695 0.030
99 282 185.122 0.000
99 283 189.354 0.000
99 284 196.650 0.000
99 285 200.753 0.000
99 286 207.720 0.000
99 287 212.568 0.000
99 288 219.311 0.000
99 289 224.673 0.000
99 290 231.233 0.000
99 291 234.336 0.320
99 292 239.712 0.280
99 293 245.173 0.270
99 294 250.951 0.300
99 295 256.534 0.270
99 296 262.475 0.260
99 297 268.184 0.270
99 298 273.832 0.270
99 299 280.201 0.240
99 300 286.280 0.260
99 301 292.342 0.250
99 302 298.046 0.260
99 303 304.513 0.260
99 304 310.649 0.260
99 305 317.425 0.240
99 306 323.415 0.270
99 307 330.031 0.240
99 308 337.285 0.250
99 309 343.416 0.260
99 310 350.249 0.270
99 311 357.229 0.270
99 312 364.319 0.270
99 313 371.180 0.260
99 314 378.374 0.260
99 315 385.185 0.250
99 316 392.543 0.260
99 317 400.048 0.260
99 318 407.374 0.260
99 319 414.942 0.260
99 320 422.787 0.250
99 321 430.199 0.250
99 322 438.074 0.250
99 323 445.385 0.250
99 324 453.085 0.240
99 325 461.553 0.230
99 326 469.285 0.250
99 327 477.481 0.240
99 328 485.482 0.240
99 329 493.716 0.220
99 330 502.028 0.200
99 331 510.180 0.220
99 332 518.541 0.200
100 222 93.886 0.110
100 223 91.980 0.100
100 224 87.099 0.070
100 225 86.268 0.000
100 226 83.200 0.000
100 227 83.933 0.000
100 228 79.886 0.050
100 229 79.398 0.280
100 230 78.144 0.100
100 231 76.644 0.280
100 232 74.863 0.350
100 233 74.398 0.330
100 234 72.955 0.320
100 235 71.811 0.300
100 236 71.193 0.320
100 237 70.341 0.320
100 238 69.918 0.300
100 239 69.858 0.280
100 240 68.738 0.300
100 241 69.275 0.280
100 242 68.899 0.300
100 243 69.175 0.310
100 244 69.219 0.280
100 245 70.241 0.300
100 246 70.161 0.300
100 247 71.766 0.290
100 248 72.148 0.300
100 249 73.788 0.290
100 250 74.303 0.280
100 251 76.526 0.290
100 252 77.263 0.290
100 253 79.562 0.280
100 254 80.892 0.280
100 255 83.599 0.280
100 256 85.214 0.280
100 257 88.280 0.270
100 258 90.082 0.280
100 259 92.895 0.260
100 260 95.243 0.260
100 261 98.708 0.260
100 262 101.170 0.260
100 263 104.793 0.250
100 264 107.347 0.250
100 265 111.047 0.240
100 266 114.058 0.220
100 267 117.820 0.230
100 268 120.814 0.210
100 269 125.071 0.200
100 270 128.416 0.170
100 271 132.386 -0.150
100 272 135.515 -0.150
100 273 139.398 -0.140
100 274 142.924 -0.130
100 275 147.281 -0.140
100 276 150.682 -0.120
100 277 155.313 -0.120
100 278 159.405 -0.090
100 279 164.228 -0.080
100 280 167.921 -0.080
100 281 173.882 0.000
100 282 177.869 0.000
100 283 183.072 0.000
100 284 187.192 0.000
100 285 194.320 0.000
100 286 198.242 0.000
100 287 205.060 0.000
100 288 209.722 0.000
100 289 216.317 0.000
100 290 221.492 0.000
100 291 224.641 0.280
100 292 229.878 0.290
100 293 235.506 0.290
100 294 240.645 0.270
100 295 246.580 0.270
100 296 251.796 0.270
100 297 257.071 0.250
100 298 263.176 0.260
100 299 268.612 0.260
100 300 274.734 0.270
100 301 280.541 0.260
100 302 286.708 0.270
100 303 292.326 0.260
100 304 298.858 0.260
100 305 304.806 0.260
100 306 311.180 0.270
100 307 317.233 0.270
100 308 323.951 0.250
100 309 330.240 0.260
100 310 336.716 0.250
100 311 343.480 0.270
100 312 349.895 0.260
100 313 357.515 0.260
100 314 363.662 0.260
100 315 370.266 0.260
100 316 377.659 0.260
100 317 384.834 0.260
100 318 392.097 0.250
100 319 399.331 0.260
100 320 406.730 0.250
100 321 414.255 0.260
100 322 421.779 0.250
100 323 428.966 0.250
100 324 436.664 0.250
100 325 444.290 0.250
100 326 452.139 0.240
100 327 460.076 0.240
100 328 468.127 0.230
100 329 475.718 0.240
100 330 483.942 0.230
100 331 492.012 0.220
100 332 500.323 0.220
100 333 508.666 0.220
100 334 516.856 0.220
101 224 102.436 -0.120
101 225 97.875 0.080
101 226 96.292 0.000
101 227 93.058 0.000
101 228 93.526 0.000
101 229 89.400 -0.050
101 230 89.276 -0.140
101 231 86.350 0.350
101 232 85.095 0.340
101 233 83.141 0.340
101 234 82.531 0.310
101 235 80.722 0.330
101 236 80.001 0.320
101 237 78.726 0.310
101 238 77.931 0.320
101 239 76.909 0.300
101 240 76.792 0.330
101 241 75.509 0.300
101 242 76.712 0.300
101 243 75.305 0.300
101 244 76.037 0.290
101 245 75.568 0.290
101 246 76.055 0.300
101 247 75.915 0.310
101 248 77.056 0.300
101 249 77.211 0.290
101 250 78.890 0.300
101 251 78.924 0.300
101 252 80.847 0.290
101 253 81.633 0.290
101 254 83.692 0.290
101 255 84.803 0.280
101 256 87.200 0.270
101 257 88.736 0.280
101 258 91.449 0.290
101 259 93.130 0.280
101 260 95.977 0.280
101 261 97.915 0.280
101 262 100.745 0.260
101 263 103.495 0.260
101 264 106.969 0.250
101 265 109.475 0.260
101 266 113.025 0.230
101 267 115.784 0.230
101 268 119.539 0.230
101 269 122.506 0.220
101 270 126.413 0.210
101 271 129.656 0.190
101 272 133.412 -0.150
101 273 136.525 -0.150
101 274 140.258 -0.150
101 275 143.604 -0.130
101 276 147.718 -0.140
101 277 151.143 -0.120
101 278 155.602 -0.110
101 279 159.298 -0.110
101 280 163.889 -0.080
101 281 167.690 -0.070
101 282 172.804 -0.050
101 283 177.379 0.000
101 284 182.447 0.000
101 285 186.463 0.000
101 286 193.418 0.000
101 287 197.158 0.000
101 288 203.823 0.000
101 289 208.297 0.000
101 290 214.741 0.000
101 291 217.169 0.360
101 292 222.600 0.380
101 293 227.655 0.360
101 294 232.882 0.340
101 295 238.035 0.340
101 296 243.476 0.290
101 297 248.783 0.310
101 298 254.246 0.250
101 299 259.750 0.280
101 300 265.109 0.260
101 301 271.416 0.270
101 302 277.431 0.280
101 303 282.752 0.270
101 304 288.455 0.280
101 305 294.811 0.270
101 306 300.932 0.250
101 307 306.877 0.260
101 308 312.739 0.270
101 309 318.940 0.270
101 310 325.699 0.290
101 311 331.807 0.250
101 312 338.527 0.250
101 313 344.783 0.260
101 314 351.379 0.260
101 315 358.145 0.260
101 316 365.058 0.260
101 317 371.654 0.260
101 318 378.961 0.260
101 319 385.897 0.260
101 320 393.099 0.260
101 321 400.122 0.250
101 322 407.797 0.260
101 323 414.909 0.250
101 324 422.145 0.260
101 325 429.732 0.250
101 326 437.142 0.250
101 327 444.941 0.240
101 328 452.948 0.240
101 329 460.395 0.240
101 330 468.171 0.240
101 331 476.275 0.240
101 332 484.032 0.220
101 333 492.507 0.220
101 334 500.593 0.230
101 335 508.788 0.230
101 336 516.933 0.200
101 337 525.170 0.210
101 338 533.297 0.220
101 339 541.789 0.180
101 340 549.766 0.180
101 341 558.300 -0.150
101 342 565.975 -0.160
102 226 108.499 0.070
102 227 105.352 0.000
102 228 101.938 0.000
102 229 100.769 0.150
102 230 97.613 0.050
102 231 97.352 -0.110
102 232 94.147 0.370
102 233 92.695 0.370
102 234 90.703 0.350
102 235 89.716 0.300
102 236 87.701 0.350
102 237 86.845 0.320
102 238 85.156 0.330
102 239 84.139 0.300
102 240 82.994 0.290
102 241 82.579 0.330
102 242 81.632 0.300
102 243 81.431 0.300
102 244 80.800 0.300
102 245 80.884 0.300
102 246 80.322 0.300
102 247 80.925 0.300
102 248 80.713 0.290
102 249 81.657 0.290
102 250 81.300 0.290
102 251 82.556 0.300
102 252 82.892 0.290
102 253 84.520 0.300
102 254 84.856 0.300
102 255 86.931 0.290
102 256 87.754 0.280
102 257 89.921 0.300
102 258 91.206 0.280
102 259 93.528 0.280
102 260 95.091 0.270
102 261 97.451 0.270
102 262 99.470 0.270
102 263 102.012 0.260
102 264 104.571 0.260
102 265 107.852 0.250
102 266 110.144 0.260
102 267 113.690 0.240
102 268 115.940 0.230
102 269 119.982 0.220
102 270 122.816 0.220
102 271 126.491 0.220
102 272 129.550 0.180
102 273 133.793 0.180
102 274 136.388 -0.150
102 275 140.013 -0.140
102 276 142.959 -0.150
102 277 146.997 -0.120
102 278 150.206 -0.140
102 279 154.522 -0.120
102 280 158.133 -0.120
102 281 162.882 -0.100
102 282 166.475 -0.080
102 283 171.722 0.040
102 284 176.006 0.000
102 285 180.939 0.000
102 286 184.828 0.000
102 287 191.610 0.000
102 288 195.184 0.000
102 289 201.692 0.000
102 290 205.994 0.000
102 291 210.830 0.090
102 292 214.208 0.370
102 293 219.030 0.320
102 294 224.109 0.350
102 295 228.933 0.340
102 296 234.159 0.340
102 297 239.470 0.300
102 298 244.619 0.290
102 299 249.554 0.310
102 300 255.412 0.300
102 301 260.242 0.260
102 302 266.478 0.280
102 303 272.126 0.270
102 304 277.638 0.280
102 305 283.019 0.270
102 306 289.471 0.270
102 307 295.334 0.280
102 308 301.338 0.270
102 309 306.847 0.270
102 310 313.253 0.260
102 311 319.533 0.280
102 312 325.730 0.260
102 313 331.935 0.270
102 314 338.261 0.270
102 315 345.145 0.260
102 316 351.361 0.260
102 317 357.944 0.260
102 318 364.572 0.260
102 319 371.527 0.250
102 320 378.439 0.270
102 321 385.629 0.270
102 322 392.463 0.260
102 323 399.836 0.250
102 324 406.807 0.260
102 325 414.068 0.250
102 326 421.705 0.250
102 327 428.804 0.250
102 328 436.446 0.250
102 329 444.166 0.250
102 330 451.658 0.250
102 331 459.378 0.250
102 332 467.433 0.250
102 333 475.357 0.220
102 334 483.270 0.230
102 335 491.268 0.230
102 336 499.211 0.220
102 337 507.550 0.230
102 338 515.574 0.210
102 339 523.672 0.220
102 340 531.965 0.180
102 341 539.795 0.190
102 342 548.396 -0.160
102 343 556.620 0.150
102 344 564.388 -0.150
103 236 98.431 0.300
103 237 96.796 0.370
103 238 95.556 0.300
103 239 93.675 0.350
103 240 92.817 0.320
103 241 90.838 0.310
103 242 91.282 0.340
103 243 89.454 0.310
103 244 88.730 0.280
103 245 87.836 0.300
103 246 88.182 0.290
103 247 87.300 0.270
103 248 87.555 0.290
103 249 87.090 0.280
103 250 87.603 0.280
103 251 87.452 0.280
103 252 88.801 0.280
103 253 88.471 0.280
103 254 90.134 0.280
103 255 90.126 0.270
103 256 91.925 0.280
103 257 92.439 0.280
103 258 94.444 0.280
103 259 95.536 0.270
103 260 97.472 0.270
103 261 98.859 0.280
103 262 101.085 0.270
103 263 102.980 0.270
103 264 105.450 0.260
103 265 107.431 0.260
103 266 110.644 0.240
103 267 112.808 0.260
103 268 116.009 0.240
103 269 118.572 0.230
103 270 122.040 0.240
103 271 124.618 0.220
103 272 128.120 0.230
103 273 131.136 0.180
103 274 135.088 0.180
103 275 137.589 -0.160
103 276 141.456 -0.140
103 277 144.272 -0.150
103 278 147.943 -0.140
103 279 151.039 -0.140
103 280 155.442 -0.120
103 281 158.795 -0.110
103 282 163.260 -0.080
103 283 167.420 0.050
103 284 171.779 0.050
103 285 176.148 0.000
103 286 180.951 0.000
103 287 184.715 0.000
103 288 191.325 0.000
103 289 194.724 0.000
103 290 201.076 0.000
103 291 205.193 0.000
103 292 210.272 0.080
103 293 212.616 0.390
103 294 217.768 0.400
103 295 222.537 0.400
103 296 227.315 0.350
103 297 232.163 0.340
103 298 237.112 0.290
103 299 242.172 0.310
103 300 247.094 0.290
103 301 252.717 0.310
103 302 257.593 0.300
103 303 263.624 0.300
103 304 269.310 0.300
103 305 274.800 0.280
103 306 280.168 0.260
103 307 286.140 0.280
103 308 292.198 0.280
103 309 297.457 0.270
103 310 303.347 0.270
103 311 309.262 0.270
103 312 315.001 0.270
103 313 321.126 0.260
103 314 327.775 0.260
103 315 333.860 0.270
103 316 340.227 0.260
103 317 346.368 0.260
103 318 352.923 0.260
103 319 359.383 0.260
103 320 365.922 0.260
103 321 373.033 0.260
103 322 380.027 0.260
103 323 386.522 0.260
103 324 393.912 0.260
103 325 400.647 0.250
103 326 407.863 0.250
103 327 415.019 0.260
103 328 422.307 0.250
103 329 429.907 0.250
103 330 437.326 0.250
103 331 445.166 0.240
103 332 452.217 0.250
103 333 460.247 0.230
103 334 467.639 0.230
103 335 475.641 0.240
103 336 483.591 0.250
103 337 491.461 0.210
103 338 499.889 0.240
103 339 507.755 0.220
103 340 515.584 0.250
103 341 523.849 0.170
103 342 532.184 0.180
103 343 540.332 -0.160
103 344 548.206 -0.150
103 345 556.162 -0.150
103 346 564.202 -0.140
103 347 572.026 -0.140
104 238 104.515 0.370
104 239 103.158 0.340
104 240 101.455 0.370
104 241 100.133 0.320
104 242 98.540 0.340
104 243 98.020 0.350
104 244 96.184 0.310
104 245 95.101 0.290
104 246 94.340 0.300
104 247 94.065 0.300
104 248 92.972 0.300
104 249 92.788 0.300
104 250 92.531 0.290
104 251 93.135 0.290
104 252 92.613 0.290
104 253 93.499 0.280
104 254 93.085 0.290
104 255 94.324 0.300
104 256 94.388 0.290
104 257 95.796 0.290
104 258 96.104 0.280
104 259 98.176 0.280
104 260 98.777 0.290
104 261 100.570 0.280
104 262 101.861 0.270
104 263 103.877 0.270
104 264 105.448 0.260
104 265 107.735 0.270
104 266 109.612 0.270
104 267 112.576 0.260
104 268 114.545 0.250
104 269 117.557 0.250
104 270 120.060 0.230
104 271 123.398 0.220
104 272 125.888 0.230
104 273 129.298 0.230
104 274 132.062 0.210
104 275 135.634 0.210
104 276 138.539 -0.150
104 277 141.846 -0.160
104 278 144.549 -0.150
104 279 148.137 -0.150
104 280 151.342 -0.130
104 281 155.132 -0.130
104 282 158.569 -0.120
104 283 163.010 -0.100
104 284 166.486 -0.080
104 285 171.454 0.050
104 286 175.528 0.000
104 287 180.194 0.000
104 288 183.826 0.000
104 289 190.264 0.000
104 290 193.498 0.000
104 291 199.693 0.000
104 292 203.636 0.000
104 293 208.090 0.090
104 294 210.400 0.410
104 295 214.748 0.380
104 296 219.431 0.370
104 297 224.431 0.350
104 298 229.162 0.350
104 299 234.010 0.340
104 300 239.274 0.360
104 301 244.102 0.290
104 302 249.509 0.350
104 303 254.342 0.310
104 304 259.718 0.300
104 305 265.541 0.310
104 306 270.532 0.300
104 307 276.235 0.270
104 308 281.666 0.290
104 309 287.219 0.280
104 310 293.130 0.270
104 311 298.677 0.270
104 312 304.600 0.250
104 313 309.990 0.280
104 314 316.009 0.270
104 315 322.419 0.290
104 316 328.165 0.260
104 317 334.731 0.270
104 318 340.517 0.260
104 319 347.152 0.250
104 320 353.295 0.260
104 321 360.011 0.260
104 322 366.420 0.260
104 323 373.418 0.260
104 324 379.839 0.260
104 325 387.133 0.260
104 326 393.637 0.260
104 327 400.924 0.250
104 328 408.265 0.250
104 329 415.086 0.260
104 330 422.437 0.260
104 331 429.611 0.250
104 332 437.258 0.250
104 333 444.371 0.240
104 334 452.051 0.240
104 335 459.886 0.230
104 336 467.557 0.240
104 337 475.208 0.220
104 338 483.103 0.230
104 339 490.769 0.250
104 340 498.828 0.220
104 341 506.397 0.190
104 342 514.929 0.200
104 343 523.202 -0.150
104 344 531.238 0.160
104 345 539.125 -0.150
104 346 547.162 -0.140
104 347 555.030 -0.150
104 348 562.781 -0.150
104 349 571.010 -0.140
105 240 112.537 0.280
105 241 110.745 0.370
105 242 109.200 0.310
105 243 107.603 0.340
105 244 106.935 0.340
105 245 104.656 0.310
105 246 104.142 0.330
105 247 102.495 0.280
105 248 102.387 0.290
105 249 100.946 0.310
105 250 100.706 0.300
105 251 99.934 0.290
105 252 100.367 0.290
105 253 99.665 0.290
105 254 100.449 0.300
105 255 99.716 0.300
105 256 100.956 0.290
105 257 100.484 0.290
105 258 101.901 0.290
105 259 102.068 0.280
105 260 103.878 0.280
105 261 104.043 0.280
105 262 106.052 0.250
105 263 106.745 0.270
105 264 108.790 0.270
105 265 109.910 0.270
105 266 112.361 0.270
105 267 113.762 0.270
105 268 116.145 0.230
105 269 118.116 0.240
105 270 120.878 0.240
105 271 123.243 0.240
105 272 126.568 0.240
105 273 128.956 0.230
105 274 132.693 0.250
105 275 134.689 0.200
105 276 138.363 0.180
105 277 140.852 -0.160
105 278 144.131 -0.150
105 279 146.671 -0.150
105 280 150.290 -0.140
105 281 153.094 -0.140
105 282 156.937 -0.140
105 283 160.161 -0.130
105 284 164.291 -0.120
105 285 167.584 -0.080
105 286 173.044 0.000
105 287 176.341 0.000
105 288 180.896 0.000
105 289 184.367 0.000
105 290 190.635 0.000
105 291 193.698 0.000
105 292 199.733 0.000
105 293 202.656 0.050
105 294 207.484 0.110
105 295 209.265 0.390
105 296 213.774 0.380
105 297 218.306 0.380
105 298 223.162 0.360
105 299 227.714 0.380
105 300 232.632 0.370
105 301 237.491 0.360
105 302 242.570 0.310
105 303 247.542 0.360
105 304 252.356 0.310
105 305 257.682 0.330
105 306 263.159 0.310
105 307 268.127 0.310
105 308 273.455 0.320
105 309 279.265 0.270
105 310 284.653 0.270
105 311 290.093 0.270
105 312 295.324 0.270
105 313 301.226 0.270
105 314 306.891 0.280
105 315 312.879 0.270
105 316 318.976 0.290
105 317 324.483 0.260
105 318 330.782 0.270
105 319 336.579 0.250
105 320 342.936 0.260
105 321 349.107 0.260
105 322 355.310 0.260
105 323 361.784 0.260
105 324 368.562 0.260
105 325 375.076 0.260
105 326 382.107 0.260
105 327 388.495 0.260
105 328 395.499 0.250
105 329 402.224 0.250
105 330 409.474 0.260
105 331 416.636 0.250
105 332 423.768 0.260
105 333 431.206 0.250
105 334 438.527 0.250
105 335 445.815 0.240
105 336 453.312 0.220
105 337 461.056 0.240
105 338 468.557 0.230
105 339 476.230 0.230
105 340 484.159 0.240
105 341 491.841 0.220
105 342 499.536 0.240
105 343 507.516 0.190
105 344 515.607 0.220
105 345 523.502 0.160
105 346 531.848 0.180
105 347 539.528 -0.160
105 348 547.456 -0.150
105 349 555.271 -0.150
105 350 562.964 -0.170
105 351 571.135 -0.150
105 352 579.105 -0.120
105 353 589.399 0.000
106 242 118.570 0.390
106 243 117.611 0.350
106 244 115.263 0.340
106 245 114.112 0.360
106 246 112.179 0.340
106 247 111.404 0.330
106 248 109.415 0.340
106 249 109.031 0.330
106 250 107.177 0.300
106 251 107.116 0.290
106 252 105.823 0.290
106 253 106.361 0.300
106 254 105.619 0.290
106 255 105.911 0.300
106 256 105.327 0.300
106 257 106.174 0.290
106 258 105.467 0.290
106 259 106.589 0.290
106 260 106.465 0.290
106 261 108.139 0.270
106 262 108.109 0.280
106 263 109.669 0.260
106 264 110.406 0.270
106 265 112.065 0.260
106 266 113.053 0.270
106 267 115.247 0.270
106 268 116.579 0.270
106 269 119.117 0.260
106 270 120.603 0.260
106 271 123.309 0.240
106 272 125.273 0.240
106 273 128.310 0.230
106 274 130.500 0.230
106 275 133.646 0.240
106 276 136.165 0.200
106 277 139.931 0.200
106 278 142.006 0.180
106 279 145.365 0.180
106 280 147.712 -0.140
106 281 151.752 0.120
106 282 153.668 -0.150
106 283 157.393 -0.120
106 284 160.377 -0.130
106 285 165.308 0.070
106 286 167.775 -0.090
106 287 173.262 0.000
106 288 176.420 0.000
106 289 180.803 0.000
106 290 184.170 0.000
106 291 190.269 0.000
106 292 193.167 0.000
106 293 199.043 0.000
106 294 202.631 0.000
106 295 206.440 0.090
106 296 207.667 0.420
106 297 211.878 0.390
106 298 216.650 0.400
106 299 221.220 0.400
106 300 225.893 0.390
106 301 230.836 0.380
106 302 235.029 0.370
106 303 239.577 0.320
106 304 244.603 0.350
106 305 249.507 0.320
106 306 254.648 0.340
106 307 259.881 0.310
106 308 264.591 0.310
106 309 270.020 0.310
106 310 275.593 0.300
106 311 280.683 0.300
106 312 286.300 0.280
106 313 291.482 0.270
106 314 297.171 0.290
106 315 302.583 0.270
106 316 308.559 0.280
106 317 313.961 0.290
106 318 319.774 0.260
106 319 325.645 0.270
106 320 331.408 0.260
106 321 337.755 0.280
106 322 343.689 0.260
106 323 350.035 0.260
106 324 356.114 0.260
106 325 362.619 0.260
106 326 368.796 0.260
106 327 375.923 0.250
106 328 382.297 0.250
106 329 388.660 0.250
106 330 395.881 0.250
106 331 402.780 0.260
106 332 409.573 0.250
106 333 416.956 0.250
106 334 424.093 0.250
106 335 430.892 0.230
106 336 438.586 0.240
106 337 445.928 0.240
106 338 453.206 0.230
106 339 460.769 0.230
106 340 468.410 0.220
106 341 476.005 0.220
106 342 483.611 0.220
106 343 491.315 0.210
106 344 499.402 0.200
106 345 507.343 0.180
106 346 515.101 0.170
106 347 522.850 0.170
106 348 530.815 -0.150
106 349 538.631 -0.150
106 350 546.500 -0.160
106 351 554.286 -0.170
106 352 562.277 -0.140
106 353 570.277 -0.140
106 354 580.494 0.000
106 355 588.094 0.000
107 244 127.355 0.370
107 245 124.962 0.350
107 246 124.214 0.370
107 247 121.663 0.350
107 248 120.521 0.340
107 249 118.803 0.340
107 250 118.087 0.340
107 251 116.036 0.310
107 252 115.444 0.300
107 253 114.241 0.300
107 254 114.156 0.300
107 255 113.318 0.300
107 256 113.219 0.300
107 257 112.702 0.300
107 258 113.215 0.290
107 259 112.446 0.290
107 260 113.236 0.280
107 261 113.117 0.290
107 262 114.387 0.270
107 263 114.407 0.280
107 264 115.384 0.270
107 265 115.777 0.270
107 266 117.358 0.270
107 267 118.278 0.270
107 268 119.864 0.270
107 269 121.153 0.260
107 270 123.657 0.250
107 271 124.861 0.250
107 272 127.505 0.250
107 273 129.201 0.250
107 274 132.078 0.240
107 275 134.129 0.230
107 276 137.499 0.210
107 277 139.901 0.170
107 278 143.024 0.170
107 279 145.207 0.160
107 280 148.575 0.160
107 281 151.220 0.160
107 282 154.373 0.150
107 283 156.144 -0.140
107 284 160.669 0.080
107 285 162.473 -0.120
107 286 166.095 -0.170
107 287 169.388 -0.100
107 288 174.932 0.000
107 289 177.946 0.000
107 290 182.164 0.000
107 291 185.419 0.000
107 292 191.337 0.000
107 293 194.068 0.000
107 294 199.780 0.000
107 295 203.193 0.000
107 296 203.724 0.440
107 297 207.955 0.440
107 298 211.884 0.420
107 299 216.443 0.420
107 300 220.749 0.400
107 301 225.501 0.410
107 302 229.870 0.370
107 303 234.378 0.380
107 304 239.397 0.380
107 305 243.781 0.360
107 306 248.535 0.330
107 307 253.128 0.350
107 308 258.434 0.310
107 309 263.401 0.320
107 310 268.431 0.310
107 311 273.615 0.300
107 312 278.842 0.300
107 313 284.239 0.270
107 314 289.330 0.270
107 315 294.842 0.270
107 316 299.827 0.270
107 317 305.593 0.260
107 318 311.281 0.280
107 319 316.695 0.260
107 320 322.727 0.280
107 321 328.279 0.260
107 322 334.056 0.270
107 323 340.132 0.260
107 324 346.089 0.260
107 325 352.203 0.250
107 326 358.588 0.250
107 327 364.583 0.250
107 328 371.276 0.260
107 329 377.507 0.250
107 330 384.282 0.250
107 331 390.762 0.250
107 332 397.817 0.230
107 333 404.620 0.250
107 334 411.886 0.250
107 335 418.595 0.240
107 336 426.056 0.250
107 337 433.243 0.250
107 338 440.193 0.220
107 339 447.405 0.240
107 340 454.666 0.220
107 341 462.172 0.220
107 342 469.714 0.200
107 343 477.244 0.220
107 344 484.698 0.200
107 345 493.130 0.170
107 346 500.406 0.180
107 347 507.987 0.170
107 348 515.996 0.160
107 349 523.777 -0.140
107 350 531.640 0.140
107 351 539.401 0.160
107 352 546.791 -0.150
107 353 555.337 0.110
107 354 562.856 0.110
107 355 572.785 0.000
107 356 580.292 0.000
107 357 588.386 0.000
107 358 595.974 0.000
107 359 604.114 0.000
107 360 612.072 0.000
108 246 133.732 0.410
108 247 132.264 0.360
108 248 130.159 0.380
108 249 128.519 0.350
108 250 126.546 0.340
108 251 125.910 0.350
108 252 123.966 0.330
108 253 122.829 0.300
108 254 121.707 0.300
108 255 121.218 0.310
108 256 120.191 0.300
108 257 120.245 0.300
108 258 118.949 0.300
108 259 119.387 0.290
108 260 118.614 0.280
108 261 119.493 0.280
108 262 118.755 0.280
108 263 119.497 0.270
108 264 119.586 0.270
108 265 120.544 0.270
108 266 120.862 0.270
108 267 122.081 0.270
108 268 122.654 0.260
108 269 124.400 0.260
108 270 125.233 0.260
108 271 127.333 0.250
108 272 128.369 0.250
108 273 130.727 0.250
108 274 132.272 0.250
108 275 135.058 0.240
108 276 137.025 0.230
108 277 139.673 0.210
108 278 142.106 0.190
108 279 145.098 0.190
108 280 147.154 0.170
108 281 150.198 0.170
108 282 152.772 0.150
108 283 155.654 0.120
108 284 158.542 0.130
108 285 161.025 -0.170
108 286 164.704 0.080
108 287 168.439 0.070
108 288 171.168 0.060
108 289 175.798 0.000
108 290 178.675 0.000
108 291 182.725 0.000
108 292 185.872 0.000
108 293 191.617 0.000
108 294 194.181 0.000
108 295 199.733 0.000
108 296 202.970 0.000
108 297 205.383 0.140
108 298 206.847 0.430
108 299 210.783 0.420
108 300 215.164 0.420
108 301 219.365 0.400
108 302 223.704 0.420
108 303 228.423 0.410
108 304 232.515 0.400
108 305 237.313 0.390
108 306 241.742 0.380
108 307 246.615 0.340
108 308 251.407 0.370
108 309 256.180 0.350
108 310 260.816 0.330
108 311 265.736 0.320
108 312 270.973 0.320
108 313 276.012 0.300
108 314 281.230 0.260
108 315 286.167 0.280
108 316 291.578 0.290
108 317 297.012 0.270
108 318 302.462 0.270
108 319 307.211 0.260
108 320 313.165 0.260
108 321 318.790 0.280
108 322 324.289 0.250
108 323 330.101 0.270
108 324 335.943 0.250
108 325 341.876 0.250
108 326 347.831 0.260
108 327 354.052 0.250
108 328 359.844 0.250
108 329 366.515 0.250
108 330 372.503 0.250
108 331 379.145 0.240
108 332 385.407 0.240
108 333 392.292 0.240
108 334 398.991 0.230
108 335 405.796 0.240
108 336 412.493 0.230
108 337 419.613 0.220
108 338 426.368 0.220
108 339 433.441 0.220
108 340 440.694 0.230
108 341 447.842 0.230
108 342 455.112 0.220
108 343 462.518 0.220
108 344 470.132 0.210
108 345 477.673 0.210
108 346 485.164 0.180
108 347 492.997 0.160
108 348 500.565 0.170
108 349 508.017 0.170
108 350 515.809 0.140
108 351 523.762 -0.150
108 352 531.265 -0.140
108 353 538.912 0.120
108 354 547.093 0.110
108 355 554.485 0.090
108 356 562.601 0.080
108 357 570.571 0.100
108 358 579.866 0.000
108 359 587.372 0.000
108 360 595.423 0.000
108 361 603.292 0.000
109 248 142.632 0.400
109 249 140.187 0.400
109 250 138.024 0.360
109 251 136.090 0.350
109 252 135.078 0.360
109 253 133.600 0.370
109 254 132.043 0.310
109 255 130.535 0.310
109 256 130.110 0.320
109 257 128.837 0.290
109 258 128.703 0.290
109 259 127.441 0.270
109 260 127.393 0.270
109 261 126.517 0.270
109 262 127.301 0.270
109 263 126.157 0.270
109 264 127.077 0.260
109 265 126.521 0.260
109 266 127.481 0.260
109 267 127.490 0.250
109 268 128.657 0.260
109 269 128.984 0.260
109 270 130.311 0.240
109 271 130.899 0.260
109 272 132.947 0.240
109 273 133.897 0.250
109 274 135.891 0.230
109 275 137.228 0.240
109 276 139.811 0.230
109 277 141.348 0.230
109 278 144.155 0.220
109 279 146.012 0.190
109 280 149.186 0.190
109 281 151.084 0.150
109 282 153.746 0.150
109 283 156.090 0.140
109 284 159.066 0.140
109 285 161.799 0.130
109 286 164.923 0.120
109 287 167.503 0.120
109 288 171.108 0.080
109 289 173.751 0.070
109 290 178.240 0.000
109 291 180.969 0.000
109 292 184.829 0.000
109 293 187.871 0.000
109 294 193.437 0.000
109 295 195.838 0.000
109 296 200.216 0.060
109 297 202.980 0.050
109 298 207.142 0.150
109 299 207.673 0.420
109 300 211.619 0.410
109 301 215.500 0.410
109 302 219.823 0.400
109 303 224.061 0.420
109 304 228.562 0.410
109 305 232.695 0.380
109 306 237.332 0.390
109 307 241.308 0.370
109 308 246.098 0.370
109 309 250.586 0.370
109 310 255.741 0.360
109 311 260.089 0.350
109 312 264.747 0.320
109 313 269.791 0.330
109 314 275.016 0.260
109 315 279.798 0.290
109 316 284.659 0.280
109 317 289.917 0.290
109 318 294.983 0.260
109 319 300.105 0.260
109 320 305.281 0.260
109 321 310.994 0.260
109 322 316.318 0.270
109 323 321.920 0.250
109 324 327.368 0.250
109 325 332.970 0.250
109 326 338.757 0.250
109 327 344.533 0.250
109 328 350.895 0.250
109 329 356.476 0.250
109 330 363.022 0.250
109 331 369.050 0.240
109 332 375.339 0.240
109 333 381.682 0.240
109 334 388.054 0.240
109 335 394.574 0.240
109 336 401.353 0.240
109 337 408.366 0.230
109 338 414.854 0.240
109 339 421.775 0.230
109 340 428.549 0.220
109 341 435.639 0.220
109 342 442.769 0.220
109 343 449.817 0.220
109 344 457.079 0.210
109 345 464.457 0.210
109 346 471.713 0.210
109 347 479.641 0.180
109 348 487.102 0.180
109 349 494.343 0.180
109 350 502.061 0.140
109 351 509.296 0.150
109 352 517.079 0.140
109 353 524.738 0.130
109 354 532.275 0.140
109 355 540.582 0.100
109 356 547.904 0.100
109 357 555.710 0.080
109 358 563.199 0.090
109 359 572.671 0.000
110 250 149.148 0.380
110 251 147.482 0.380
110 252 145.467 0.380
110 253 143.933 0.360
110 254 142.261 0.370
110 255 140.868 0.340
110 256 138.793 0.290
110 257 137.861 0.290
110 258 136.312 0.290
110 259 136.217 0.300
110 260 134.674 0.280
110 261 134.594 0.280
110 262 133.383 0.280
110 263 133.449 0.280
110 264 132.685 0.270
110 265 133.197 0.270
110 266 132.809 0.280
110 267 133.347 0.270
110 268 133.396 0.260
110 269 134.427 0.260
110 270 134.638 0.260
110 271 136.053 0.260
110 272 136.419 0.240
110 273 137.939 0.250
110 274 138.820 0.250
110 275 140.594 0.240
110 276 141.749 0.230
110 277 143.750 0.230
110 278 145.414 0.220
110 279 147.506 0.220
110 280 149.616 0.210
110 281 152.209 0.210
110 282 154.719 0.190
110 283 156.842 0.170
110 284 159.834 0.150
110 285 162.451 0.150
110 286 164.771 0.130
110 287 167.483 0.120
110 288 170.431 0.100
110 289 173.686 0.080
110 290 176.324 0.070
110 291 179.663 0.050
110 292 183.626 0.000
110 293 187.277 0.000
110 294 190.327 0.000
110 295 195.448 0.000
110 296 197.976 0.000
110 297 202.903 0.000
110 298 204.656 0.050
110 299 207.482 0.140
110 300 209.954 0.440
110 301 213.126 0.420
110 302 217.978 0.440
110 303 221.916 0.440
110 304 225.879 0.420
110 305 230.072 0.390
110 306 234.496 0.390
110 307 238.554 0.390
110 308 243.462 0.380
110 309 247.620 0.380
110 310 252.474 0.370
110 311 256.756 0.360
110 312 262.018 0.360
110 313 265.695 0.330
110 314 271.464 0.330
110 315 275.790 0.340
110 316 281.480 0.290
110 317 285.826 0.260
110 318 291.704 0.270
110 319 296.116 0.250
110 320 302.139 0.260
110 321 307.237 0.270
110 322 312.971 0.250
110 323 318.403 0.250
110 324 323.992 0.250
110 325 329.208 0.270
110 326 335.355 0.250
110 327 340.598 0.250
110 328 346.966 0.240
110 329 352.704 0.240
110 330 358.786 0.240
110 331 364.717 0.230
110 332 371.032 0.240
110 333 376.899 0.240
110 334 383.898 0.230
110 335 389.599 0.230
110 336 396.799 0.220
110 337 402.846 0.230
110 338 410.107 0.230
110 339 416.282 0.220
110 340 423.816 0.220
110 341 430.342 0.220
110 342 437.724 0.210
110 343 444.263 0.210
110 344 451.803 0.210
110 345 458.148 0.200
110 346 466.324 0.200
110 347 472.802 0.200
110 348 481.106 0.190
110 349 487.692 0.190
110 350 496.313 0.180
110 351 502.814 0.180
110 352 511.646 0.160
110 353 519.088 0.150
110 354 527.254 -0.150
110 355 534.866 0.110
110 356 543.534 0.120
110 357 550.328 0.110
110 358 559.116 0.120
110 359 565.815 0.100
110 360 574.803 0.090
111 253 155.741 0.330
111 254 154.026 0.330
111 255 151.903 0.320
111 256 150.427 0.300
111 257 148.621 0.320
111 258 147.662 0.320
111 259 145.715 0.290
111 260 145.393 0.270
111 261 143.706 0.290
111 262 143.597 0.280
111 263 142.151 0.280
111 264 142.176 0.280
111 265 141.246 0.280
111 266 141.195 0.270
111 267 140.573 0.260
111 268 140.887 0.250
111 269 140.845 0.240
111 270 141.589 0.240
111 271 141.652 0.250
111 272 143.066 0.240
111 273 143.006 0.240
111 274 144.298 0.240
111 275 144.975 0.240
111 276 146.347 0.230
111 277 147.548 0.240
111 278 149.308 0.230
111 279 150.866 0.210
111 280 152.760 0.200
111 281 154.832 0.210
111 282 156.839 0.210
111 283 159.819 0.250
111 284 161.597 0.230
111 285 163.310 -0.150
111 286 165.848 -0.180
111 287 167.935 -0.170
111 288 170.457 -0.180
111 289 173.109 -0.180
111 290 175.959 -0.140
111 291 178.746 -0.180
111 292 181.648 -0.180
111 293 184.596 -0.210
111 294 187.152 -0.180
111 295 191.560 0.380
111 296 194.128 -0.230
111 297 197.776 0.390
111 298 200.676 0.380
111 299 204.695 0.380
111 300 207.731 0.380
111 301 211.843 0.380
111 302 215.225 0.390
111 303 219.208 0.380
111 304 222.516 0.380
111 305 227.013 0.390
111 306 230.994 0.390
111 307 235.146 0.390
111 308 239.004 0.360
111 309 243.613 0.370
111 310 247.801 0.390
111 311 252.719 0.380
111 312 256.468 0.280
111 313 261.593 0.330
111 314 265.230 0.300
111 315 270.946 0.290
111 316 274.871 0.290
111 317 280.539 0.290
111 318 285.098 0.290
111 319 290.499 0.270
111 320 294.938 0.260
111 321 301.077 0.260
111 322 305.854 0.270
111 323 311.476 0.270
111 324 316.338 0.260
111 325 322.369 0.260
111 326 327.338 0.270
111 327 333.311 0.250
111 328 338.422 0.270
111 329 344.631 0.240
111 330 350.185 0.250
111 331 356.177 0.240
111 332 361.802 0.230
111 333 368.196 0.240
111 334 373.747 0.240
111 335 380.528 0.250
111 336 386.154 0.240
111 337 393.381 0.240
111 338 399.033 0.230
111 339 406.578 0.240
111 340 412.253 0.240
111 341 419.532 0.230
111 342 425.806 0.210
111 343 433.318 0.230
111 344 439.793 0.190
111 345 447.111 0.190
111 346 453.605 0.220
111 347 461.127 0.210
111 348 467.486 0.220
111 349 475.705 0.210
111 350 482.223 0.220
111 351 490.465 0.190
111 352 497.127 0.210
111 353 506.289 0.130
111 354 512.750 0.160
111 355 521.479 0.130
111 356 527.066 0.400
111 357 536.076 0.380
111 358 542.842 0.360
111 359 551.235 0.380
112 254 165.426 0.370
112 255 163.375 0.330
112 256 161.104 0.320
112 257 159.417 0.320
112 258 157.343 0.320
112 259 155.976 0.320
112 260 154.419 0.300
112 261 153.227 0.300
112 262 151.953 0.300
112 263 151.599 0.290
112 264 150.089 0.280
112 265 149.460 0.290
112 266 148.286 0.270
112 267 148.405 0.270
112 268 147.645 0.270
112 269 147.641 0.250
112 270 147.382 0.260
112 271 147.959 0.240
112 272 147.792 0.240
112 273 148.925 0.250
112 274 148.826 0.240
112 275 149.907 0.230
112 276 150.237 0.230
112 277 151.506 0.220
112 278 152.336 0.220
112 279 154.063 0.220
112 280 155.202 0.220
112 281 157.296 0.220
112 282 158.670 0.210
112 283 161.130 0.230
112 284 162.930 0.190
112 285 165.201 0.210
112 286 166.732 -0.150
112 287 168.991 -0.150
112 288 170.858 -0.140
112 289 173.288 -0.140
112 290 175.710 -0.180
112 291 178.624 -0.190
112 292 181.023 -0.180
112 293 184.148 -0.210
112 294 186.761 -0.210
112 295 189.316 -0.230
112 296 192.619 -0.210
112 297 195.597 -0.220
112 298 199.284 0.370
112 299 202.005 0.390
112 300 205.497 0.390
112 301 208.790 0.380
112 302 212.553 0.380
112 303 215.742 0.380
112 304 219.573 0.380
112 305 222.976 0.380
112 306 227.075 0.380
112 307 230.741 0.390
112 308 235.097 0.390
112 309 238.817 0.390
112 310 243.205 0.360
112 311 247.287 0.310
112 312 251.683 0.330
112 313 255.913 0.330
112 314 260.535 0.330
112 315 264.183 0.310
112 316 269.844 0.320
112 317 273.673 0.310
112 318 279.167 0.310
112 319 283.574 0.290
112 320 288.731 0.270
112 321 293.283 0.270
112 322 298.965 0.280
112 323 303.217 0.250
112 324 309.227 0.260
112 325 313.664 0.260
112 326 319.706 0.250
112 327 324.531 0.260
112 328 330.476 0.240
112 329 335.463 0.250
112 330 341.507 0.260
112 331 346.539 0.230
112 332 352.656 0.240
112 333 358.463 0.210
112 334 364.475 0.240
112 335 369.848 0.230
112 336 376.434 0.220
112 337 382.014 0.230
112 338 389.187 0.260
112 339 394.673 0.220
112 340 401.531 0.220
112 341 407.916 0.250
112 342 414.555 0.210
112 343 421.292 0.240
112 344 428.209 0.230
112 345 434.457 0.210
112 346 441.682 0.210
112 347 448.151 0.230
112 348 455.597 0.200
112 349 461.747 0.190
112 350 469.843 0.220
112 351 476.142 0.220
112 352 484.274 0.170
112 353 490.533 0.180
112 354 499.275 0.170
112 355 505.636 0.170
112 356 514.204 0.150
112 357 520.787 0.200
112 358 529.290 -0.120
112 359 535.917 -0.210
112 360 544.354 -0.200
112 361 551.492 0.380
112 362 559.754 -0.200
112 363 565.892 0.380
112 364 574.470 0.380
112 365 581.123 0.380
112 366 589.956 0.370
112 367 596.927 0.380
112 368 605.743 0.380
112 369 612.221 0.390
112 370 621.714 0.370
112 371 629.443 0.380
112 372 637.729 0.400
112 373 646.195 0.390
112 374 654.568 0.370
112 375 662.621 0.350
112 376 670.941 0.390
112 377 678.717 0.370
112 378 687.849 0.390
112 379 694.798 0.390
112 380 704.951 0.400
112 381 711.818 0.390
112 382 722.308 0.380
113 256 174.428 0.320
113 257 171.996 0.320
113 258 170.186 0.320
113 259 167.770 0.320
113 260 166.340 0.310
113 261 164.412 0.310
113 262 163.207 0.300
113 263 161.667 0.310
113 264 161.089 0.290
113 265 159.227 0.280
113 266 158.555 0.240
113 267 157.418 0.270
113 268 157.138 0.260
113 269 156.172 0.270
113 270 156.017 0.250
113 271 155.535 0.240
113 272 155.998 0.250
113 273 155.577 0.240
113 274 156.694 0.250
113 275 156.128 0.240
113 276 156.998 0.230
113 277 157.192 0.230
113 278 158.288 0.230
113 279 158.947 0.230
113 280 160.417 0.220
113 281 161.319 0.220
113 282 163.733 0.220
113 283 164.540 0.200
113 284 167.535 0.230
113 285 168.394 0.200
113 286 170.534 0.200
113 287 171.812 0.150
113 288 173.701 -0.140
113 289 175.515 -0.140
113 290 177.969 -0.190
113 291 180.027 -0.180
113 292 182.710 -0.180
113 293 184.965 -0.110
113 294 187.796 -0.210
113 295 190.295 -0.210
113 296 192.814 -0.210
113 297 195.972 -0.210
113 298 198.643 -0.220
113 299 202.137 -0.250
113 300 205.533 0.350
113 301 208.665 0.370
113 302 211.393 0.370
113 303 215.045 0.370
113 304 218.451 0.390
113 305 221.780 0.380
113 306 225.066 0.380
113 307 229.018 0.380
113 308 232.729 0.380
113 309 236.661 0.380
113 310 240.135 0.310
113 311 244.326 0.330
113 312 248.199 0.310
113 313 252.602 0.330
113 314 256.646 0.350
113 315 260.977 0.330
113 316 264.665 0.310
113 317 269.893 0.300
113 318 273.953 0.320
113 319 278.972 0.320
113 320 283.170 0.300
113 321 288.407 0.300
113 322 292.834 0.290
113 323 298.330 0.270
113 324 302.596 0.250
113 325 308.393 0.230
113 326 312.772 0.260
113 327 318.681 0.240
113 328 323.146 0.260
113 329 328.878 0.240
113 330 334.010 0.240
113 331 339.670 0.240
113 332 345.035 0.240
113 333 350.888 0.230
113 334 356.331 0.210
113 335 362.155 0.220
113 336 367.455 0.230
113 337 373.853 0.220
113 338 379.220 0.230
113 339 386.007 0.240
113 340 391.544 0.220
113 341 398.755 0.250
113 342 404.533 0.260
113 343 411.004 0.220
113 344 417.422 0.230
113 345 424.303 0.220
113 346 430.643 0.210
113 347 437.576 0.210
113 348 443.876 0.220
113 349 451.347 0.220
113 350 457.707 0.220
113 351 465.122 0.220
113 352 471.511 0.220
113 353 479.508 0.210
113 354 486.144 0.190
113 355 493.954 0.200
113 356 500.101 0.180
113 357 508.910 0.140
113 358 515.421 0.200
113 359 524.372 0.100
113 360 530.547 -0.200
113 361 538.529 -0.210
113 362 545.145 -0.210
113 363 553.524 -0.200
113 364 560.393 -0.210
113 365 568.759 -0.210
113 366 575.243 0.390
113 367 583.865 0.370
113 368 590.787 0.370
113 369 599.228 0.360
113 370 606.320 0.390
113 371 614.959 0.390
113 372 622.798 0.350
113 373 631.087 0.380
113 374 643.774 0.360
113 375 647.157 0.390
113 376 660.100 0.380
113 377 663.379 0.360
113 378 676.215 0.380
113 379 680.141 0.380
113 380 687.456 0.350
114 274 162.814 0.240
114 275 163.161 0.220
114 276 162.842 0.240
114 277 163.791 0.250
114 278 163.532 0.210
114 279 164.373 0.220
114 280 164.823 0.220
114 281 166.467 0.240
114 282 166.839 0.210
114 283 168.617 0.220
114 284 169.619 0.190
114 285 171.204 0.200
114 286 172.637 0.180
114 287 174.509 0.170
114 288 175.682 -0.140
114 289 177.656 -0.140
114 290 179.229 -0.130
114 291 181.287 -0.170
114 292 183.289 -0.140
114 293 185.956 -0.140
114 294 188.030 -0.170
114 295 190.615 -0.190
114 296 193.249 -0.210
114 297 195.511 -0.210
114 298 198.558 -0.210
114 299 201.134 -0.220
114 300 204.582 0.370
114 301 207.124 0.370
114 302 210.301 0.380
114 303 213.956 0.350
114 304 216.706 0.370
114 305 219.323 0.370
114 306 223.087 0.380
114 307 226.036 0.380
114 308 229.982 0.380
114 309 233.370 0.380
114 310 237.185 0.380
114 311 240.653 0.400
114 312 244.794 0.380
114 313 248.520 0.380
114 314 252.984 0.370
114 315 256.583 0.320
114 316 261.106 0.330
114 317 264.310 0.300
114 318 269.581 0.320
114 319 273.519 0.280
114 320 278.469 0.300
114 321 281.816 0.270
114 322 287.541 0.270
114 323 291.162 0.270
114 324 297.196 0.290
114 325 301.027 0.250
114 326 306.859 0.250
114 327 311.214 0.250
114 328 316.887 0.250
114 329 321.408 0.270
114 330 326.960 0.240
114 331 331.817 0.270
114 332 337.485 0.240
114 333 342.361 0.230
114 334 348.328 0.230
114 335 353.761 0.210
114 336 359.329 0.220
114 337 364.540 0.220
114 338 370.795 0.220
114 339 376.030 0.220
114 340 382.570 0.220
114 341 388.097 0.200
114 342 394.850 0.220
114 343 400.687 0.220
114 344 407.147 0.210
114 345 413.130 0.210
114 346 420.367 0.220
114 347 426.198 0.200
114 348 433.063 0.200
115 276 171.792 0.230
115 277 171.127 0.220
115 278 171.820 0.230
115 279 171.399 0.210
115 280 172.454 0.240
115 281 172.470 0.220
115 282 173.468 0.200
115 283 174.217 0.200
115 284 175.444 0.200
115 285 176.157 0.180
115 286 177.699 0.190
115 287 178.751 0.170
115 288 180.413 0.160
115 289 181.477 -0.140
115 290 183.047 -0.150
115 291 184.678 -0.140
115 292 186.544 -0.140
115 293 188.412 -0.160
115 294 190.889 -0.190
115 295 193.065 -0.210
115 296 195.180 -0.220
115 297 197.183 -0.210
115 298 199.987 -0.210
115 299 202.479 -0.210
115 300 205.043 -0.230
115 301 208.072 -0.210
115 302 210.621 -0.220
115 303 213.975 -0.180
115 304 216.275 0.390
115 305 219.722 0.370
115 306 222.857 0.350
115 307 225.959 0.390
115 308 228.909 0.390
115 309 232.411 0.390
115 310 235.820 0.380
115 311 239.494 0.380
115 312 242.826 0.380
115 313 246.641 0.360
115 314 250.453 0.400
115 315 254.388 0.340
115 316 258.116 0.310
115 317 262.495 0.330
115 318 265.648 0.300
115 319 270.907 0.280
115 320 274.239 0.330
115 321 279.273 0.330
115 322 282.765 0.310
115 323 287.976 0.270
115 324 291.708 0.290
115 325 296.943 0.270
115 326 300.935 0.250
115 327 306.718 0.250
115 328 310.789 0.250
115 329 316.486 0.260
115 330 320.881 0.240
115 331 326.416 0.240
115 332 330.878 0.260
115 333 336.580 0.240
115 334 341.518 0.220
115 335 347.236 0.230
115 336 352.384 0.240
115 337 357.907 0.220
115 338 363.076 0.240
115 339 369.212 0.230
115 340 374.225 0.220
115 341 380.547 0.220
115 342 385.790 0.210
115 343 392.411 0.210
115 344 398.185 0.220
115 345 404.484 0.210
115 346 410.186 0.220
115 347 417.238 0.220
115 348 423.148 0.210
115 349 429.964 0.210
115 350 435.825 0.220
115 351 443.022 0.210
115 352 448.949 0.190
115 353 456.464 0.200
115 354 462.735 0.210
115 355 470.128 0.190
115 356 476.549 0.200
115 357 484.167 0.200
116 278 178.668 0.210
116 279 179.212 0.250
116 280 178.777 0.230
116 281 179.340 0.240
116 282 179.330 0.230
116 283 180.070 0.200
116 284 180.407 0.190
116 285 181.483 0.190
116 286 182.086 0.180
116 287 183.567 0.180
116 288 184.324 0.170
116 289 185.816 0.170
116 290 186.394 -0.140
116 291 187.964 -0.150
116 292 189.079 -0.140
116 293 190.906 -0.150
116 294 192.640 -0.140
116 295 194.885 -0.170
116 296 196.997 -0.220
116 297 198.972 -0.180
116 298 201.145 -0.240
116 299 203.107 -0.180
116 300 205.868 -0.210
116 301 208.181 -0.220
116 302 211.088 -0.240
116 303 213.604 -0.220
116 304 216.698 -0.240
116 305 219.464 -0.240
116 306 222.679 0.350
116 307 225.238 0.350
116 308 227.924 0.380
116 309 231.355 0.350
116 310 234.416 0.370
116 311 237.547 0.370
116 312 240.999 0.380
116 313 244.544 0.330
116 314 248.212 0.340
116 315 251.594 0.340
116 316 255.378 0.380
116 317 259.069 0.260
116 318 263.064 0.330
116 319 266.090 0.280
116 320 271.092 0.320
116 321 274.268 0.290
116 322 279.087 0.290
116 323 282.661 0.280
116 324 287.829 0.290
116 325 291.175 0.270
116 326 296.772 0.280
116 327 300.372 0.250
116 328 306.176 0.280
116 329 310.249 0.260
116 330 315.494 0.250
116 331 319.869 0.240
116 332 325.135 0.240
116 333 329.614 0.230
116 334 335.288 0.250
116 335 339.752 0.220
116 336 345.597 0.250
116 337 350.663 0.210
116 338 356.107 0.240
116 339 360.806 0.220
116 340 366.834 0.220
116 341 371.703 0.220
116 342 378.063 0.210
116 343 383.177 0.210
116 344 389.536 0.220
116 345 395.275 0.210
116 346 401.426 0.210
116 347 407.129 0.220
116 348 413.674 0.200
116 349 419.279 0.200
116 350 426.358 0.210
116 351 431.970 0.200
116 352 439.195 0.210
116 353 444.937 0.190
116 354 452.291 0.200
116 355 458.268 0.190
116 356 465.899 0.190
116 357 472.541 0.140
116 358 479.483 0.180
116 359 485.325 -0.140
116 360 493.048 -0.140
116 361 499.140 -0.180
116 362 506.992 -0.200
116 363 513.239 -0.210
116 364 520.982 -0.190
116 365 527.490 -0.220
116 366 535.628 -0.200
116 367 542.190 -0.220
116 368 550.079 -0.210
116 369 557.114 -0.210
116 370 564.901 -0.210
116 371 571.132 -0.210
116 372 579.666 -0.210
116 373 586.000 -0.210
116 374 594.545 0.390
116 375 607.435 0.370
116 376 609.736 0.400
116 377 621.757 0.390
116 378 625.138 0.400
116 379 637.515 0.390
116 380 640.970 0.390
116 381 647.683 0.360
116 382 656.782 0.390
116 383 663.272 0.390
116 384 673.138 0.370
116 385 679.259 0.390
116 386 689.247 0.390
117 280 188.075 0.240
117 281 187.425 0.210
117 282 187.408 0.200
117 283 187.732 0.210
117 284 188.220 0.190
117 285 188.255 0.190
117 286 189.131 0.190
117 287 189.506 0.170
117 288 190.614 -0.140
117 289 190.996 -0.140
117 290 192.136 -0.140
117 291 192.857 -0.130
117 292 194.355 -0.140
117 293 195.342 -0.140
117 294 197.151 -0.170
117 295 198.530 -0.110
117 296 200.699 -0.190
117 297 202.377 -0.210
117 298 204.309 -0.190
117 299 206.099 -0.230
117 300 208.048 -0.200
117 301 210.489 -0.230
117 302 212.675 -0.210
117 303 215.258 -0.220
117 304 218.015 -0.230
117 305 220.727 -0.240
117 306 223.277 -0.230
117 307 226.358 -0.250
117 308 229.008 0.350
117 309 232.218 0.350
117 310 234.793 0.350
117 311 237.613 0.370
117 312 240.850 0.340
117 313 244.430 0.350
117 314 247.519 0.330
117 315 250.633 0.380
117 316 254.351 0.330
117 317 257.547 0.380
117 318 261.154 0.330
117 319 265.046 0.340
117 320 267.842 0.280
117 321 272.644 0.320
117 322 276.125 0.310
117 323 280.485 0.300
117 324 284.114 0.300
117 325 289.063 0.310
117 326 292.762 0.270
117 327 297.477 0.290
117 328 301.209 0.270
117 329 306.737 0.280
117 330 310.544 0.260
117 331 315.789 0.260
117 332 320.504 0.250
117 333 325.564 0.270
117 334 329.790 0.260
117 335 335.154 0.250
117 336 339.714 0.220
117 337 345.022 0.230
117 338 350.006 0.200
117 339 355.203 0.220
117 340 359.972 0.220
117 341 365.793 0.230
117 342 371.085 0.220
117 343 376.969 0.230
117 344 382.028 0.220
117 345 388.446 0.240
117 346 393.634 0.220
117 347 400.160 0.240
117 348 406.325 0.250
117 349 412.154 0.240
117 350 417.161 0.200
117 351 423.971 0.200
117 352 429.625 0.210
117 353 436.466 0.180
117 354 442.244 0.180
117 355 449.306 0.180
117 356 456.307 0.120
117 357 462.784 -0.140
117 358 468.587 -0.140
117 359 475.736 -0.140
117 360 481.633 -0.140
117 361 488.982 -0.160
117 362 495.023 -0.190
117 363 502.739 -0.190
117 364 508.927 -0.200
117 365 516.913 -0.210
117 366 522.763 -0.200
117 367 530.923 -0.200
117 368 537.293 -0.200
117 369 545.233 -0.200
117 370 551.719 -0.210
117 371 559.736 -0.200
117 372 565.920 -0.210
117 373 574.488 -0.210
117 374 580.753 -0.220
117 375 589.342 -0.210
117 376 601.363 0.350
117 377 604.724 -0.210
117 378 611.872 -0.220
117 379 622.320 0.040
117 380 626.402 0.360
117 381 635.045 0.360
117 382 641.771 0.360
117 383 650.667 0.350
117 384 656.816 0.380
117 385 666.795 0.330
117 386 673.043 0.330
117 387 682.788 0.330
118 282 195.444 0.210
118 283 195.826 0.240
118 284 195.333 0.240
118 285 195.623 0.200
118 286 195.503 0.190
118 287 196.308 0.190
118 288 196.313 0.170
118 289 196.820 -0.140
118 290 197.168 -0.140
118 291 198.125 -0.140
118 292 198.815 -0.140
118 293 200.012 -0.140
118 294 200.913 -0.140
118 295 202.342 -0.150
118 296 203.646 -0.110
118 297 205.523 -0.170
118 298 207.501 -0.210
118 299 209.234 -0.210
118 300 210.620 -0.230
118 301 212.694 -0.240
118 302 214.697 -0.210
118 303 216.757 -0.230
118 304 219.400 -0.250
118 305 221.575 -0.200
118 306 224.314 -0.250
118 307 226.542 -0.230
118 308 229.519 -0.250
118 309 232.414 0.360
118 310 235.145 0.360
118 311 237.831 -0.220
118 312 240.837 0.350
118 313 243.431 0.340
118 314 246.707 0.340
118 315 249.542 0.340
118 316 253.115 0.340
118 317 256.272 0.340
118 318 259.824 0.340
118 319 262.723 0.330
118 320 266.576 0.340
118 321 269.367 0.330
118 322 274.204 0.300
118 323 277.226 0.330
118 324 281.810 0.270
118 325 284.936 0.310
118 326 289.652 0.290
118 327 292.774 0.270
118 328 297.808 0.290
118 329 301.438 0.230
118 330 306.699 0.280
118 331 310.501 0.240
118 332 315.619 0.250
118 333 320.414 0.270
118 334 324.923 0.260
118 335 329.243 0.270
118 336 334.460 0.240
118 337 339.094 0.280
118 338 344.344 0.230
118 339 349.213 0.260
118 340 354.061 0.220
118 341 358.853 0.220
118 342 364.353 0.230
118 343 369.101 0.220
118 344 374.984 0.220
118 345 380.136 0.220
118 346 386.132 0.220
118 347 391.595 0.220
118 348 397.574 0.230
118 349 403.601 0.250
118 350 409.230 0.210
118 351 414.844 0.210
118 352 421.175 0.210
118 353 426.590 0.210
118 354 433.480 0.200
118 355 438.920 0.200
118 356 446.406 -0.140
118 357 451.896 -0.140
118 358 458.851 -0.140
118 359 464.285 -0.140
118 360 471.724 -0.130
118 361 477.430 -0.180
118 362 484.597 -0.180
118 363 490.527 -0.170
118 364 498.010 -0.190
118 365 504.072 -0.200
118 366 511.542 -0.190
118 367 517.697 -0.200
118 368 525.671 -0.210
118 369 531.693 -0.190
118 370 540.068 -0.200
118 371 546.244 -0.200
118 372 554.342 -0.210
118 373 560.081 -0.210
118 374 568.433 -0.220
118 375 574.787 -0.200
118 376 583.351 -0.200
118 377 602.169 -0.220
118 378 598.461 0.370
118 379 604.884 0.370
118 380 613.182 0.370
118 381 619.927 0.360
118 382 628.571 0.360
118 383 635.280 0.360
118 384 643.954 0.360
118 385 650.028 0.350
118 386 659.528 0.350
118 387 666.000 0.330
118 388 675.443 0.340
119 284 204.775 0.220
119 285 204.448 0.210
119 286 205.067 0.250
119 287 204.059 -0.180
119 288 204.313 -0.180
119 289 204.129 -0.170
119 290 204.644 -0.170
119 291 204.859 -0.140
119 292 205.580 -0.170
119 293 206.070 -0.140
119 294 207.274 -0.140
119 295 207.914 -0.140
119 296 209.339 -0.140
119 297 210.539 -0.180
119 298 212.038 -0.180
119 299 213.416 -0.180
119 300 215.019 -0.210
119 301 216.709 -0.240
119 302 218.592 -0.240
119 303 220.353 -0.230
119 304 222.159 -0.220
119 305 224.695 -0.180
119 306 226.878 -0.210
119 307 229.025 -0.210
119 308 231.751 -0.250
119 309 233.973 -0.210
119 310 236.419 -0.250
119 311 239.350 0.350
119 312 241.669 0.350
119 313 244.568 0.350
119 314 247.145 0.350
119 315 250.203 0.340
119 316 252.971 0.340
119 317 256.236 0.340
119 318 259.271 0.340
119 319 262.553 0.340
119 320 265.413 0.330
119 321 269.302 0.360
119 322 272.058 0.330
119 323 276.533 0.330
119 324 279.237 0.330
119 325 283.565 0.300
119 326 286.423 0.310
119 327 291.165 0.290
119 328 294.305 0.290
119 329 299.469 0.280
119 330 302.567 0.250
119 331 307.703 0.270
119 332 311.552 0.240
119 333 316.377 0.250
119 334 320.999 0.230
119 335 325.465 0.250
119 336 329.717 0.280
119 337 334.789 0.250
119 338 339.316 0.220
119 339 344.415 0.240
119 340 349.210 0.220
119 341 354.365 0.230
119 342 358.770 0.250
119 343 364.482 0.260
119 344 369.168 0.260
119 345 374.605 0.210
119 346 379.382 0.220
119 347 385.383 0.210
119 348 390.536 0.220
119 349 396.588 0.220
119 350 401.682 0.220
119 351 407.833 0.210
119 352 413.169 0.220
119 353 419.561 0.210
119 354 425.293 0.220
119 355 431.713 0.200
119 356 437.097 -0.150
119 357 444.106 -0.140
119 358 449.403 -0.140
119 359 456.255 -0.150
119 360 461.803 -0.180
119 361 468.689 -0.150
119 362 474.214 -0.180
119 363 481.543 -0.180
119 364 487.295 -0.180
119 365 494.606 -0.180
119 366 500.386 -0.180
119 367 507.983 -0.180
119 368 513.758 -0.180
119 369 521.681 -0.200
119 370 527.715 -0.190
119 371 535.634 -0.200
119 372 542.136 -0.180
119 373 549.751 -0.200
119 374 555.874 -0.190
119 375 563.928 -0.190
119 376 570.438 -0.220
119 377 578.653 -0.180
119 378 597.820 -0.200
119 379 593.508 -0.200
119 380 600.168 -0.200
119 381 608.024 0.370
119 382 614.678 0.360
119 383 622.947 0.360
119 384 629.369 0.360
119 385 638.228 0.360
119 386 644.121 0.360
119 387 653.626 0.360
119 388 659.859 0.340
119 389 669.268 0.350
119 390 675.480 0.350
119 391 685.089 0.350
119 392 691.738 0.350
119 393 701.028 0.340
119 394 712.536 0.330
119 395 717.261 0.330
119 396 728.639 0.330
119 397 733.415 0.310
119 398 739.930 0.330
119 399 749.681 0.330
119 400 756.363 0.330
119 401 766.241 0.330
119 402 772.675 0.300
119 403 782.763 0.290
119 404 788.822 0.290
119 405 799.792 0.290
119 406 806.151 0.250
119 407 816.929 0.300
119 408 822.999 0.280
119 409 834.042 0.270
120 286 212.931 0.220
120 287 212.893 0.200
120 288 211.910 -0.150
120 289 211.900 -0.150
120 290 211.534 -0.180
120 291 211.864 -0.140
120 292 211.901 -0.140
120 293 212.357 -0.160
120 294 212.761 -0.140
120 295 213.840 -0.140
120 296 214.326 -0.140
120 297 215.524 -0.170
120 298 216.491 -0.200
120 299 217.932 -0.180
120 300 219.177 -0.230
120 301 220.762 -0.220
120 302 221.869 -0.230
120 303 223.312 -0.220
120 304 225.600 -0.210
120 305 227.127 -0.230
120 306 229.521 -0.210
120 307 231.239 -0.230
120 308 233.507 -0.250
120 309 235.586 -0.250
120 310 238.663 0.360
120 311 240.259 -0.250
120 312 242.899 -0.220
120 313 245.399 0.350
120 314 248.370 0.340
120 315 250.579 0.350
120 316 253.741 0.350
120 317 256.247 0.340
120 318 259.241 0.340
120 319 262.288 0.330
120 320 265.870 0.330
120 321 268.685 0.320
120 322 271.879 0.330
120 323 274.308 0.330
120 324 278.460 0.340
120 325 280.932 0.330
120 326 285.432 0.300
120 327 288.003 0.310
120 328 292.927 0.290
120 329 296.059 0.280
120 330 300.741 0.310
120 331 303.953 0.230
120 332 308.726 0.270
120 333 312.623 0.280
120 334 317.110 0.260
120 335 320.884 0.250
120 336 325.927 0.260
120 337 329.860 0.260
120 338 334.980 0.250
120 339 339.256 0.220
120 340 344.256 0.230
120 341 349.066 0.270
120 342 353.703 0.220
120 343 358.304 0.240
120 344 363.436 0.220
120 345 368.641 0.260
120 346 373.596 0.220
120 347 378.205 0.220
120 348 383.965 0.220
120 349 389.106 0.220
120 350 395.094 0.230
120 351 400.152 0.220
120 352 405.894 0.210
120 353 410.780 0.210
120 354 417.493 0.210
120 355 422.641 0.210
120 356 429.498 -0.140
120 357 434.406 -0.140
120 358 441.119 -0.150
120 359 446.387 -0.140
120 360 453.174 -0.140
120 361 458.449 -0.170
120 362 465.338 -0.160
120 363 470.890 -0.180
120 364 477.855 -0.160
120 365 483.530 -0.190
120 366 490.617 -0.180
120 367 496.260 -0.170
120 368 503.741 -0.180
120 369 509.447 -0.190
120 370 517.129 -0.200
120 371 523.231 -0.190
120 372 530.884 -0.190
120 373 537.245 -0.210
120 374 544.871 -0.200
120 375 550.795 -0.210
120 376 558.693 -0.200
120 377 565.101 -0.180
120 378 573.177 -0.210
120 379 584.847 -0.190
120 380 587.803 -0.200
120 381 594.520 -0.220
120 382 602.496 0.370
120 383 608.670 0.370
120 384 617.205 0.370
120 385 623.571 0.360
120 386 632.306 0.360
120 387 638.166 0.350
120 388 647.350 0.360
120 389 653.434 0.350
120 390 662.965 0.340
120 391 668.741 0.370
120 392 678.385 0.340
120 393 684.908 0.390
120 394 694.194 0.340
120 395 705.320 0.330
120 396 710.122 0.310
120 397 716.199 0.320
120 398 725.919 0.310
120 399 732.342 0.330
120 400 742.000 0.310
120 401 748.133 0.300
120 402 758.360 0.300
120 403 764.755 0.300
120 404 774.623 0.300
120 405 780.674 0.290
120 406 791.436 0.310
120 407 797.569 0.250
120 408 808.379 0.250
120 409 814.910 0.250
120 410 825.510 0.240
121 287 222.570 0.210
121 288 221.820 -0.170
121 289 221.280 -0.150
121 290 220.870 -0.170
121 291 220.620 -0.140
121 292 220.790 -0.150
121 293 220.490 -0.140
121 294 220.980 -0.170
121 295 220.970 -0.160
121 296 221.790 -0.170
121 297 222.280 -0.190
121 298 223.330 -0.220
121 299 224.110 -0.220
121 300 225.290 -0.200
121 301 226.230 -0.220
121 302 227.570 -0.230
121 303 228.680 -0.240
121 304 230.310 -0.210
121 305 232.050 -0.210
121 306 233.380 -0.230
121 307 235.270 -0.250
121 308 237.120 -0.230
121 309 239.200 -0.250
121 310 241.170 -0.250
121 311 243.490 -0.250
121 312 245.540 -0.250
121 313 248.130 -0.250
121 314 250.220 0.350
121 315 252.860 0.350
121 316 255.030 0.350
121 317 258.030 0.350
121 318 260.120 0.340
121 319 263.550 0.350
121 320 266.010 0.350
121 321 269.070 0.350
121 322 271.960 0.340
121 323 275.020 0.380
121 324 277.510 0.330
121 325 281.550 0.350
121 326 284.310 0.320
121 327 288.530 0.300
121 328 290.950 0.310
121 329 295.520 0.290
121 330 298.520 0.310
121 331 303.200 0.310
121 332 306.690 0.300
121 333 311.130 0.300
121 334 313.890 0.240
121 335 319.060 0.260
121 336 322.770 0.230
121 337 327.800 0.260
121 338 331.070 0.230
121 339 336.070 0.230
121 340 340.170 0.230
121 341 345.030 0.220
121 342 349.860 0.210
121 343 354.260 0.220
121 344 358.510 0.220
121 345 363.820 0.220
121 346 368.120 0.220
121 347 373.690 0.210
121 348 378.280 0.220
121 349 383.870 0.210
121 350 388.610 0.210
121 351 394.370 0.210
121 352 399.880 0.240
121 353 405.250 0.210
121 354 410.080 0.210
121 355 416.420 0.200
121 356 421.620 0.200
121 357 428.320 -0.170
121 358 432.980 -0.180
121 359 439.600 -0.170
121 360 444.690 -0.180
121 361 451.200 -0.170
121 362 456.550 -0.180
121 363 463.240 -0.180
121 364 468.580 -0.180
121 365 475.570 -0.180
121 366 481.070 -0.180
121 367 488.140 -0.190
121 368 493.680 -0.180
121 369 500.910 -0.180
121 370 506.540 -0.180
121 371 514.270 -0.210
121 372 519.960 -0.190
121 373 527.550 -0.180
121 374 533.810 -0.210
121 375 541.400 -0.180
121 376 547.530 -0.240
121 377 554.840 -0.190
121 378 561.180 -0.190
121 379 569.100 -0.220
121 380 576.170 -0.210
121 381 583.470 0.370
121 382 589.740 -0.190
121 383 598.340 -0.180
121 384 603.940 0.360
121 385 612.310 0.370
121 386 618.520 0.360
121 387 627.070 0.360
121 388 632.880 0.360
121 389 641.760 0.400
121 390 648.020 0.360
121 391 658.250 0.330
121 392 663.330 0.390
121 393 672.610 0.390
121 394 679.560 0.350
121 395 688.350 0.340
121 396 694.650 0.340
121 397 704.020 0.340
121 398 710.270 0.330
121 399 719.550 0.330
121 400 726.000 0.330
121 401 735.410 0.310
121 402 741.590 0.300
121 403 751.610 0.300
121 404 757.670 0.280
121 405 767.750 0.300
121 406 774.660 0.280
121 407 784.320 0.290
121 408 790.930 0.310
121 409 800.930 0.300
121 410 807.890 0.250
121 411 817.710 0.260
122 288 231.810 0.210
122 289 230.650 -0.190
122 290 229.650 -0.170
122 291 229.250 -0.170
122 292 228.710 -0.170
122 293 228.580 -0.170
122 294 228.210 -0.170
122 295 228.390 -0.180
122 296 228.510 -0.170
122 297 229.160 -0.220
122 298 229.550 -0.220
122 299 230.190 -0.180
122 300 230.690 -0.210
122 301 231.900 -0.180
122 302 232.570 -0.220
122 303 233.780 -0.220
122 304 234.720 -0.230
122 305 235.980 -0.230
122 306 237.400 -0.220
122 307 238.960 -0.230
122 308 240.690 -0.250
122 309 242.390 -0.220
122 310 244.280 -0.250
122 311 246.100 -0.230
122 312 248.310 -0.250
122 313 250.790 0.360
122 314 252.570 -0.250
122 315 254.710 0.350
122 316 257.210 0.350
122 317 259.190 0.350
122 318 261.970 0.350
122 319 264.290 0.340
122 320 267.040 0.350
122 321 269.370 0.340
122 322 272.530 0.340
122 323 275.180 0.330
122 324 278.420 0.340
122 325 280.650 0.330
122 326 284.410 0.340
122 327 286.890 0.340
122 328 291.190 0.330
122 329 293.270 0.320
122 330 297.750 0.290
122 331 300.690 0.280
122 332 304.940 0.310
122 333 308.260 0.300
122 334 312.530 0.280
122 335 315.890 0.270
122 336 320.310 0.260
122 337 323.810 0.250
122 338 328.510 0.260
122 339 332.190 0.260
122 340 336.960 0.230
122 341 340.810 0.220
122 342 345.830 0.240
122 343 350.490 0.260
122 344 354.920 0.250
122 345 358.960 0.240
122 346 364.160 0.220
122 347 368.310 0.220
122 348 373.550 0.220
122 349 378.030 0.210
122 350 383.490 0.210
122 351 388.180 0.220
122 352 393.790 0.210
122 353 399.200 0.250
122 354 404.410 0.210
122 355 408.950 0.200
122 356 415.250 0.210
122 357 420.200 -0.170
122 358 426.380 -0.170
122 359 431.050 -0.180
122 360 437.550 -0.150
122 361 442.560 -0.140
122 362 448.780 -0.170
122 363 454.010 -0.180
122 364 460.710 -0.180
122 365 465.900 -0.170
122 366 472.720 -0.170
122 367 478.100 -0.180
122 368 484.950 -0.190
122 369 490.320 -0.180
122 370 497.610 -0.180
122 371 503.230 -0.180
122 372 510.440 -0.210
122 373 516.270 -0.190
122 374 523.590 -0.200
122 375 529.620 -0.210
122 376 537.090 -0.200
122 377 542.970 -0.210
122 378 550.530 -0.190
122 379 556.530 -0.200
122 380 564.390 -0.210
122 381 571.070 -0.200
122 382 578.730 -0.220
122 383 585.140 -0.220
122 384 593.250 -0.180
122 385 599.050 0.360
122 386 607.260 0.370
122 387 613.330 0.360
122 388 621.850 0.360
122 389 627.520 0.360
122 390 636.630 0.360
122 391 642.460 0.360
122 392 651.540 0.350
122 393 657.660 0.350
122 394 666.610 0.340
122 395 679.090 0.350
122 396 681.950 0.350
122 397 688.390 0.350
122 398 697.720 0.330
122 399 703.460 0.330
122 400 713.090 0.330
122 401 719.300 0.330
122 402 728.630 0.320
122 403 734.810 0.300
122 404 744.600 0.320
122 405 751.320 0.330
122 406 760.690 0.300
122 407 767.290 0.280
122 408 777.090 0.320
122 409 782.740 0.290
122 410 793.310 0.300
122 411 799.640 0.280
122 412 809.950 0.280
123 289 242.420 0.270
123 290 240.980 -0.220
123 291 239.860 -0.180
123 292 239.350 -0.210
123 293 238.500 -0.180
123 294 238.200 -0.180
123 295 237.750 -0.180
123 296 237.690 -0.210
123 297 237.810 -0.230
123 298 237.810 -0.220
123 299 238.120 -0.230
123 300 238.670 -0.230
123 301 238.990 -0.220
123 302 240.100 -0.240
123 303 240.440 -0.230
123 304 241.480 -0.220
123 305 242.160 -0.230
123 306 243.310 -0.230
123 307 244.800 -0.250
123 308 245.890 -0.230
123 309 247.640 -0.250
123 310 249.050 -0.230
123 311 250.930 -0.250
123 312 252.530 -0.240
123 313 254.660 0.370
123 314 256.250 -0.250
123 315 258.420 0.360
123 316 260.280 0.350
123 317 262.340 0.360
123 318 264.410 0.360
123 319 266.770 0.360
123 320 268.880 0.350
123 321 271.510 0.360
123 322 273.950 0.350
123 323 276.990 0.340
123 324 279.250 0.340
123 325 282.380 0.350
123 326 284.690 0.330
123 327 288.420 0.340
123 328 291.670 0.330
123 329 294.430 0.340
123 330 296.670 0.320
123 331 301.040 0.330
123 332 303.760 0.320
123 333 307.870 0.290
123 334 311.290 0.320
123 335 315.480 0.230
123 336 318.360 0.230
123 337 322.910 0.290
123 338 326.600 0.230
123 339 330.650 0.230
123 340 334.430 0.280
123 341 338.900 0.240
123 342 342.800 0.220
123 343 347.460 0.220
123 344 351.750 0.260
123 345 356.270 0.220
123 346 360.260 0.220
123 347 365.380 0.220
123 348 369.640 0.220
123 349 374.670 0.220
123 350 379.060 0.220
123 351 384.420 0.240
123 352 388.820 0.210
123 353 394.310 0.210
123 354 399.490 0.260
123 355 404.600 0.210
123 356 409.260 0.210
123 357 415.390 0.210
123 358 419.960 -0.180
123 359 426.170 -0.180
123 360 430.590 -0.180
123 361 436.940 -0.170
123 362 441.740 -0.180
123 363 448.080 -0.170
123 364 452.920 -0.190
123 365 459.480 -0.200
123 366 464.630 -0.190
123 367 471.500 -0.210
123 368 476.560 -0.190
123 369 483.300 -0.200
123 370 488.700 -0.210
123 371 495.750 -0.210
123 372 501.200 -0.210
123 373 508.160 -0.200
123 374 514.020 -0.220
123 375 521.190 -0.210
123 376 527.050 -0.200
123 377 534.370 -0.220
123 378 540.170 -0.220
123 379 547.500 -0.210
123 380 553.680 -0.190
123 381 561.350 -0.210
123 382 567.680 -0.200
123 383 575.340 0.380
123 384 581.670 -0.230
123 385 589.000 0.370
123 386 595.580 0.350
123 387 603.150 0.370
123 388 609.200 0.370
123 389 617.660 0.370
123 390 623.540 0.340
123 391 632.060 0.360
123 392 637.940 0.360
123 393 646.730 0.340
123 394 652.830 0.360
123 395 661.880 0.350
123 396 673.220 0.350
123 397 676.880 0.340
123 398 682.940 0.350
123 399 692.120 0.340
123 400 698.080 0.330
123 401 707.390 0.340
123 402 713.540 0.320
123 403 723.050 0.330
123 404 729.090 0.310
123 405 738.590 0.310
123 406 744.990 0.310
123 407 754.590 0.310
123 408 760.960 0.280
123 409 770.700 0.280
123 410 777.250 0.270
123 411 787.120 0.310
123 412 792.900 0.270
123 413 803.450 0.290
124 290 251.520 -0.190
124 291 250.530 -0.190
124 292 249.420 -0.180
124 293 248.420 -0.180
124 294 247.410 -0.180
124 295 247.090 -0.170
124 296 246.560 -0.220
124 297 246.220 -0.190
124 298 245.860 -0.220
124 299 246.140 -0.230
124 300 246.000 -0.230
124 301 246.170 -0.230
124 302 246.650 -0.240
124 303 247.600 -0.250
124 304 247.650 -0.230
124 305 248.500 -0.220
124 306 249.030 -0.230
124 307 249.980 -0.220
124 308 251.180 -0.250
124 309 252.720 -0.220
124 310 253.730 -0.250
124 311 255.210 -0.240
124 312 256.590 -0.250
124 313 258.190 -0.230
124 314 259.960 -0.250
124 315 261.310 -0.250
124 316 263.750 0.360
124 317 265.370 0.360
124 318 267.590 0.350
124 319 269.460 0.350
124 320 271.560 0.360
124 321 273.580 0.350
124 322 275.970 0.360
124 323 278.230 0.350
124 324 280.940 0.340
124 325 283.240 0.340
124 326 286.410 0.340
124 327 288.200 0.330
124 328 292.520 0.320
124 329 294.800 0.320
124 330 297.650 0.360
124 331 300.390 0.330
124 332 304.070 0.330
124 333 306.390 0.310
124 334 310.780 0.330
124 335 313.720 0.310
124 336 318.010 0.300
124 337 320.330 0.250
124 338 324.870 0.270
124 339 327.990 0.250
124 340 332.330 0.240
124 341 335.610 0.260
124 342 340.340 0.240
124 343 344.020 0.260
124 344 348.650 0.240
124 345 352.790 0.210
124 346 357.290 0.220
124 347 361.190 0.220
124 348 366.100 0.220
124 349 370.310 0.220
124 350 375.150 0.220
124 351 379.290 0.210
124 352 384.440 0.210
124 353 389.000 0.220
124 354 394.180 0.210
124 355 398.970 0.200
124 356 404.280 0.210
124 357 408.970 0.210
124 358 414.990 0.230
124 359 419.040 -0.150
124 360 425.090 -0.150
124 361 429.350 -0.180
124 362 435.620 -0.150
124 363 440.280 -0.150
124 364 446.460 -0.180
124 365 451.100 -0.190
124 366 457.580 -0.180
124 367 462.630 -0.190
124 368 469.430 -0.210
124 369 474.190 -0.190
124 370 481.080 -0.220
124 371 486.380 -0.200
124 372 493.040 -0.210
124 373 498.150 -0.200
124 374 505.380 -0.190
124 375 510.720 -0.190
124 376 517.920 -0.210
124 377 524.090 -0.190
124 378 531.000 -0.200
124 379 536.430 -0.200
124 380 543.890 -0.200
124 381 550.150 -0.190
124 382 557.620 -0.200
124 383 563.500 -0.200
124 384 571.530 -0.190
124 385 577.640 -0.210
124 386 584.760 0.380
124 387 590.560 0.370
124 388 598.620 0.370
124 389 604.770 0.360
124 390 612.770 0.370
124 391 618.580 0.360
124 392 627.340 0.360
124 393 633.130 0.340
124 394 641.880 0.340
124 395 647.760 0.340
124 396 656.590 0.350
124 397 662.450 0.350
124 398 671.360 0.340
124 399 677.750 0.330
124 400 686.580 0.340
124 401 692.660 0.350
124 402 701.600 0.340
124 403 707.910 0.330
124 404 716.980 0.310
124 405 722.900 0.330
124 406 732.150 0.340
124 407 738.600 0.300
124 408 748.130 0.290
124 409 754.420 0.270
124 410 764.060 0.320
124 411 770.290 0.300
124 412 779.870 0.290
124 413 786.210 0.310
124 414 796.290 0.300
