# hfbd1m: Z A ME(MeV) beta2 — extracted from TALYS-1.95 structure/masses/hfbd1m/ (see tools/make_mass_models.py)
5 8 21.190 0.700
5 9 14.530 0.730
6 9 27.180 -0.240
6 10 16.890 0.080
6 11 11.820 -0.370
6 12 4.890 -0.350
6 13 4.500 0.000
6 14 3.700 0.000
6 15 10.530 0.030
6 16 13.650 0.210
6 17 20.890 0.450
6 18 26.100 -0.310
6 19 35.190 -0.390
6 20 40.790 -0.410
6 21 51.080 0.080
6 22 57.840 0.000
6 23 68.610 -0.110
6 24 78.160 0.000
7 11 23.900 0.000
7 12 16.740 -0.140
7 13 6.550 0.000
7 14 2.810 0.000
7 15 -0.890 0.000
7 16 3.820 0.140
7 17 5.850 0.000
7 18 11.740 0.020
7 19 14.590 -0.010
7 20 21.780 -0.180
7 21 25.610 0.000
7 22 33.080 0.000
7 23 38.920 0.000
7 24 48.810 -0.080
7 25 57.050 0.000
7 26 68.350 -0.060
7 27 77.380 0.000
8 12 31.020 0.000
8 13 21.120 -0.050
8 14 8.170 0.000
8 15 1.560 0.000
8 16 -4.940 0.000
8 17 -2.400 -0.080
8 18 -2.580 0.000
8 19 1.430 0.000
8 20 2.620 0.000
8 21 7.900 -0.040
8 22 9.880 0.000
8 23 15.630 0.000
8 24 20.590 0.000
8 25 29.150 -0.050
8 26 35.820 0.000
8 27 46.040 -0.040
8 28 53.720 0.000
8 29 66.640 -0.070
8 30 74.630 0.000
9 13 46.270 -0.150
9 14 33.420 0.380
9 15 17.520 0.030
9 16 8.920 0.140
9 17 0.280 -0.080
9 18 -0.900 0.040
9 19 -2.170 0.280
9 20 -1.160 0.400
9 21 -1.780 0.310
9 22 1.210 0.280
9 23 2.530 -0.160
9 24 8.400 -0.120
9 25 12.440 -0.080
9 26 19.280 -0.120
9 27 24.940 -0.090
9 28 33.800 -0.090
9 29 40.660 -0.040
9 30 53.140 0.030
9 31 59.290 0.290
9 32 69.180 0.360
10 15 42.750 0.530
10 16 23.980 0.250
10 17 14.050 0.000
10 18 3.190 0.000
10 19 0.960 0.290
10 20 -5.290 0.430
10 21 -6.600 0.500
10 22 -8.390 0.470
10 23 -7.120 0.340
10 24 -7.130 0.200
10 25 -3.050 -0.020
10 26 0.890 0.000
10 27 6.630 -0.100
10 28 10.730 0.000
10 29 18.660 -0.070
10 30 24.080 0.000
10 31 32.810 -0.070
10 32 38.920 0.340
10 33 47.750 0.380
10 34 55.340 0.430
10 35 68.270 0.450
10 36 76.800 0.410
11 16 54.390 0.650
11 17 34.590 0.480
11 18 23.380 0.020
11 19 10.590 0.010
11 20 5.510 0.410
11 21 -3.190 0.510
11 22 -6.440 0.540
11 23 -9.920 0.530
11 24 -9.810 0.410
11 25 -10.970 0.360
11 26 -8.040 -0.140
11 27 -5.910 0.010
11 28 -1.400 0.080
11 29 1.600 0.010
11 30 8.220 0.050
11 31 13.020 0.000
11 32 19.890 -0.060
11 33 24.040 0.410
11 34 32.330 0.380
11 35 38.910 0.430
11 36 50.830 0.450
11 37 58.230 0.420
11 38 67.590 0.410
11 39 75.860 0.440
12 18 43.560 -0.360
12 19 30.050 -0.070
12 20 15.490 0.000
12 21 8.550 0.330
12 22 -1.170 0.480
12 23 -6.140 0.530
12 24 -11.200 0.530
12 25 -12.720 0.390
12 26 -16.470 -0.310
12 27 -15.390 -0.160
12 28 -14.870 0.000
12 29 -11.710 -0.140
12 30 -9.780 0.000
12 31 -4.460 -0.080
12 32 -0.860 0.000
12 33 5.430 0.110
12 34 9.580 0.410
12 35 17.080 0.350
12 36 22.800 0.410
12 37 29.700 0.390
12 38 35.390 0.410
12 39 44.210 0.400
12 40 51.910 0.430
12 41 66.110 0.450
12 42 74.140 -0.240
12 43 83.050 -0.210
13 19 58.090 -0.440
13 20 43.180 -0.180
13 21 24.710 0.120
13 22 15.630 0.290
13 23 4.170 0.350
13 24 -2.010 0.410
13 25 -8.690 0.400
13 26 -12.220 0.310
13 27 -17.260 -0.340
13 28 -17.340 0.210
13 29 -18.690 0.210
13 30 -16.660 0.190
13 31 -15.630 0.150
13 32 -11.240 0.110
13 33 -8.210 0.040
13 34 -3.810 0.140
13 35 -1.240 0.240
13 36 4.770 0.310
13 37 8.990 0.340
13 38 15.340 0.330
13 39 20.610 0.330
13 40 28.950 0.340
13 41 36.260 0.330
13 42 48.160 0.290
13 43 55.520 0.220
13 44 64.190 0.170
13 45 72.220 0.130
13 46 81.400 0.090
13 47 90.260 0.080
14 21 52.420 0.000
14 22 31.000 0.000
14 23 21.300 -0.170
14 24 8.550 0.240
14 25 1.110 0.390
14 26 -8.020 -0.320
14 27 -12.830 -0.340
14 28 -19.710 -0.370
14 29 -20.750 -0.270
14 30 -23.020 0.000
14 31 -22.660 -0.180
14 32 -23.120 0.000
14 33 -19.900 -0.080
14 34 -18.340 0.000
14 35 -14.330 -0.080
14 36 -12.710 0.030
14 37 -7.640 0.270
14 38 -5.160 0.290
14 39 0.610 0.300
14 40 5.290 0.300
14 41 12.490 -0.290
14 42 17.670 -0.320
14 43 25.610 -0.280
14 44 32.330 -0.250
14 45 41.120 -0.210
14 46 48.960 0.000
14 47 57.730 0.000
14 48 66.370 0.000
14 49 79.140 -0.090
14 50 88.400 0.000
15 22 61.250 -0.140
15 23 41.450 0.000
15 24 31.860 -0.140
15 25 17.680 -0.100
15 26 8.720 0.030
15 27 -1.970 0.230
15 28 -8.300 -0.220
15 29 -16.090 -0.280
15 30 -19.620 0.000
15 31 -23.720 0.000
15 32 -24.200 0.120
15 33 -26.020 0.000
15 34 -24.180 -0.070
15 35 -23.710 0.000
15 36 -20.480 -0.070
15 37 -19.950 0.130
15 38 -16.140 0.220
15 39 -14.520 0.230
15 40 -9.700 0.280
15 41 -6.020 0.270
15 42 0.610 0.290
15 43 5.170 -0.270
15 44 12.050 0.150
15 45 17.800 0.180
15 46 25.810 0.120
15 47 32.880 0.000
15 48 40.990 0.000
15 49 48.970 0.000
15 50 61.360 -0.090
15 51 69.890 0.060
15 52 80.420 0.070
16 24 50.730 0.000
16 25 40.490 -0.090
16 26 26.630 0.000
16 27 16.470 -0.010
16 28 3.310 0.280
16 29 -4.820 -0.170
16 30 -13.150 0.000
16 31 -18.630 0.000
16 32 -24.370 0.210
16 33 -26.230 -0.160
16 34 -29.020 0.000
16 35 -28.450 -0.080
16 36 -29.370 0.000
16 37 -27.200 -0.070
16 38 -27.710 0.000
16 39 -24.500 0.210
16 40 -23.840 0.240
16 41 -20.330 0.280
16 42 -17.440 0.290
16 43 -12.450 0.310
16 44 -8.840 -0.240
16 45 -3.170 -0.200
16 46 2.380 -0.170
16 47 9.810 -0.150
16 48 16.280 0.000
16 49 23.830 0.000
16 50 31.200 0.000
16 51 43.510 0.060
16 52 50.910 0.010
16 53 60.610 0.000
16 54 68.320 0.000
16 55 78.450 0.040
16 56 86.630 0.000
17 27 38.940 0.140
17 28 29.960 -0.110
17 29 11.990 -0.160
17 30 3.300 -0.180
17 31 -7.580 -0.200
17 32 -13.730 0.120
17 33 -20.850 -0.160
17 34 -24.210 -0.170
17 35 -28.190 -0.180
17 36 -28.630 -0.100
17 37 -30.490 0.010
17 38 -29.470 -0.070
17 39 -30.950 -0.040
17 40 -28.810 0.190
17 41 -29.190 0.200
17 42 -26.490 0.240
17 43 -24.790 0.210
17 44 -20.920 0.170
17 45 -18.240 -0.210
17 46 -13.210 -0.180
17 47 -8.690 -0.170
17 48 -2.010 -0.170
17 49 3.810 -0.150
17 50 10.880 -0.040
17 51 17.230 -0.070
17 52 28.960 0.070
17 53 35.380 -0.140
17 54 44.440 0.010
17 55 51.310 0.010
17 56 60.700 0.040
17 57 68.090 0.000
17 58 77.920 -0.050
17 59 85.940 0.010
17 60 96.980 0.080
17 61 105.380 0.210
18 29 37.510 0.020
18 30 19.570 0.080
18 31 9.700 0.160
18 32 -2.080 0.000
18 33 -9.800 0.000
18 34 -18.000 0.000
18 35 -22.710 -0.180
18 36 -28.470 0.000
18 37 -30.180 -0.070
18 38 -33.890 0.000
18 39 -33.380 -0.060
18 40 -36.040 0.000
18 41 -34.780 0.040
18 42 -36.090 0.030
18 43 -33.560 0.060
18 44 -33.700 0.070
18 45 -30.660 0.120
18 46 -29.210 0.000
18 47 -24.870 -0.140
18 48 -21.000 -0.170
18 49 -14.890 -0.150
18 50 -10.120 0.000
18 51 -3.790 0.000
18 52 1.620 0.000
18 53 9.530 0.050
18 54 15.010 0.000
18 55 23.520 0.000
18 56 29.450 0.000
18 57 38.740 0.040
18 58 45.270 0.000
18 59 56.990 -0.040
18 60 64.370 0.000
18 61 74.780 0.050
18 62 82.630 0.050
19 31 30.500 -0.090
19 32 19.810 0.120
19 33 6.760 -0.090
19 34 -1.970 -0.070
19 35 -11.520 -0.080
19 36 -17.150 -0.100
19 37 -24.410 -0.070
19 38 -27.780 -0.080
19 39 -33.510 -0.030
19 40 -33.800 -0.070
19 41 -36.610 -0.060
19 42 -36.370 -0.060
19 43 -38.680 -0.080
19 44 -37.180 -0.080
19 45 -38.120 -0.080
19 46 -35.760 -0.100
19 47 -35.440 -0.080
19 48 -31.980 -0.100
19 49 -29.190 -0.090
19 50 -23.910 0.060
19 51 -19.330 -0.060
19 52 -13.400 -0.060
19 53 -9.010 -0.080
19 54 -1.980 -0.090
19 55 2.760 -0.080
19 56 10.860 -0.060
19 57 15.790 -0.060
19 58 24.070 -0.060
19 59 29.720 -0.050
19 60 39.720 -0.050
19 61 46.590 -0.050
19 62 56.210 -0.050
19 63 63.430 -0.060
20 32 40.130 0.000
20 33 28.860 0.040
20 34 14.330 0.000
20 35 4.600 0.000
20 36 -6.180 0.000
20 37 -12.790 0.010
20 38 -21.870 0.000
20 39 -27.360 -0.030
20 40 -34.880 0.000
20 41 -35.710 -0.040
20 42 -39.620 0.000
20 43 -39.720 0.010
20 44 -42.520 0.000
20 45 -41.820 0.020
20 46 -43.650 0.000
20 47 -41.900 0.050
20 48 -42.850 0.000
20 49 -39.890 0.030
20 50 -38.300 0.000
20 51 -33.450 -0.020
20 52 -30.830 0.000
20 53 -25.430 0.000
20 54 -21.980 0.000
20 55 -15.770 0.000
20 56 -11.930 0.000
20 57 -5.040 -0.010
20 58 -0.890 0.000
20 59 6.830 0.020
20 60 11.470 0.000
20 61 20.630 -0.030
20 62 26.070 0.000
20 63 35.070 -0.010
20 64 41.270 0.000
20 65 52.550 0.000
20 66 59.430 0.000
20 67 69.050 0.020
20 68 76.230 0.000
20 69 86.240 0.040
20 70 93.670 0.000
21 35 24.660 -0.070
21 36 13.770 0.100
21 37 2.310 -0.070
21 38 -5.460 -0.080
21 39 -15.170 -0.070
21 40 -21.350 -0.070
21 41 -29.420 -0.040
21 42 -32.000 -0.070
21 43 -36.910 -0.060
21 44 -38.590 0.070
21 45 -42.730 -0.070
21 46 -42.980 0.080
21 47 -45.540 -0.070
21 48 -45.000 0.100
21 49 -46.180 -0.060
21 50 -44.270 -0.070
21 51 -43.210 -0.070
21 52 -39.230 -0.070
21 53 -36.760 -0.060
21 54 -31.950 -0.060
21 55 -29.330 -0.070
21 56 -23.710 -0.070
21 57 -20.460 -0.060
21 58 -13.940 -0.050
21 59 -10.340 -0.050
21 60 -3.200 -0.050
21 61 0.750 -0.030
21 62 8.760 -0.050
21 63 13.790 -0.040
21 64 21.960 -0.040
21 65 27.530 -0.060
21 66 38.250 0.080
21 67 44.460 0.090
21 68 53.320 0.080
21 69 60.060 -0.060
21 70 69.130 0.080
21 71 76.440 -0.050
21 72 85.710 -0.070
21 73 93.950 -0.070
22 38 8.550 0.060
22 39 -0.210 0.040
22 40 -11.130 0.000
22 41 -17.510 -0.060
22 42 -26.750 0.000
22 43 -30.220 -0.060
22 44 -37.120 0.000
22 45 -39.780 0.050
22 46 -44.690 0.150
22 47 -46.010 0.220
22 48 -49.180 0.050
22 49 -49.540 0.110
22 50 -51.550 0.000
22 51 -50.220 0.070
22 52 -50.000 0.000
22 53 -47.210 -0.040
22 54 -45.720 0.000
22 55 -41.520 0.000
22 56 -39.740 0.000
22 57 -34.720 0.010
22 58 -32.220 0.000
22 59 -26.320 -0.030
22 60 -23.190 0.000
22 61 -16.610 -0.040
22 62 -13.130 0.000
22 63 -5.180 -0.040
22 64 -0.890 0.000
22 65 6.320 0.040
22 66 10.700 0.010
22 67 18.730 0.170
22 68 23.790 0.120
22 69 32.110 0.140
22 70 37.880 0.010
22 71 46.470 0.070
22 72 53.020 0.000
22 73 66.600 0.060
22 74 74.590 0.000
22 75 84.050 0.050
22 76 92.100 0.010
23 39 23.390 0.270
23 40 13.610 0.200
23 41 -2.940 0.050
23 42 -10.370 -0.060
23 43 -19.970 0.010
23 44 -25.050 0.070
23 45 -32.900 0.060
23 46 -37.620 0.260
23 47 -43.080 0.270
23 48 -45.760 0.260
23 49 -48.840 0.230
23 50 -50.070 0.160
23 51 -52.550 -0.020
23 52 -52.150 0.090
23 53 -52.550 0.180
23 54 -50.620 0.130
23 55 -49.940 0.080
23 56 -46.620 0.130
23 57 -45.260 0.140
23 58 -40.880 0.140
23 59 -39.200 -0.040
23 60 -34.200 -0.030
23 61 -31.680 -0.020
23 62 -25.860 -0.050
23 63 -22.970 0.010
23 64 -15.620 -0.040
23 65 -11.800 -0.020
23 66 -5.210 0.060
23 67 -1.720 0.200
23 68 4.850 0.210
23 69 10.030 0.210
23 70 17.340 0.190
23 71 23.240 -0.020
23 72 31.140 0.080
23 73 37.330 -0.010
23 74 50.760 -0.040
23 75 58.510 0.090
23 76 67.380 0.130
23 77 75.390 0.080
24 41 21.100 0.220
24 42 3.020 0.070
24 43 -5.450 -0.080
24 44 -15.450 0.000
24 45 -22.010 -0.070
24 46 -30.440 0.160
24 47 -35.940 0.270
24 48 -42.290 0.290
24 49 -46.090 0.280
24 50 -50.110 0.240
24 51 -52.290 0.160
24 52 -55.610 0.000
24 53 -55.900 0.130
24 54 -57.140 0.200
24 55 -55.950 0.230
24 56 -56.080 0.190
24 57 -53.410 0.200
24 58 -52.750 0.170
24 59 -49.320 -0.120
24 60 -48.060 0.100
24 61 -43.760 -0.030
24 62 -42.020 0.000
24 63 -37.050 -0.050
24 64 -34.800 0.000
24 65 -27.930 -0.040
24 66 -24.630 0.000
24 67 -18.600 0.060
24 68 -15.420 0.200
24 69 -9.340 0.210
24 70 -4.930 0.200
24 71 1.640 0.180
24 72 6.740 0.120
24 73 14.080 0.080
24 74 19.750 0.000
24 75 28.020 0.060
24 76 35.040 0.010
24 77 43.750 0.130
24 78 51.250 0.080
24 79 60.940 0.010
24 80 69.230 0.000
24 81 80.880 0.000
24 82 89.280 0.000
25 42 30.770 0.270
25 43 13.170 0.190
25 44 3.590 -0.090
25 45 -7.340 0.020
25 46 -14.810 0.080
25 47 -24.560 0.220
25 48 -31.190 0.270
25 49 -38.640 0.280
25 50 -43.620 0.280
25 51 -48.770 0.260
25 52 -50.900 0.200
25 53 -54.540 0.030
25 54 -55.940 0.190
25 55 -58.440 0.230
25 56 -58.160 0.240
25 57 -58.830 0.230
25 58 -57.010 0.230
25 59 -56.770 0.220
25 60 -53.960 0.210
25 61 -53.200 0.210
25 62 -49.180 -0.050
25 63 -48.040 0.030
25 64 -43.710 -0.060
25 65 -42.040 0.020
25 66 -35.970 -0.050
25 67 -33.280 -0.020
25 68 -28.350 0.060
25 69 -25.920 0.210
25 70 -20.460 0.210
25 71 -16.700 0.200
25 72 -10.890 0.190
25 73 -5.760 -0.020
25 74 1.480 -0.040
25 75 6.250 -0.010
25 76 13.950 0.060
25 77 20.530 0.070
25 78 28.960 0.150
25 79 36.090 0.150
25 80 45.380 0.110
25 81 53.620 -0.040
25 82 64.880 0.020
25 83 73.050 0.020
25 84 82.680 0.040
25 85 91.210 0.030
26 44 21.090 0.100
26 45 10.520 -0.090
26 46 -1.430 0.000
26 47 -9.660 -0.070
26 48 -19.950 0.110
26 49 -26.540 0.240
26 50 -34.930 0.250
26 51 -41.040 0.260
26 52 -47.440 0.230
26 53 -50.940 0.160
26 54 -55.470 0.000
26 55 -57.270 0.130
26 56 -60.130 0.200
26 57 -60.550 0.230
26 58 -62.070 0.210
26 59 -60.960 0.230
26 60 -61.480 0.200
26 61 -59.540 -0.150
26 62 -59.500 0.130
26 63 -56.410 -0.040
26 64 -55.940 0.000
26 65 -52.250 -0.050
26 66 -51.200 0.000
26 67 -45.870 -0.040
26 68 -43.960 0.000
26 69 -39.150 0.050
26 70 -37.070 0.120
26 71 -31.890 0.180
26 72 -28.960 0.160
26 73 -23.690 0.170
26 74 -20.000 0.090
26 75 -13.650 0.070
26 76 -9.080 0.000
26 77 -1.780 -0.040
26 78 4.260 0.000
26 79 12.260 0.120
26 80 19.100 0.080
26 81 28.660 0.070
26 82 36.090 0.000
26 83 44.460 0.000
26 84 52.200 0.000
26 85 64.510 0.030
26 86 72.620 0.000
27 46 25.140 -0.100
27 47 8.290 0.050
27 48 -0.880 0.100
27 49 -12.380 0.120
27 50 -19.800 0.170
27 51 -29.170 0.170
27 52 -35.240 0.210
27 53 -43.000 0.160
27 54 -47.610 0.140
27 55 -52.920 0.070
27 56 -55.770 0.130
27 57 -59.150 0.160
27 58 -59.810 0.200
27 59 -62.600 0.170
27 60 -62.090 0.180
27 61 -63.480 0.160
27 62 -62.020 0.160
27 63 -62.690 0.120
27 64 -60.060 0.100
27 65 -59.990 0.080
27 66 -56.830 -0.070
27 67 -56.250 0.050
27 68 -51.830 0.070
27 69 -50.520 -0.040
27 70 -46.500 0.080
27 71 -45.120 0.100
27 72 -40.430 0.100
27 73 -38.310 0.120
27 74 -33.110 0.080
27 75 -30.280 0.100
27 76 -24.130 -0.050
27 77 -20.440 0.040
27 78 -13.890 0.080
27 79 -8.200 0.090
27 80 -0.860 0.120
27 81 5.600 0.110
27 82 15.130 0.090
27 83 22.420 -0.070
27 84 30.450 0.070
27 85 37.810 0.100
27 86 49.420 0.100
27 87 57.120 0.100
27 88 66.700 0.110
27 89 74.500 0.100
28 48 15.580 0.000
28 49 6.510 -0.060
28 50 -6.090 0.000
28 51 -13.960 -0.020
28 52 -24.210 0.000
28 53 -30.510 -0.030
28 54 -39.250 0.000
28 55 -44.660 0.070
28 56 -52.180 0.000
28 57 -54.960 0.060
28 58 -59.010 0.000
28 59 -60.440 0.060
28 60 -63.500 0.000
28 61 -63.710 -0.200
28 62 -65.850 -0.170
28 63 -65.180 -0.170
28 64 -66.520 -0.100
28 65 -64.740 0.000
28 66 -65.480 0.000
28 67 -62.990 -0.040
28 68 -63.200 0.000
28 69 -59.270 -0.040
28 70 -58.800 0.000
28 71 -55.170 -0.020
28 72 -54.320 0.000
28 73 -50.130 0.000
28 74 -48.640 0.000
28 75 -44.010 0.030
28 76 -41.820 0.000
28 77 -36.700 0.050
28 78 -33.850 0.000
28 79 -27.270 -0.040
28 80 -22.020 0.000
28 81 -14.740 0.000
28 82 -8.980 0.000
28 83 0.040 0.050
28 84 6.900 0.000
28 85 14.580 0.000
28 86 21.650 0.000
28 87 33.260 0.030
28 88 40.520 0.000
28 89 49.850 -0.020
28 90 57.250 0.000
28 91 66.760 -0.100
28 92 74.320 -0.010
29 51 9.130 0.080
29 52 0.590 0.150
29 53 -16.060 0.150
29 54 -23.560 0.200
29 55 -32.570 0.140
29 56 -39.040 0.130
29 57 -46.530 0.060
29 58 -50.620 0.130
29 59 -55.300 0.170
29 60 -57.600 0.200
29 61 -61.470 0.170
29 62 -62.290 0.170
29 63 -65.120 0.150
29 64 -65.070 -0.170
29 65 -67.010 -0.140
29 66 -65.840 -0.130
29 67 -67.070 -0.090
29 68 -65.330 -0.070
29 69 -65.820 -0.030
29 70 -62.780 0.060
29 71 -62.610 0.060
29 72 -59.800 0.080
29 73 -59.580 0.120
29 74 -55.820 0.150
29 75 -55.080 0.130
29 76 -50.910 0.150
29 77 -49.330 0.100
29 78 -44.960 0.100
29 79 -41.800 0.050
29 80 -36.330 0.090
29 81 -31.500 0.120
29 82 -25.000 0.130
29 83 -19.290 0.130
29 84 -10.850 0.110
29 85 -4.530 0.140
29 86 3.310 0.100
29 87 9.570 0.140
29 88 20.890 0.120
29 89 27.710 0.130
29 90 36.520 0.130
29 91 43.540 0.130
29 92 52.720 -0.140
29 93 59.840 -0.150
29 94 69.190 -0.170
29 95 76.470 0.350
29 96 85.870 0.360
29 97 93.290 0.340
29 98 102.850 0.370
29 99 110.030 0.340
29 100 119.670 0.350
29 101 126.670 0.300
30 53 9.060 0.220
30 54 -8.640 0.220
30 55 -17.380 0.250
30 56 -26.710 0.210
30 57 -33.710 0.170
30 58 -41.840 0.000
30 59 -46.620 0.170
30 60 -52.540 0.230
30 61 -55.690 0.230
30 62 -59.950 0.220
30 63 -61.560 0.230
30 64 -64.870 -0.220
30 65 -65.550 -0.200
30 66 -68.210 -0.170
30 67 -67.890 -0.150
30 68 -69.840 -0.130
30 69 -68.780 -0.060
30 70 -70.090 0.000
30 71 -67.620 -0.050
30 72 -68.190 0.000
30 73 -65.820 0.060
30 74 -66.150 0.140
30 75 -63.440 0.180
30 76 -62.750 0.170
30 77 -59.770 0.170
30 78 -58.130 0.100
30 79 -54.270 0.090
30 80 -51.830 0.000
30 81 -46.370 0.090
30 82 -41.950 0.140
30 83 -35.860 0.150
30 84 -30.670 0.170
30 85 -23.300 0.220
30 86 -17.720 0.210
30 87 -9.920 0.180
30 88 -4.170 0.190
30 89 3.190 0.210
30 90 9.470 0.180
30 91 17.180 -0.240
30 92 23.720 0.180
30 93 31.730 0.310
30 94 37.910 0.330
30 95 46.480 0.340
30 96 53.210 0.330
30 97 62.010 0.350
30 98 68.770 0.330
30 99 78.090 0.370
30 100 85.750 0.320
30 101 95.110 0.340
30 102 103.050 0.270
30 103 117.510 0.290
30 104 125.250 0.240
31 56 -1.490 0.260
31 57 -18.340 0.240
31 58 -25.740 0.200
31 59 -34.240 0.060
31 60 -39.980 0.200
31 61 -46.760 0.230
31 62 -50.690 0.240
31 63 -55.680 0.230
31 64 -58.030 0.240
31 65 -61.820 0.230
31 66 -62.770 -0.210
31 67 -66.350 -0.200
31 68 -66.570 -0.180
31 69 -69.200 -0.170
31 70 -68.780 -0.170
31 71 -70.430 0.010
31 72 -68.680 -0.050
31 73 -69.810 0.020
31 74 -68.920 0.070
31 75 -69.690 0.180
31 76 -67.700 0.190
31 77 -67.230 0.180
31 78 -64.540 0.180
31 79 -63.050 0.140
31 80 -59.720 0.090
31 81 -57.420 0.030
31 82 -52.750 0.090
31 83 -49.270 0.170
31 84 -43.810 0.170
31 85 -38.870 0.200
31 86 -32.380 0.220
31 87 -27.390 0.220
31 88 -20.380 0.230
31 89 -15.360 0.230
31 90 -7.960 0.220
31 91 -2.780 -0.240
31 92 5.020 -0.250
31 93 10.630 -0.240
31 94 18.840 -0.240
31 95 24.720 -0.240
31 96 33.280 0.320
31 97 39.560 0.310
31 98 47.950 0.330
31 99 54.310 0.310
31 100 63.290 0.320
31 101 70.250 0.300
31 102 79.680 0.270
31 103 86.780 0.250
31 104 101.190 0.240
31 105 108.380 0.220
31 106 117.760 0.250
31 107 125.190 0.190
31 108 134.660 0.210
31 109 142.430 0.160
31 110 151.940 0.180
31 111 160.370 0.160
31 112 169.730 0.060
31 113 177.570 0.010
31 114 188.240 0.060
31 115 198.490 0.160
32 58 -10.760 0.230
32 59 -19.030 0.180
32 60 -28.010 -0.180
32 61 -34.580 0.180
32 62 -41.830 0.230
32 63 -46.510 0.240
32 64 -52.350 0.230
32 65 -55.530 0.240
32 66 -60.360 -0.250
32 67 -62.320 -0.280
32 68 -66.060 -0.230
32 69 -67.090 -0.230
32 70 -70.240 -0.190
32 71 -70.600 -0.180
32 72 -72.880 0.000
32 73 -71.890 -0.050
32 74 -73.660 0.000
32 75 -72.370 0.110
32 76 -73.860 0.150
32 77 -72.400 0.170
32 78 -72.730 0.170
32 79 -70.860 0.170
32 80 -69.830 0.140
32 81 -66.950 0.100
32 82 -65.360 0.000
32 83 -61.190 0.100
32 84 -58.160 0.150
32 85 -53.150 0.160
32 86 -48.810 0.190
32 87 -42.850 0.220
32 88 -38.500 0.220
32 89 -32.200 0.230
32 90 -27.620 0.230
32 91 -20.640 -0.230
32 92 -15.990 -0.240
32 93 -8.560 -0.250
32 94 -3.340 -0.240
32 95 4.560 -0.240
32 96 10.040 -0.240
32 97 18.260 -0.250
32 98 23.860 -0.240
32 99 32.410 -0.240
32 100 38.230 0.310
32 101 46.590 0.320
32 102 53.200 0.300
32 103 62.290 0.270
32 104 68.980 0.250
32 105 83.370 0.250
32 106 90.200 0.210
32 107 99.360 0.200
32 108 106.250 0.170
32 109 115.500 0.210
32 110 122.630 0.140
32 111 131.790 0.130
32 112 139.270 0.070
32 113 148.200 0.060
32 114 155.800 0.000
32 115 166.360 0.060
32 116 175.850 0.060
33 60 -1.770 0.190
33 61 -18.820 -0.220
33 62 -25.820 -0.220
33 63 -34.030 0.230
33 64 -39.480 0.240
33 65 -46.220 -0.250
33 66 -50.440 -0.260
33 67 -55.850 -0.260
33 68 -58.670 -0.280
33 69 -62.950 -0.250
33 70 -64.550 -0.240
33 71 -68.180 -0.230
33 72 -68.950 -0.200
33 73 -72.090 0.010
33 74 -70.950 -0.060
33 75 -73.300 0.050
33 76 -72.770 0.110
33 77 -74.940 0.160
33 78 -73.900 0.170
33 79 -74.810 0.170
33 80 -73.540 0.180
33 81 -73.100 0.150
33 82 -70.670 0.110
33 83 -69.260 0.000
33 84 -65.760 0.100
33 85 -63.430 0.150
33 86 -58.860 0.170
33 87 -55.080 0.200
33 88 -49.710 0.210
33 89 -46.110 0.230
33 90 -40.350 0.230
33 91 -36.220 -0.240
33 92 -29.790 -0.270
33 93 -25.830 -0.250
33 94 -18.910 -0.250
33 95 -14.030 -0.250
33 96 -6.630 -0.250
33 97 -1.680 -0.250
33 98 6.010 -0.250
33 99 11.370 -0.250
33 100 19.480 -0.250
33 101 25.110 -0.250
33 102 33.400 -0.260
33 103 39.430 -0.250
33 104 48.180 0.260
33 105 54.230 0.250
33 106 68.330 0.240
33 107 74.900 0.220
33 108 83.690 0.210
33 109 90.270 0.180
33 110 99.370 0.160
33 111 105.610 0.140
33 112 114.250 0.130
33 113 121.770 0.050
33 114 130.320 0.060
33 115 137.600 0.010
33 116 147.890 0.060
33 117 157.210 0.060
34 62 -11.370 -0.210
34 63 -19.020 -0.210
34 64 -27.740 -0.230
34 65 -33.500 -0.240
34 66 -41.420 -0.250
34 67 -46.250 -0.260
34 68 -52.310 -0.270
34 69 -55.960 -0.290
34 70 -60.750 -0.260
34 71 -62.930 -0.240
34 72 -67.190 -0.220
34 73 -68.790 -0.180
34 74 -72.070 0.000
34 75 -72.410 -0.050
34 76 -75.430 0.000
34 77 -75.460 0.060
34 78 -77.920 0.110
34 79 -77.260 0.150
34 80 -78.720 0.150
34 81 -77.990 0.170
34 82 -78.170 0.130
34 83 -76.290 0.090
34 84 -75.690 0.000
34 85 -72.640 0.080
34 86 -70.720 0.120
34 87 -66.420 0.150
34 88 -63.300 0.180
34 89 -58.100 0.200
34 90 -54.890 0.220
34 91 -49.540 0.230
34 92 -45.810 -0.250
34 93 -40.170 -0.270
34 94 -36.390 -0.260
34 95 -29.890 -0.260
34 96 -25.380 -0.260
34 97 -18.470 -0.250
34 98 -14.020 -0.250
34 99 -6.700 -0.260
34 100 -1.670 -0.250
34 101 5.880 -0.250
34 102 11.200 -0.250
34 103 19.050 -0.260
34 104 24.710 -0.260
34 105 32.810 0.270
34 106 38.620 0.260
34 107 46.870 0.250
34 108 53.130 0.210
34 109 61.840 0.200
34 110 67.870 0.140
34 111 76.880 0.110
34 112 83.300 0.100
34 113 92.240 0.110
34 114 98.920 0.000
34 115 108.330 0.050
34 116 115.740 0.000
34 117 127.510 0.050
34 118 136.590 0.020
34 119 146.790 0.100
34 120 155.880 0.100
35 64 -1.930 -0.190
35 65 -18.370 -0.200
35 66 -25.150 -0.280
35 67 -33.700 -0.280
35 68 -39.380 -0.290
35 69 -46.200 -0.290
35 70 -50.920 -0.310
35 71 -56.060 -0.300
35 72 -58.870 -0.220
35 73 -63.020 -0.180
35 74 -65.370 -0.170
35 75 -69.070 -0.180
35 76 -69.940 -0.050
35 77 -73.630 0.020
35 78 -74.090 0.060
35 79 -77.070 0.100
35 80 -76.980 0.130
35 81 -79.080 0.130
35 82 -78.750 0.150
35 83 -79.530 0.110
35 84 -78.190 0.090
35 85 -78.090 0.010
35 86 -75.520 0.080
35 87 -74.070 0.110
35 88 -70.380 0.140
35 89 -67.840 0.160
35 90 -62.260 0.180
35 91 -59.790 0.200
35 92 -55.210 -0.260
35 93 -52.630 -0.270
35 94 -47.770 -0.280
35 95 -44.370 -0.290
35 96 -38.340 -0.280
35 97 -34.430 -0.280
35 98 -27.970 -0.280
35 99 -23.820 -0.280
35 100 -16.860 -0.280
35 101 -12.280 -0.270
35 102 -5.050 -0.270
35 103 -0.220 -0.270
35 104 6.940 0.330
35 105 12.600 -0.280
35 106 20.270 0.310
35 107 26.350 0.300
35 108 34.430 0.280
35 109 40.290 0.130
35 110 48.460 0.130
35 111 54.070 0.100
35 112 62.500 0.100
35 113 68.610 0.090
35 114 76.980 0.060
35 115 83.310 0.020
35 116 92.110 0.050
35 117 99.150 0.010
35 118 110.590 0.040
35 119 119.480 0.030
35 120 129.490 0.100
35 121 138.330 0.100
36 66 -11.170 -0.200
36 67 -18.130 -0.220
36 68 -27.260 -0.250
36 69 -33.550 -0.260
36 70 -40.850 -0.270
36 71 -46.090 -0.310
36 72 -52.030 -0.320
36 73 -55.580 -0.160
36 74 -61.210 -0.150
36 75 -63.880 -0.170
36 76 -68.530 0.000
36 77 -69.990 -0.040
36 78 -74.320 0.000
36 79 -75.230 -0.030
36 80 -78.560 0.010
36 81 -78.850 0.000
36 82 -81.590 0.070
36 83 -81.530 0.050
36 84 -83.210 0.000
36 85 -82.340 0.070
36 86 -82.970 0.000
36 87 -80.750 -0.070
36 88 -79.610 0.080
36 89 -76.360 0.120
36 90 -74.410 0.140
36 91 -70.970 0.180
36 92 -67.160 0.200
36 93 -62.610 0.220
36 94 -60.290 -0.240
36 95 -55.620 -0.280
36 96 -52.730 -0.290
36 97 -47.170 -0.280
36 98 -43.860 -0.280
36 99 -38.090 0.420
36 100 -34.350 0.400
36 101 -28.180 0.400
36 102 -23.820 0.380
36 103 -17.210 0.390
36 104 -12.720 0.370
36 105 -5.990 0.370
36 106 -0.390 0.360
36 107 6.930 0.380
36 108 12.140 -0.170
36 109 19.860 -0.160
36 110 25.090 0.000
36 111 32.870 -0.140
36 112 37.990 0.000
36 113 46.110 0.020
36 114 51.660 0.000
36 115 59.790 0.040
36 116 65.620 0.000
36 117 74.060 0.040
36 118 80.480 0.000
36 119 91.760 0.040
36 120 100.350 0.000
36 121 110.290 0.040
36 122 118.930 0.060
37 69 -10.350 -0.230
37 70 -17.500 -0.250
37 71 -32.860 -0.250
37 72 -38.180 -0.280
37 73 -45.070 -0.350
37 74 -50.050 0.450
37 75 -55.840 0.470
37 76 -59.030 0.470
37 77 -64.060 0.000
37 78 -65.890 -0.040
37 79 -70.780 -0.010
37 80 -72.300 -0.030
37 81 -76.190 -0.010
37 82 -76.930 -0.010
37 83 -80.230 -0.020
37 84 -80.490 0.030
37 85 -82.940 -0.010
37 86 -82.530 0.050
37 87 -83.710 -0.010
37 88 -81.990 -0.060
37 89 -81.360 0.080
37 90 -78.620 0.110
37 91 -77.240 0.130
37 92 -74.390 0.180
37 93 -70.600 -0.170
37 94 -66.630 -0.210
37 95 -65.080 -0.220
37 96 -61.100 0.440
37 97 -58.710 0.410
37 98 -54.360 0.420
37 99 -51.370 0.410
37 100 -46.160 0.420
37 101 -42.820 0.410
37 102 -37.140 0.410
37 103 -33.190 0.400
37 104 -26.970 0.400
37 105 -22.710 0.400
37 106 -16.290 0.420
37 107 -10.970 0.410
37 108 -3.980 0.400
37 109 1.570 0.420
37 110 8.940 0.420
37 111 13.230 -0.140
37 112 21.000 -0.030
37 113 25.720 -0.020
37 114 33.380 -0.020
37 115 38.630 -0.010
37 116 46.290 0.040
37 117 51.590 0.010
37 118 59.730 0.040
37 119 65.570 0.010
37 120 76.440 -0.030
37 121 84.900 -0.020
37 122 94.640 -0.030
37 123 102.940 0.070
38 70 -2.750 -0.220
38 71 -10.500 -0.250
38 72 -26.640 -0.250
38 73 -32.480 -0.200
38 74 -40.540 -0.160
38 75 -45.540 0.470
38 76 -52.190 0.490
38 77 -56.260 0.000
38 78 -61.970 0.000
38 79 -64.320 -0.040
38 80 -69.610 0.000
38 81 -71.830 -0.020
38 82 -76.380 0.000
38 83 -77.710 0.000
38 84 -81.500 0.000
38 85 -82.250 0.030
38 86 -85.210 0.000
38 87 -85.210 0.050
38 88 -87.140 0.000
38 89 -85.790 -0.040
38 90 -85.700 0.000
38 91 -83.210 0.060
38 92 -82.390 0.060
38 93 -77.910 0.060
38 94 -76.340 -0.140
38 95 -72.580 -0.180
38 96 -71.130 -0.180
38 97 -67.650 0.470
38 98 -65.980 0.440
38 99 -62.160 0.430
38 100 -59.610 0.430
38 101 -54.890 0.430
38 102 -51.830 0.430
38 103 -46.680 0.430
38 104 -43.140 0.420
38 105 -37.290 0.420
38 106 -33.360 0.420
38 107 -27.310 0.430
38 108 -22.390 0.440
38 109 -16.050 0.460
38 110 -11.220 0.000
38 111 -3.530 0.430
38 112 -0.330 0.000
38 113 6.830 0.000
38 114 11.260 0.000
38 115 18.670 0.010
38 116 23.470 0.000
38 117 30.830 0.020
38 118 35.810 0.000
38 119 43.570 0.030
38 120 48.790 0.000
38 121 58.010 -0.030
38 122 65.550 0.000
38 123 76.940 0.020
38 124 85.050 0.000
39 73 -17.280 -0.200
39 74 -23.760 -0.180
39 75 -32.660 -0.170
39 76 -38.330 0.480
39 77 -45.590 0.500
39 78 -50.110 0.500
39 79 -56.670 0.000
39 80 -59.470 -0.030
39 81 -65.380 0.000
39 82 -68.200 -0.020
39 83 -73.300 0.000
39 84 -75.120 0.000
39 85 -79.370 0.000
39 86 -80.550 0.020
39 87 -84.020 0.000
39 88 -84.370 0.040
39 89 -86.870 0.000
39 90 -85.980 -0.030
39 91 -86.500 0.000
39 92 -84.440 0.000
39 93 -84.160 0.000
39 94 -80.300 -0.040
39 95 -79.170 -0.150
39 96 -75.820 -0.170
39 97 -76.060 0.480
39 98 -72.240 0.470
39 99 -70.940 0.460
39 100 -67.200 0.440
39 101 -65.240 0.440
39 102 -60.940 0.440
39 103 -58.360 0.440
39 104 -53.570 0.430
39 105 -50.390 0.430
39 106 -44.870 0.420
39 107 -41.460 0.430
39 108 -35.860 0.440
39 109 -31.340 0.440
39 110 -25.470 0.460
39 111 -20.290 0.450
39 112 -14.540 -0.150
39 113 -10.410 -0.150
39 114 -4.010 0.000
39 115 0.090 0.000
39 116 7.160 0.010
39 117 11.640 0.000
39 118 18.890 0.020
39 119 23.540 0.000
39 120 30.800 0.030
39 121 35.530 0.000
39 122 44.530 -0.020
39 123 51.800 0.000
39 124 62.690 0.010
39 125 70.480 0.000
40 74 -10.090 -0.230
40 75 -16.860 -0.200
40 76 -26.200 0.000
40 77 -32.030 0.000
40 78 -40.450 0.000
40 79 -45.830 0.000
40 80 -52.570 0.000
40 81 -56.000 -0.020
40 82 -62.510 0.000
40 83 -65.830 -0.010
40 84 -71.490 0.000
40 85 -73.880 0.000
40 86 -78.640 0.000
40 87 -80.380 0.020
40 88 -84.370 0.000
40 89 -85.310 0.040
40 90 -88.310 0.000
40 91 -87.880 -0.030
40 92 -88.850 0.000
40 93 -87.230 0.010
40 94 -87.370 0.000
40 95 -84.020 0.040
40 96 -83.160 0.000
40 97 -80.510 -0.180
40 98 -80.020 -0.190
40 99 -77.110 0.380
40 100 -75.920 -0.210
40 101 -72.930 0.410
40 102 -71.310 0.410
40 103 -67.410 0.420
40 104 -65.180 0.410
40 105 -60.730 0.410
40 106 -57.860 -0.220
40 107 -52.810 0.400
40 108 -50.150 -0.220
40 109 -44.780 0.380
40 110 -41.480 -0.200
40 111 -34.930 0.460
40 112 -31.820 0.000
40 113 -25.630 -0.160
40 114 -22.320 0.000
40 115 -15.870 0.000
40 116 -12.190 0.000
40 117 -5.540 0.010
40 118 -1.480 0.000
40 119 5.480 0.020
40 120 9.770 0.000
40 121 16.320 0.030
40 122 20.670 0.000
40 123 29.420 -0.020
40 124 36.590 0.000
40 125 47.260 0.010
40 126 54.830 0.000
40 127 63.990 0.010
40 128 71.680 0.000
40 129 81.120 0.000
40 130 88.680 0.000
41 75 7.550 -0.230
41 76 -0.550 -0.210
41 77 -16.040 -0.050
41 78 -22.310 -0.040
41 79 -31.350 -0.040
41 80 -37.270 -0.030
41 81 -44.630 -0.020
41 82 -49.430 -0.040
41 83 -56.470 -0.030
41 84 -60.410 -0.040
41 85 -66.040 -0.040
41 86 -69.440 0.000
41 87 -74.660 -0.010
41 88 -76.930 -0.040
41 89 -81.350 0.000
41 90 -82.860 0.050
41 91 -86.160 0.000
41 92 -86.470 -0.050
41 93 -87.750 -0.040
41 94 -86.650 0.040
41 95 -87.230 0.090
41 96 -84.590 0.070
41 97 -84.320 -0.080
41 98 -82.260 -0.200
41 99 -82.080 -0.200
41 100 -80.050 0.330
41 101 -79.030 -0.210
41 102 -76.240 0.390
41 103 -74.860 -0.210
41 104 -71.730 0.400
41 105 -69.770 -0.220
41 106 -65.520 -0.220
41 107 -63.590 -0.220
41 108 -59.010 -0.220
41 109 -56.770 -0.220
41 110 -51.740 -0.230
41 111 -48.950 -0.210
41 112 -43.510 -0.200
41 113 -40.410 -0.190
41 114 -34.320 -0.190
41 115 -30.670 -0.170
41 116 -24.280 -0.020
41 117 -21.000 -0.030
41 118 -14.700 -0.030
41 119 -11.090 -0.010
41 120 -4.610 0.030
41 121 -0.730 0.000
41 122 5.570 0.040
41 123 9.390 0.000
41 124 17.850 -0.030
41 125 24.820 -0.010
41 126 35.290 0.020
41 127 42.460 -0.040
41 128 51.420 0.040
41 129 58.820 -0.040
41 130 68.110 0.050
41 131 75.370 -0.040
41 132 84.690 -0.040
41 133 92.540 -0.040
42 78 -8.510 0.000
42 79 -15.390 0.000
42 80 -25.000 0.000
42 81 -31.660 0.000
42 82 -39.650 0.000
42 83 -44.970 -0.030
42 84 -53.140 0.000
42 85 -57.300 -0.020
42 86 -63.880 0.000
42 87 -67.300 0.000
42 88 -73.090 0.000
42 89 -75.870 0.030
42 90 -80.830 0.000
42 91 -82.770 0.050
42 92 -86.670 0.000
42 93 -87.220 0.030
42 94 -89.230 0.000
42 95 -88.440 0.000
42 96 -89.510 0.000
42 97 -87.260 0.040
42 98 -87.600 0.180
42 99 -85.920 0.210
42 100 -85.850 -0.190
42 101 -83.750 0.290
42 102 -83.460 -0.210
42 103 -80.760 0.380
42 104 -80.130 -0.220
42 105 -77.580 0.380
42 106 -75.710 -0.220
42 107 -71.880 -0.230
42 108 -70.360 -0.230
42 109 -66.200 -0.230
42 110 -64.390 -0.230
42 111 -59.850 -0.230
42 112 -57.400 -0.210
42 113 -52.360 -0.200
42 114 -49.730 -0.190
42 115 -44.010 -0.180
42 116 -41.330 0.000
42 117 -35.580 0.000
42 118 -32.720 0.000
42 119 -26.680 0.010
42 120 -23.250 0.000
42 121 -17.260 0.020
42 122 -13.720 0.000
42 123 -7.930 0.030
42 124 -4.310 0.000
42 125 3.930 -0.020
42 126 10.560 0.000
42 127 18.730 0.010
42 128 25.430 0.000
42 129 34.050 0.010
42 130 41.080 0.000
42 131 52.730 0.030
42 132 59.880 0.000
42 133 69.040 0.010
42 134 76.670 0.000
42 135 86.030 0.010
42 136 93.850 0.000
43 80 -0.230 -0.030
43 81 -10.760 -0.020
43 82 -18.460 -0.020
43 83 -31.270 -0.010
43 84 -37.370 -0.040
43 85 -45.720 -0.020
43 86 -50.430 0.030
43 87 -57.560 0.030
43 88 -61.520 0.040
43 89 -67.910 -0.020
43 90 -71.210 -0.030
43 91 -76.640 -0.020
43 92 -79.120 0.050
43 93 -83.490 -0.010
43 94 -84.520 -0.030
43 95 -86.980 -0.020
43 96 -86.550 0.030
43 97 -88.000 0.120
43 98 -86.660 0.190
43 99 -87.270 0.190
43 100 -86.090 0.210
43 101 -86.530 0.230
43 102 -84.650 0.270
43 103 -84.690 -0.220
43 104 -82.360 -0.230
43 105 -82.510 -0.230
43 106 -79.590 -0.220
43 107 -79.000 -0.230
43 108 -75.610 -0.230
43 109 -74.520 -0.230
43 110 -70.770 -0.230
43 111 -69.410 -0.230
43 112 -65.360 -0.230
43 113 -63.250 -0.220
43 114 -58.510 -0.210
43 115 -56.170 -0.200
43 116 -50.800 -0.200
43 117 -48.340 -0.020
43 118 -43.000 -0.010
43 119 -40.530 -0.020
43 120 -34.900 0.020
43 121 -31.920 -0.020
43 122 -26.180 0.030
43 123 -23.020 -0.010
43 124 -17.650 0.030
43 125 -14.330 0.010
43 126 -6.450 -0.030
43 127 -0.010 -0.010
43 128 7.910 -0.020
43 129 14.390 -0.020
43 130 22.700 0.020
43 131 29.380 -0.020
43 132 40.830 0.040
43 133 47.780 -0.020
43 134 56.760 -0.020
43 135 64.140 -0.020
43 136 73.350 -0.020
43 137 80.890 -0.030
43 138 90.300 -0.030
43 139 97.920 -0.030
44 83 -11.340 0.000
44 84 -25.230 0.000
44 85 -31.580 -0.040
44 86 -40.490 0.000
44 87 -45.770 0.030
44 88 -53.520 0.000
44 89 -58.050 0.000
44 90 -64.920 0.000
44 91 -68.740 0.040
44 92 -74.690 0.000
44 93 -77.660 0.050
44 94 -82.640 0.000
44 95 -83.950 0.040
44 96 -86.960 0.000
44 97 -86.900 0.090
44 98 -88.840 0.140
44 99 -87.970 0.180
44 100 -88.970 0.180
44 101 -88.130 0.200
44 102 -89.040 0.200
44 103 -87.390 0.250
44 104 -88.040 0.240
44 105 -85.920 0.290
44 106 -86.300 -0.210
44 107 -84.210 0.290
44 108 -83.570 -0.220
44 109 -80.510 -0.230
44 110 -79.770 -0.230
44 111 -76.390 -0.230
44 112 -75.410 -0.230
44 113 -71.740 -0.230
44 114 -70.090 -0.220
44 115 -65.670 -0.200
44 116 -63.760 0.000
44 117 -59.040 0.020
44 118 -57.420 0.000
44 119 -52.470 0.000
44 120 -50.440 0.000
44 121 -45.270 0.010
44 122 -42.720 0.000
44 123 -37.400 0.030
44 124 -34.490 0.000
44 125 -29.480 0.030
44 126 -26.620 0.000
44 127 -18.890 -0.020
44 128 -12.760 0.000
44 129 -5.030 0.010
44 130 1.230 0.000
44 131 9.230 0.010
44 132 15.610 0.000
44 133 23.990 0.040
44 134 30.510 0.000
44 135 39.030 0.020
44 136 45.690 0.000
44 137 58.730 0.000
44 138 66.040 0.000
44 139 75.280 0.060
44 140 82.640 0.020
44 141 91.230 0.280
44 142 98.080 0.290
44 143 107.070 0.310
44 144 114.360 0.310
44 145 123.630 0.330
44 146 131.730 -0.230
44 147 141.280 -0.230
44 148 148.620 -0.230
44 149 158.410 -0.230
44 150 165.830 -0.230
45 85 -15.700 0.000
45 86 -22.450 -0.030
45 87 -31.780 0.000
45 88 -37.670 0.020
45 89 -45.990 0.000
45 90 -36.410 -0.080
45 91 -58.500 0.000
45 92 -62.820 0.040
45 93 -69.280 0.000
45 94 -72.510 0.050
45 95 -78.360 0.000
45 96 -79.930 0.030
45 97 -83.460 0.000
45 98 -83.970 0.120
45 99 -86.380 0.160
45 100 -86.000 0.180
45 101 -87.450 0.180
45 102 -88.030 0.190
45 103 -88.140 0.180
45 104 -86.670 0.170
45 105 -88.990 0.190
45 106 -86.350 0.240
45 107 -87.290 0.250
45 108 -85.160 0.260
45 109 -85.560 0.260
45 110 -82.410 -0.230
45 111 -82.260 -0.230
45 112 -79.230 -0.230
45 113 -78.640 -0.230
45 114 -75.420 -0.230
45 115 -74.180 -0.220
45 116 -70.970 -0.110
45 117 -68.480 0.050
45 118 -64.270 0.010
45 119 -63.160 0.030
45 120 -58.550 0.000
45 121 -56.950 0.020
45 122 -52.100 0.020
45 123 -49.880 0.000
45 124 -44.950 0.020
45 125 -42.560 0.000
45 126 -37.840 0.030
45 127 -35.450 0.000
45 128 -27.950 -0.020
45 129 -22.080 0.000
45 130 -14.530 0.010
45 131 -8.620 0.000
45 132 -0.850 0.010
45 133 5.310 0.000
45 134 13.380 0.030
45 135 19.560 0.000
45 136 27.930 0.020
45 137 34.410 0.000
45 138 47.180 0.010
45 139 54.210 0.010
45 140 62.390 0.200
45 141 69.090 0.210
45 142 78.050 0.260
45 143 84.620 0.280
45 144 93.370 0.300
45 145 100.510 0.330
45 146 109.400 0.330
45 147 116.690 0.330
45 148 125.850 0.290
45 149 134.130 -0.240
45 150 142.700 0.280
45 151 150.810 -0.230
46 86 -8.180 0.000
46 87 -15.380 -0.040
46 88 -25.240 0.000
46 89 -31.720 -0.020
46 90 -40.580 0.000
46 91 -46.170 0.000
46 92 -54.180 0.000
46 93 -59.040 0.120
46 94 -66.010 0.000
46 95 -69.950 0.050
46 96 -76.220 0.000
46 97 -78.080 0.040
46 98 -82.070 0.000
46 99 -82.730 0.100
46 100 -85.540 0.140
46 101 -85.670 0.180
46 102 -87.660 0.180
46 103 -87.510 0.190
46 104 -89.200 0.180
46 105 -88.190 0.170
46 106 -89.850 0.190
46 107 -89.330 0.190
46 108 -89.550 0.190
46 109 -87.850 0.190
46 110 -88.510 0.200
46 111 -86.360 0.210
46 112 -86.510 0.200
46 113 -84.290 0.230
46 114 -83.000 0.200
46 115 -79.950 0.210
46 116 -80.390 0.140
46 117 -76.110 0.130
46 118 -75.350 0.050
46 119 -71.490 0.050
46 120 -70.740 0.020
46 121 -66.570 0.040
46 122 -65.420 0.010
46 123 -60.910 0.020
46 124 -59.060 0.000
46 125 -54.490 -0.020
46 126 -52.640 0.000
46 127 -48.390 0.030
46 128 -46.310 0.000
46 129 -39.110 -0.020
46 130 -33.410 0.000
46 131 -26.190 0.010
46 132 -20.450 0.000
46 133 -12.910 0.010
46 134 -7.000 0.000
46 135 0.790 0.040
46 136 6.640 0.000
46 137 14.910 -0.020
46 138 21.060 0.000
46 139 29.330 0.160
46 140 35.440 0.180
46 141 43.830 0.210
46 142 49.980 0.220
46 143 58.440 0.280
46 144 64.880 0.280
46 145 73.560 0.300
46 146 80.130 0.300
46 147 93.640 0.320
46 148 100.650 0.300
46 149 109.680 0.300
46 150 116.800 0.290
46 151 125.950 0.280
46 152 133.280 0.260
46 153 142.580 0.250
46 154 149.950 0.230
46 155 159.400 0.230
46 156 166.840 0.210
46 157 176.420 0.200
46 158 183.880 0.190
46 159 193.520 0.190
46 160 200.700 0.160
46 161 210.860 0.150
46 162 218.040 0.120
46 163 227.870 0.120
46 164 235.230 0.000
46 165 245.240 0.010
46 166 252.450 0.000
46 167 264.390 -0.040
46 168 269.760 0.000
46 169 279.700 0.020
46 170 287.340 0.000
46 171 297.310 0.020
46 172 305.170 0.000
46 173 316.620 0.000
46 174 326.600 0.000
47 89 -15.470 0.030
47 90 -22.460 -0.030
47 91 -31.900 0.040
47 92 -38.040 0.020
47 93 -46.540 0.120
47 94 -52.020 0.040
47 95 -59.390 -0.020
47 96 -64.020 0.050
47 97 -70.820 0.010
47 98 -72.980 0.050
47 99 -77.390 0.040
47 100 -78.510 0.120
47 101 -81.990 0.150
47 102 -82.620 0.180
47 103 -85.110 0.180
47 104 -86.500 0.190
47 105 -87.570 0.180
47 106 -86.980 0.180
47 107 -89.050 0.180
47 108 -88.020 0.170
47 109 -89.630 0.170
47 110 -88.220 0.170
47 111 -89.390 0.170
47 112 -87.520 0.190
47 113 -88.370 0.180
47 114 -85.310 0.180
47 115 -86.090 0.170
47 116 -83.030 0.190
47 117 -83.190 -0.050
47 118 -79.770 0.150
47 119 -79.190 0.050
47 120 -75.730 0.040
47 121 -75.180 0.040
47 122 -71.460 0.040
47 123 -70.520 0.030
47 124 -66.460 0.030
47 125 -64.970 0.030
47 126 -60.780 -0.020
47 127 -59.470 0.020
47 128 -55.720 0.030
47 129 -53.860 0.010
47 130 -46.990 0.030
47 131 -41.400 0.020
47 132 -34.450 0.030
47 133 -28.980 0.030
47 134 -21.710 0.020
47 135 -16.060 0.030
47 136 -8.620 0.040
47 137 -2.970 0.030
47 138 5.000 0.050
47 139 10.410 0.160
47 140 18.390 0.170
47 141 24.170 0.180
47 142 32.300 0.190
47 143 38.180 0.200
47 144 46.650 0.290
47 145 52.820 0.290
47 146 61.230 0.300
47 147 67.580 0.300
47 148 80.790 0.310
47 149 87.540 0.290
47 150 96.300 0.280
47 151 103.090 0.260
47 152 111.970 0.260
47 153 118.880 0.220
47 154 127.900 0.220
47 155 134.890 0.210
47 156 144.040 0.210
47 157 151.160 0.200
47 158 160.400 0.190
47 159 167.980 0.180
47 160 176.590 0.170
47 161 183.960 0.160
47 162 193.430 0.150
47 163 200.870 0.130
47 164 210.430 0.130
47 165 217.890 0.110
47 166 227.730 0.030
47 167 234.680 0.030
47 168 244.300 0.030
47 169 251.450 0.020
47 170 261.240 -0.020
47 171 268.490 0.010
47 172 278.080 0.020
47 173 285.780 0.010
47 174 297.090 0.030
47 175 307.020 0.010
48 90 -7.650 0.000
48 91 -15.180 -0.020
48 92 -25.130 0.000
48 93 -31.780 0.000
48 94 -40.760 0.000
48 95 -46.650 -0.020
48 96 -54.860 0.000
48 97 -59.970 0.050
48 98 -67.470 0.000
48 99 -69.630 0.030
48 100 -74.590 0.000
48 101 -76.030 0.040
48 102 -79.480 0.110
48 103 -80.310 0.150
48 104 -83.200 0.150
48 105 -83.660 0.170
48 106 -86.430 0.160
48 107 -86.260 0.170
48 108 -88.730 0.160
48 109 -88.100 0.150
48 110 -90.090 0.150
48 111 -89.040 0.160
48 112 -90.620 0.140
48 113 -89.270 0.170
48 114 -90.480 0.150
48 115 -88.300 0.150
48 116 -89.080 0.120
48 117 -87.040 0.100
48 118 -87.790 0.000
48 119 -84.340 0.050
48 120 -84.230 0.000
48 121 -81.180 -0.020
48 122 -81.210 0.000
48 123 -77.960 0.000
48 124 -77.520 0.000
48 125 -73.780 -0.010
48 126 -72.750 0.000
48 127 -69.070 0.020
48 128 -68.210 0.000
48 129 -64.680 0.030
48 130 -63.410 0.000
48 131 -56.730 -0.020
48 132 -51.420 0.000
48 133 -44.570 0.010
48 134 -39.350 0.000
48 135 -32.320 0.010
48 136 -26.950 0.000
48 137 -19.670 0.030
48 138 -14.400 0.000
48 139 -6.540 0.030
48 140 -1.170 0.000
48 141 6.670 0.130
48 142 12.300 0.150
48 143 20.230 0.180
48 144 25.640 0.250
48 145 33.510 0.290
48 146 39.520 0.290
48 147 47.620 0.310
48 148 53.730 0.300
48 149 61.860 0.320
48 150 68.220 0.300
48 151 76.800 0.300
48 152 83.180 0.290
48 153 96.760 0.290
48 154 103.600 0.270
48 155 112.510 0.260
48 156 119.320 0.240
48 157 128.290 0.230
48 158 135.130 0.210
48 159 144.270 0.200
48 160 151.440 0.180
48 161 159.760 0.170
48 162 166.850 0.150
48 163 176.080 0.140
48 164 183.120 0.110
48 165 192.420 -0.050
48 166 199.170 0.010
48 167 208.600 0.020
48 168 215.190 0.000
48 169 224.680 -0.010
48 170 231.440 0.000
48 171 240.880 0.020
48 172 247.900 0.000
48 173 257.380 0.020
48 174 264.610 0.000
48 175 275.880 0.020
48 176 285.690 0.000
48 177 296.820 0.000
48 178 306.690 0.000
49 92 -0.840 0.050
49 93 -15.130 0.050
49 94 -21.960 -0.030
49 95 -31.490 -0.030
49 96 -38.340 0.050
49 97 -47.020 0.050
49 98 -53.410 0.060
49 99 -60.910 0.030
49 100 -63.330 0.050
49 101 -68.910 0.050
49 102 -70.760 0.070
49 103 -74.610 0.090
49 104 -75.880 0.120
49 105 -79.340 0.120
49 106 -80.050 0.120
49 107 -83.380 0.130
49 108 -83.600 0.130
49 109 -86.440 0.120
49 110 -86.130 0.120
49 111 -88.490 0.110
49 112 -87.670 0.110
49 113 -89.800 0.100
49 114 -88.720 0.090
49 115 -90.420 0.090
49 116 -88.700 0.080
49 117 -89.940 -0.070
49 118 -87.760 -0.070
49 119 -89.060 -0.060
49 120 -85.930 -0.050
49 121 -86.150 -0.050
49 122 -83.550 -0.040
49 123 -84.050 -0.040
49 124 -81.060 -0.030
49 125 -81.040 -0.030
49 126 -77.640 -0.030
49 127 -77.290 0.040
49 128 -74.460 0.040
49 129 -73.750 0.030
49 130 -70.900 0.040
49 131 -69.560 0.020
49 132 -63.310 0.030
49 133 -58.230 0.030
49 134 -51.610 0.040
49 135 -46.430 0.040
49 136 -39.610 0.030
49 137 -34.590 0.050
49 138 -27.740 0.050
49 139 -22.690 0.060
49 140 -15.240 0.090
49 141 -10.260 0.090
49 142 -2.100 -0.050
49 143 2.550 0.120
49 144 10.250 0.130
49 145 15.430 0.290
49 146 23.010 0.300
49 147 28.750 0.300
49 148 36.570 0.310
49 149 42.450 0.310
49 150 50.290 0.320
49 151 56.470 0.310
49 152 64.690 0.310
49 153 71.000 0.300
49 154 84.160 0.300
49 155 90.850 0.290
49 156 99.280 0.250
49 157 105.820 0.240
49 158 114.520 0.230
49 159 121.350 0.220
49 160 130.150 0.220
49 161 136.770 0.210
49 162 145.760 0.200
49 163 151.750 0.100
49 164 160.670 0.090
49 165 167.250 0.080
49 166 176.210 0.080
49 167 182.820 0.060
49 168 191.860 0.060
49 169 198.490 0.040
49 170 207.870 -0.030
49 171 214.330 0.030
49 172 223.340 0.030
49 173 230.350 0.020
49 174 239.290 0.030
49 175 246.610 0.010
49 176 257.590 0.030
49 177 267.370 0.020
49 178 278.370 0.040
49 179 288.120 0.040
50 93 7.440 -0.010
50 94 -6.950 0.000
50 95 -14.740 0.000
50 96 -24.830 0.000
50 97 -31.940 0.020
50 98 -41.310 0.000
50 99 -47.720 0.030
50 100 -56.400 0.000
50 101 -58.830 -0.020
50 102 -64.810 0.000
50 103 -66.740 0.010
50 104 -70.780 0.000
50 105 -72.390 0.020
50 106 -76.360 0.000
50 107 -77.290 0.050
50 108 -81.100 0.000
50 109 -81.430 0.070
50 110 -84.930 0.000
50 111 -84.560 0.020
50 112 -87.850 0.000
50 113 -87.390 0.000
50 114 -89.990 0.000
50 115 -89.220 0.000
50 116 -91.270 0.000
50 117 -90.090 0.000
50 118 -91.700 0.000
50 119 -90.110 0.000
50 120 -91.450 0.000
50 121 -88.670 -0.020
50 122 -89.310 0.000
50 123 -87.230 0.010
50 124 -88.270 0.000
50 125 -85.670 0.000
50 126 -86.060 0.000
50 127 -83.500 0.010
50 128 -83.830 0.000
50 129 -81.170 0.010
50 130 -81.150 0.000
50 131 -78.230 0.020
50 132 -77.840 0.000
50 133 -71.670 -0.020
50 134 -66.950 0.000
50 135 -60.480 0.010
50 136 -55.600 0.000
50 137 -48.820 0.010
50 138 -43.850 0.000
50 139 -37.090 0.020
50 140 -32.440 0.000
50 141 -25.060 0.050
50 142 -20.330 0.000
50 143 -12.790 0.020
50 144 -7.950 0.000
50 145 -0.170 0.040
50 146 5.040 0.040
50 147 11.680 0.290
50 148 17.120 0.290
50 149 24.660 0.300
50 150 30.210 0.300
50 151 37.760 0.310
50 152 43.610 0.300
50 153 51.440 0.310
50 154 57.540 0.300
50 155 65.680 0.290
50 156 71.880 0.280
50 157 80.220 0.280
50 158 86.550 0.260
50 159 95.040 0.250
50 160 101.410 0.240
50 161 110.120 0.240
50 162 116.570 0.210
50 163 125.640 0.200
50 164 131.870 0.000
50 165 140.840 -0.030
50 166 147.140 0.000
50 167 156.210 0.010
50 168 162.580 0.000
50 169 172.100 0.010
50 170 178.830 0.000
50 171 188.020 0.010
50 172 194.050 0.000
50 173 204.640 0.010
50 174 211.030 0.000
50 175 220.090 0.020
50 176 226.640 0.000
50 177 237.630 0.010
50 178 247.230 0.000
50 179 258.280 0.010
50 180 267.860 0.000
51 100 -33.220 0.050
51 101 -45.510 0.020
51 102 -50.170 0.060
51 103 -56.190 0.080
51 104 -58.840 0.110
51 105 -63.440 0.120
51 106 -65.670 0.140
51 107 -69.880 0.140
51 108 -71.460 0.150
51 109 -75.500 0.140
51 110 -76.520 0.140
51 111 -80.130 0.130
51 112 -80.600 0.130
51 113 -83.890 0.120
51 114 -83.680 0.270
51 115 -86.700 -0.130
51 116 -86.450 0.110
51 117 -88.720 -0.130
51 118 -87.940 -0.110
51 119 -89.930 -0.120
51 120 -88.830 -0.090
51 121 -90.420 -0.100
51 122 -88.280 -0.070
51 123 -89.340 -0.080
51 124 -87.520 -0.050
51 125 -88.810 -0.060
51 126 -86.520 -0.060
51 127 -87.190 -0.050
51 128 -84.440 0.040
51 129 -84.480 -0.040
51 130 -82.120 0.040
51 131 -82.330 -0.030
51 132 -79.950 0.040
51 133 -79.680 -0.020
51 134 -74.040 0.040
51 135 -69.620 0.040
51 136 -63.870 0.040
51 137 -59.800 0.070
51 138 -53.490 0.060
51 139 -49.210 0.100
51 140 -42.870 0.110
51 141 -38.430 0.120
51 142 -31.770 0.130
51 143 -27.170 0.130
51 144 -20.340 0.230
51 145 -15.910 0.240
51 146 -9.160 0.260
51 147 -4.370 0.260
51 148 2.790 0.270
51 149 7.960 0.270
51 150 15.390 0.280
51 151 20.580 0.310
51 152 27.760 0.310
51 153 33.330 0.310
51 154 40.820 0.310
51 155 46.710 0.300
51 156 54.590 0.300
51 157 60.540 0.290
51 158 68.600 0.290
51 159 74.720 0.280
51 160 82.980 0.270
51 161 89.220 0.260
51 162 97.720 0.230
51 163 103.910 0.200
51 164 112.590 0.190
51 165 118.600 -0.110
51 166 127.280 -0.110
51 167 133.520 -0.090
51 168 142.270 -0.080
51 169 148.560 -0.070
51 170 157.610 -0.060
51 171 164.410 -0.040
51 172 173.700 0.040
51 173 180.110 -0.030
51 174 190.430 0.030
51 175 196.520 -0.020
51 176 205.200 0.030
51 177 211.640 -0.010
51 178 222.330 0.030
51 179 231.940 -0.020
51 180 242.760 0.030
51 181 252.310 -0.030
52 105 -52.610 0.160
52 106 -57.500 0.160
52 107 -60.300 0.180
52 108 -64.820 0.180
52 109 -67.740 0.190
52 110 -71.220 0.190
52 111 -72.870 0.220
52 112 -76.760 0.220
52 113 -77.980 0.280
52 114 -81.480 0.270
52 115 -82.180 0.310
52 116 -85.230 0.300
52 117 -85.610 0.310
52 118 -87.920 0.300
52 119 -87.730 0.290
52 120 -89.420 0.300
52 121 -88.900 0.280
52 122 -91.090 -0.130
52 123 -89.530 -0.120
52 124 -90.980 -0.110
52 125 -89.500 -0.110
52 126 -90.910 0.060
52 127 -89.010 0.020
52 128 -90.090 0.010
52 129 -87.810 -0.010
52 130 -88.260 0.000
52 131 -85.900 0.030
52 132 -86.060 0.000
52 133 -83.420 0.030
52 134 -83.640 0.000
52 135 -78.080 -0.030
52 136 -75.150 0.000
52 137 -69.870 0.030
52 138 -66.040 0.000
52 139 -60.320 0.140
52 140 -56.330 0.150
52 141 -50.280 0.150
52 142 -46.260 0.170
52 143 -39.990 0.170
52 144 -35.750 0.190
52 145 -29.280 0.220
52 146 -24.920 0.230
52 147 -18.340 0.260
52 148 -13.800 0.270
52 149 -7.090 0.290
52 150 -2.330 0.290
52 151 4.610 0.300
52 152 9.550 0.300
52 153 16.480 0.310
52 154 21.800 0.310
52 155 29.040 0.310
52 156 34.700 0.300
52 157 42.370 0.300
52 158 48.030 0.290
52 159 55.820 0.280
52 160 61.680 0.270
52 161 69.690 0.260
52 162 75.690 0.250
52 163 83.800 0.250
52 164 90.050 0.220
52 165 98.480 0.210
52 166 104.500 0.180
52 167 113.020 0.150
52 168 118.940 -0.110
52 169 127.380 -0.110
52 170 133.430 -0.080
52 171 142.230 -0.050
52 172 148.660 0.000
52 173 157.550 0.030
52 174 163.950 0.000
52 175 172.710 0.010
52 176 178.850 0.000
52 177 187.540 0.010
52 178 193.420 0.000
52 179 205.660 0.010
52 180 215.050 0.000
52 181 225.850 0.010
52 182 235.240 0.000
53 106 -35.970 0.170
53 107 -48.840 0.180
53 108 -52.340 0.200
53 109 -57.270 0.200
53 110 -59.930 0.210
53 111 -64.590 0.210
53 112 -66.690 0.230
53 113 -70.900 0.240
53 114 -72.580 0.310
53 115 -76.430 0.290
53 116 -77.510 0.310
53 117 -80.970 0.290
53 118 -81.680 0.300
53 119 -84.410 0.290
53 120 -84.580 0.300
53 121 -86.780 0.280
53 122 -86.860 0.290
53 123 -88.430 0.200
53 124 -88.410 0.170
53 125 -89.250 0.170
53 126 -88.030 0.170
53 127 -89.520 0.140
53 128 -88.030 0.130
53 129 -89.180 0.110
53 130 -87.270 0.090
53 131 -88.130 0.050
53 132 -86.150 0.050
53 133 -86.430 -0.020
53 134 -83.890 0.040
53 135 -84.340 -0.010
53 136 -79.290 0.040
53 137 -76.940 0.050
53 138 -72.190 0.110
53 139 -69.100 0.140
53 140 -63.950 0.160
53 141 -60.380 0.160
53 142 -54.790 0.170
53 143 -51.300 0.180
53 144 -45.340 0.190
53 145 -41.520 0.210
53 146 -35.370 0.220
53 147 -31.330 0.230
53 148 -25.040 0.250
53 149 -20.860 0.280
53 150 -14.450 0.290
53 151 -10.020 0.290
53 152 -3.370 0.290
53 153 1.260 0.300
53 154 7.950 0.300
53 155 12.990 0.300
53 156 19.980 0.300
53 157 25.350 0.290
53 158 32.780 0.290
53 159 38.120 0.280
53 160 45.640 0.270
53 161 51.230 0.260
53 162 58.980 0.260
53 163 64.730 0.250
53 164 72.660 0.240
53 165 78.740 0.230
53 166 86.890 0.220
53 167 92.670 0.180
53 168 100.990 0.160
53 169 107.030 0.140
53 170 115.350 0.120
53 171 121.110 -0.110
53 172 129.650 -0.100
53 173 135.800 -0.070
53 174 144.380 -0.040
53 175 150.780 -0.020
53 176 159.450 0.020
53 177 165.600 0.010
53 178 173.760 0.010
53 179 179.670 0.000
53 180 191.700 -0.020
53 181 201.050 0.010
53 182 211.660 0.020
53 183 220.960 -0.010
54 108 -41.330 0.200
54 109 -45.440 0.210
54 110 -51.010 0.220
54 111 -54.140 0.220
54 112 -59.240 0.230
54 113 -61.820 0.250
54 114 -66.420 0.250
54 115 -68.490 0.360
54 116 -72.740 0.300
54 117 -74.400 0.350
54 118 -78.090 0.320
54 119 -79.250 0.320
54 120 -82.340 0.320
54 121 -83.060 0.330
54 122 -85.560 0.310
54 123 -86.140 0.330
54 124 -87.880 0.250
54 125 -87.750 0.240
54 126 -89.180 0.190
54 127 -89.530 0.180
54 128 -90.010 0.160
54 129 -88.930 0.140
54 130 -90.420 0.120
54 131 -89.000 0.110
54 132 -90.180 0.070
54 133 -88.490 0.050
54 134 -89.070 0.000
54 135 -86.490 0.040
54 136 -87.280 0.000
54 137 -82.880 -0.030
54 138 -81.090 0.000
54 139 -76.370 0.110
54 140 -73.420 0.140
54 141 -68.590 0.160
54 142 -65.340 0.170
54 143 -60.240 0.190
54 144 -57.070 0.200
54 145 -51.610 0.200
54 146 -48.140 0.220
54 147 -42.360 0.230
54 148 -38.750 0.250
54 149 -32.960 0.270
54 150 -29.190 0.280
54 151 -23.140 0.290
54 152 -19.000 0.300
54 153 -12.620 0.300
54 154 -8.310 0.310
54 155 -1.970 0.320
54 156 2.820 0.310
54 157 9.480 0.310
54 158 14.640 0.310
54 159 21.860 0.300
54 160 26.950 0.290
54 161 34.230 0.280
54 162 39.570 0.270
54 163 47.100 0.260
54 164 52.620 0.250
54 165 60.270 0.250
54 166 66.150 0.230
54 167 74.020 0.210
54 168 79.580 0.200
54 169 87.690 0.180
54 170 93.640 0.150
54 171 101.640 0.140
54 172 107.390 -0.110
54 173 115.470 -0.110
54 174 121.200 -0.080
54 175 129.630 -0.050
54 176 135.840 0.000
54 177 144.480 0.020
54 178 150.590 0.000
54 179 158.550 0.010
54 180 164.160 0.000
54 181 176.150 -0.020
54 182 185.290 0.000
54 183 195.800 0.020
54 184 204.930 0.000
55 110 -28.610 0.220
55 111 -42.070 0.230
55 112 -45.690 0.230
55 113 -51.260 0.240
55 114 -53.980 0.250
55 115 -58.930 0.370
55 116 -61.960 0.370
55 117 -66.520 0.350
55 118 -68.620 0.360
55 119 -72.630 0.340
55 120 -74.190 0.330
55 121 -77.650 0.330
55 122 -78.790 0.330
55 123 -81.650 0.320
55 124 -82.600 0.320
55 125 -84.550 0.300
55 126 -84.480 0.240
55 127 -86.810 0.210
55 128 -86.560 0.200
55 129 -89.120 0.180
55 130 -87.390 0.160
55 131 -88.760 0.150
55 132 -87.650 0.140
55 133 -88.840 0.100
55 134 -87.340 0.070
55 135 -88.320 0.020
55 136 -86.220 0.050
55 137 -86.860 0.000
55 138 -83.200 0.040
55 139 -81.560 0.090
55 140 -77.460 0.120
55 141 -75.040 0.150
55 142 -70.690 0.170
55 143 -67.910 0.180
55 144 -63.170 0.200
55 145 -60.420 0.200
55 146 -55.440 0.220
55 147 -52.300 0.230
55 148 -46.860 0.230
55 149 -43.620 0.250
55 150 -38.170 0.270
55 151 -34.750 0.280
55 152 -29.030 0.290
55 153 -25.220 0.320
55 154 -19.210 0.320
55 155 -15.140 0.320
55 156 -9.080 0.320
55 157 -4.550 0.320
55 158 1.800 0.320
55 159 6.680 0.310
55 160 13.490 0.310
55 161 18.420 0.300
55 162 25.450 0.290
55 163 30.610 0.280
55 164 37.990 0.270
55 165 42.980 0.270
55 166 50.490 0.240
55 167 56.110 0.230
55 168 63.780 0.210
55 169 69.130 0.200
55 170 77.070 0.190
55 171 82.970 0.170
55 172 90.670 0.140
55 173 96.360 0.120
55 174 104.210 0.110
55 175 109.870 0.090
55 176 118.060 0.080
55 177 124.040 0.010
55 178 132.330 -0.030
55 179 138.560 0.010
55 180 146.150 -0.020
55 181 151.640 0.000
55 182 163.510 -0.020
55 183 172.480 0.000
55 184 182.840 0.020
55 185 191.830 0.010
56 112 -34.320 0.240
56 113 -38.600 0.240
56 114 -44.700 0.260
56 115 -48.320 0.360
56 116 -53.650 0.390
56 117 -57.060 0.390
56 118 -61.820 0.380
56 119 -64.510 0.380
56 120 -68.740 0.360
56 121 -70.620 0.340
56 122 -74.420 0.340
56 123 -75.990 0.340
56 124 -79.130 0.320
56 125 -80.440 0.330
56 126 -82.750 0.280
56 127 -83.190 0.260
56 128 -85.780 0.230
56 129 -85.800 0.210
56 130 -87.820 0.190
56 131 -87.110 0.170
56 132 -88.840 0.150
56 133 -88.100 0.140
56 134 -89.660 0.100
56 135 -88.700 0.060
56 136 -90.010 0.000
56 137 -88.420 0.050
56 138 -88.880 0.000
56 139 -85.910 -0.030
56 140 -84.300 0.080
56 141 -80.320 0.120
56 142 -78.130 0.150
56 143 -74.090 0.170
56 144 -71.490 0.190
56 145 -67.250 0.200
56 146 -64.890 0.210
56 147 -60.230 0.240
56 148 -57.440 0.250
56 149 -52.690 0.300
56 150 -49.660 0.290
56 151 -44.650 0.290
56 152 -41.630 0.300
56 153 -36.310 0.310
56 154 -32.890 0.310
56 155 -27.270 0.330
56 156 -23.410 0.320
56 157 -17.560 0.320
56 158 -13.230 0.320
56 159 -7.130 0.320
56 160 -2.560 0.310
56 161 3.930 0.300
56 162 8.570 0.290
56 163 15.330 0.280
56 164 20.170 0.270
56 165 27.190 0.260
56 166 32.240 0.250
56 167 39.380 0.240
56 168 44.870 0.230
56 169 52.070 0.230
56 170 57.420 0.210
56 171 65.130 0.190
56 172 70.540 0.170
56 173 78.170 0.150
56 174 83.740 0.130
56 175 91.410 0.110
56 176 96.680 -0.090
56 177 104.700 -0.050
56 178 110.320 0.010
56 179 118.310 -0.040
56 180 124.360 0.000
56 181 131.930 0.000
56 182 137.200 0.000
56 183 147.180 -0.020
56 184 155.820 0.000
56 185 167.980 0.020
56 186 176.790 0.000
57 114 -21.760 0.290
57 115 -35.350 0.300
57 116 -39.830 0.380
57 117 -45.700 0.410
57 118 -49.560 0.400
57 119 -54.800 0.400
57 120 -57.690 0.400
57 121 -62.400 0.390
57 122 -64.490 0.370
57 123 -68.700 0.370
57 124 -70.610 0.360
57 125 -73.970 0.360
57 126 -75.610 0.340
57 127 -78.140 0.310
57 128 -78.850 0.280
57 129 -81.280 0.230
57 130 -81.560 0.210
57 131 -84.380 0.200
57 132 -84.960 0.180
57 133 -86.050 0.160
57 134 -85.530 0.150
57 135 -87.180 0.120
57 136 -86.690 0.070
57 137 -88.220 0.040
57 138 -86.980 0.050
57 139 -87.360 0.000
57 140 -84.890 0.050
57 141 -83.760 0.080
57 142 -80.100 0.120
57 143 -78.320 0.150
57 144 -74.640 0.170
57 145 -72.450 0.190
57 146 -68.550 0.200
57 147 -66.730 0.240
57 148 -63.510 0.260
57 149 -60.410 0.300
57 150 -56.090 0.310
57 151 -53.190 0.310
57 152 -48.600 0.310
57 153 -45.880 0.300
57 154 -40.920 0.310
57 155 -37.840 0.310
57 156 -32.450 0.320
57 157 -28.870 0.320
57 158 -23.340 0.320
57 159 -19.370 0.320
57 160 -13.620 0.330
57 161 -9.210 0.320
57 162 -2.900 0.310
57 163 1.490 0.300
57 164 8.090 0.290
57 165 12.550 0.260
57 166 19.260 0.260
57 167 24.030 0.250
57 168 30.960 0.240
57 169 36.210 0.230
57 170 43.090 0.230
57 171 48.290 0.210
57 172 55.660 0.200
57 173 61.030 0.180
57 174 68.490 0.160
57 175 73.770 0.140
57 176 81.230 0.130
57 177 86.630 0.100
57 178 94.390 -0.090
57 179 99.860 0.040
57 180 107.580 -0.040
57 181 113.490 0.020
57 182 120.810 -0.030
57 183 126.040 0.010
57 184 135.790 0.020
57 185 144.300 0.010
57 186 156.200 0.030
57 187 164.840 0.040
58 115 -13.580 0.310
58 116 -27.960 0.360
58 117 -33.150 0.380
58 118 -39.240 0.410
58 119 -43.720 0.430
58 120 -49.210 0.410
58 121 -52.450 0.400
58 122 -57.530 0.400
58 123 -60.140 0.390
58 124 -64.540 0.370
58 125 -66.790 0.360
58 126 -70.530 0.350
58 127 -72.540 0.340
58 128 -75.360 0.310
58 129 -76.540 0.290
58 130 -79.400 0.250
58 131 -79.860 0.220
58 132 -82.870 0.200
58 133 -83.540 0.190
58 134 -85.240 0.160
58 135 -85.040 0.150
58 136 -86.950 0.120
58 137 -86.750 0.100
58 138 -89.000 0.010
58 139 -87.810 0.050
58 140 -88.610 0.000
58 141 -86.350 -0.040
58 142 -85.490 0.080
58 143 -82.080 0.120
58 144 -80.600 0.150
58 145 -77.240 0.180
58 146 -75.320 0.200
58 147 -71.820 0.210
58 148 -70.490 0.250
58 149 -67.050 0.300
58 150 -65.160 0.310
58 151 -62.030 0.320
58 152 -58.500 0.320
58 153 -54.260 0.330
58 154 -51.700 0.330
58 155 -47.050 0.330
58 156 -44.230 0.330
58 157 -39.260 0.340
58 158 -35.840 0.340
58 159 -30.620 0.330
58 160 -27.020 0.330
58 161 -21.580 0.340
58 162 -17.410 0.330
58 163 -11.430 0.310
58 164 -7.330 0.300
58 165 -1.080 0.290
58 166 3.240 0.280
58 167 9.730 0.270
58 168 14.320 0.260
58 169 21.030 0.240
58 170 26.130 0.240
58 171 32.660 0.230
58 172 37.740 0.210
58 173 44.730 0.200
58 174 49.920 0.180
58 175 57.160 0.160
58 176 62.350 0.140
58 177 69.540 0.130
58 178 74.510 -0.100
58 179 82.040 -0.090
58 180 87.290 0.020
58 181 94.750 -0.040
58 182 100.350 0.000
58 183 107.640 0.000
58 184 112.540 0.000
58 185 122.150 -0.020
58 186 130.450 0.000
58 187 142.310 -0.010
58 188 150.770 0.000
59 117 -11.270 0.370
59 118 -17.150 0.380
59 119 -30.440 0.400
59 120 -35.490 0.450
59 121 -41.300 0.450
59 122 -45.070 0.430
59 123 -50.180 0.440
59 124 -53.250 0.430
59 125 -57.850 0.380
59 126 -60.330 0.370
59 127 -64.350 0.360
59 128 -66.570 0.350
59 129 -69.650 0.340
59 130 -71.420 0.440
59 131 -74.360 0.430
59 132 -74.930 0.230
59 133 -78.340 0.210
59 134 -78.850 0.200
59 135 -82.100 0.170
59 136 -81.430 0.160
59 137 -83.500 0.130
59 138 -83.420 0.110
59 139 -86.010 0.030
59 140 -85.130 0.050
59 141 -86.200 0.000
59 142 -84.260 -0.040
59 143 -83.790 0.080
59 144 -80.750 0.120
59 145 -79.660 0.150
59 146 -76.650 0.180
59 147 -75.150 0.210
59 148 -72.740 0.220
59 149 -71.280 0.310
59 150 -68.550 0.310
59 151 -67.170 0.330
59 152 -63.800 0.330
59 153 -62.210 0.330
59 154 -57.400 0.340
59 155 -55.110 0.340
59 156 -50.750 0.340
59 157 -48.220 0.340
59 158 -43.580 0.350
59 159 -40.390 0.350
59 160 -35.590 0.350
59 161 -32.040 0.350
59 162 -26.910 0.350
59 163 -22.940 0.340
59 164 -16.980 0.360
59 165 -13.100 0.360
59 166 -7.210 0.290
59 167 -3.100 0.280
59 168 3.190 0.280
59 169 7.540 0.260
59 170 14.000 0.240
59 171 18.820 0.240
59 172 25.000 0.230
59 173 29.880 0.210
59 174 36.560 0.210
59 175 41.660 0.180
59 176 48.700 0.170
59 177 53.740 0.150
59 178 60.770 0.130
59 179 65.680 -0.100
59 180 72.770 -0.090
59 181 77.720 -0.060
59 182 85.150 -0.040
59 183 90.760 -0.010
59 184 97.720 -0.030
59 185 102.530 0.000
59 186 111.870 -0.020
59 187 120.040 0.010
59 188 131.650 0.030
59 189 139.930 0.030
60 119 -9.090 0.400
60 120 -22.810 0.420
60 121 -28.220 0.430
60 122 -34.420 0.420
60 123 -38.460 0.420
60 124 -44.240 0.410
60 125 -47.570 0.410
60 126 -52.640 0.400
60 127 -55.540 0.380
60 128 -59.950 0.370
60 129 -62.560 0.350
60 130 -65.890 0.380
60 131 -67.860 0.440
60 132 -71.140 0.420
60 133 -72.250 0.400
60 134 -75.660 0.220
60 135 -76.530 0.200
60 136 -79.720 0.170
60 137 -79.880 0.150
60 138 -82.320 0.120
60 139 -82.690 0.100
60 140 -85.650 0.000
60 141 -84.930 0.050
60 142 -86.390 0.000
60 143 -84.770 -0.040
60 144 -84.620 0.070
60 145 -81.760 0.110
60 146 -80.990 0.150
60 147 -78.280 0.180
60 148 -77.070 0.200
60 149 -74.130 0.220
60 150 -73.620 0.300
60 151 -71.090 0.310
60 152 -70.060 0.340
60 153 -67.010 0.340
60 154 -65.090 0.340
60 155 -61.340 0.350
60 156 -59.360 0.350
60 157 -55.280 0.350
60 158 -53.190 0.350
60 159 -48.950 0.350
60 160 -46.130 0.350
60 161 -41.730 0.360
60 162 -38.480 0.350
60 163 -33.760 0.350
60 164 -30.120 0.340
60 165 -24.490 0.370
60 166 -20.830 0.380
60 167 -15.120 0.340
60 168 -11.310 0.290
60 169 -5.340 0.280
60 170 -1.180 0.270
60 171 5.160 0.250
60 172 9.780 0.240
60 173 15.710 0.240
60 174 20.430 0.220
60 175 26.870 0.210
60 176 31.800 0.190
60 177 38.660 0.170
60 178 43.430 0.150
60 179 50.060 -0.130
60 180 54.680 -0.110
60 181 61.430 -0.090
60 182 66.070 -0.070
60 183 73.380 -0.040
60 184 78.820 0.000
60 185 85.690 -0.020
60 186 90.160 0.000
60 187 99.390 -0.020
60 188 107.290 0.000
60 189 118.830 -0.010
60 190 126.900 0.000
60 191 136.480 0.070
60 192 144.490 0.080
60 193 153.920 0.120
60 194 161.790 0.130
60 195 171.220 0.150
60 196 178.960 0.170
60 197 188.360 0.200
60 198 195.840 0.230
60 199 204.720 0.260
60 200 212.150 0.270
60 201 221.080 0.280
60 202 228.620 0.290
60 203 237.940 0.290
60 204 245.610 0.300
60 205 255.030 0.310
60 206 263.100 0.310
61 122 -11.840 0.440
61 123 -18.000 0.430
61 124 -22.440 0.430
61 125 -35.830 0.430
61 126 -39.580 0.420
61 127 -44.860 0.420
61 128 -47.950 0.390
61 129 -52.690 0.370
61 130 -55.650 0.350
61 131 -59.240 0.370
61 132 -61.600 0.440
61 133 -65.330 0.430
61 134 -66.500 0.410
61 135 -70.030 0.230
61 136 -71.170 0.210
61 137 -74.310 0.180
61 138 -75.190 0.160
61 139 -78.010 0.120
61 140 -78.680 0.050
61 141 -81.570 0.010
61 142 -81.330 0.040
61 143 -82.730 0.000
61 144 -81.400 -0.040
61 145 -81.570 0.060
61 146 -79.190 0.120
61 147 -79.020 0.150
61 148 -76.430 0.190
61 149 -75.860 0.210
61 150 -74.170 0.250
61 151 -73.400 0.320
61 152 -71.220 0.310
61 153 -70.620 0.340
61 154 -67.910 0.340
61 155 -66.440 0.360
61 156 -62.890 0.360
61 157 -61.240 0.370
61 158 -57.650 0.370
61 159 -55.720 0.370
61 160 -51.790 0.360
61 161 -49.200 0.370
61 162 -45.200 0.360
61 163 -42.160 0.370
61 164 -37.720 0.360
61 165 -34.320 0.390
61 166 -28.910 0.380
61 167 -25.310 0.400
61 168 -20.000 0.300
61 169 -16.480 0.290
61 170 -10.810 0.280
61 171 -6.910 0.270
61 172 -0.850 0.270
61 173 3.660 0.250
61 174 9.390 0.240
61 175 13.960 0.230
61 176 20.130 0.210
61 177 24.920 0.200
61 178 31.590 0.180
61 179 36.000 -0.150
61 180 42.570 -0.130
61 181 47.010 -0.110
61 182 53.510 -0.110
61 183 57.970 -0.070
61 184 65.110 -0.040
61 185 70.270 0.000
61 186 76.950 0.000
61 187 81.240 0.000
61 188 90.280 -0.020
61 189 97.920 0.000
61 190 109.300 0.010
61 191 117.140 0.000
61 192 126.530 0.070
61 193 134.320 0.090
61 194 143.550 0.120
61 195 151.200 0.130
61 196 160.400 0.150
61 197 167.870 0.180
61 198 176.980 0.200
61 199 183.920 0.250
61 200 192.680 0.260
61 201 199.870 0.270
61 202 208.590 0.280
61 203 215.890 0.300
61 204 224.890 0.300
61 205 232.290 0.310
61 206 241.460 0.310
61 207 249.320 0.320
62 126 -28.490 0.410
62 127 -32.560 0.410
62 128 -38.380 0.390
62 129 -42.120 0.380
62 130 -47.250 0.370
62 131 -50.590 0.350
62 132 -54.480 0.370
62 133 -57.060 0.390
62 134 -60.900 0.420
62 135 -62.730 0.400
62 136 -66.280 0.230
62 137 -67.920 0.210
62 138 -71.720 -0.160
62 139 -72.990 -0.150
62 140 -76.050 0.110
62 141 -76.950 0.050
62 142 -80.080 0.000
62 143 -80.000 0.040
62 144 -81.920 0.000
62 145 -81.380 -0.040
62 146 -81.060 0.050
62 147 -79.090 0.110
62 148 -79.380 0.150
62 149 -77.030 0.190
62 150 -76.730 0.210
62 151 -75.380 0.250
62 152 -74.790 0.310
62 153 -72.830 0.310
62 154 -72.570 0.330
62 155 -70.200 0.330
62 156 -69.210 0.340
62 157 -65.910 0.350
62 158 -64.540 0.350
62 159 -61.260 0.350
62 160 -59.690 0.350
62 161 -56.100 0.350
62 162 -53.890 0.350
62 163 -50.140 0.360
62 164 -47.470 0.350
62 165 -43.350 0.350
62 166 -40.250 0.340
62 167 -35.350 0.320
62 168 -32.040 0.320
62 169 -26.850 0.300
62 170 -23.500 0.290
62 171 -18.120 0.280
62 172 -14.450 0.270
62 173 -8.660 0.270
62 174 -4.320 0.260
62 175 1.130 0.240
62 176 5.510 0.230
62 177 11.340 0.210
62 178 15.870 0.200
62 179 22.390 0.170
62 180 26.480 -0.160
62 181 32.820 -0.150
62 182 37.080 -0.120
62 183 43.340 -0.110
62 184 47.570 -0.080
62 185 54.530 -0.040
62 186 59.490 0.000
62 187 65.980 -0.030
62 188 70.090 0.000
62 189 78.890 -0.020
62 190 86.320 0.000
62 191 94.710 -0.010
62 192 101.610 0.000
62 193 110.380 0.060
62 194 117.370 0.070
62 195 126.190 0.110
62 196 133.210 0.130
62 197 142.070 0.150
62 198 149.030 0.180
62 199 157.850 0.210
62 200 164.690 0.240
62 201 173.410 0.260
62 202 180.320 0.270
62 203 189.340 0.280
62 204 196.720 0.290
62 205 210.480 0.290
62 206 217.690 0.300
62 207 226.630 0.300
62 208 234.280 0.310
62 209 243.590 0.310
62 210 251.470 0.320
62 211 260.920 0.320
62 212 268.960 0.320
63 128 -14.990 0.400
63 129 -29.290 0.390
63 130 -33.440 0.380
63 131 -38.950 0.370
63 132 -42.590 0.360
63 133 -46.820 0.380
63 134 -49.850 0.390
63 135 -53.990 0.410
63 136 -56.180 0.400
63 137 -59.680 0.380
63 138 -61.550 0.220
63 139 -65.710 -0.170
63 140 -67.270 -0.150
63 141 -70.700 -0.140
63 142 -71.550 -0.140
63 143 -74.940 0.030
63 144 -75.300 0.050
63 145 -77.530 0.000
63 146 -76.900 -0.040
63 147 -77.910 0.050
63 148 -75.960 0.100
63 149 -76.390 0.150
63 150 -74.330 0.190
63 151 -74.420 0.210
63 152 -73.910 0.250
63 153 -73.400 0.320
63 154 -71.720 0.350
63 155 -71.930 0.340
63 156 -69.800 0.340
63 157 -69.150 0.340
63 158 -66.150 0.340
63 159 -65.190 0.350
63 160 -62.080 0.350
63 161 -60.990 0.350
63 162 -57.710 0.350
63 163 -55.800 0.350
63 164 -52.330 0.360
63 165 -49.960 0.350
63 166 -46.120 0.350
63 167 -43.290 0.340
63 168 -38.700 0.330
63 169 -35.710 0.320
63 170 -30.770 0.310
63 171 -27.580 0.300
63 172 -22.380 0.290
63 173 -18.910 0.280
63 174 -13.380 0.270
63 175 -9.220 0.260
63 176 -4.000 0.250
63 177 0.210 0.230
63 178 5.820 0.220
63 179 10.240 0.200
63 180 16.720 0.180
63 181 20.200 -0.160
63 182 26.280 -0.150
63 183 30.480 -0.130
63 184 36.530 -0.110
63 185 40.590 -0.080
63 186 47.400 -0.040
63 187 52.170 0.000
63 188 58.440 -0.030
63 189 62.410 0.000
63 190 70.960 -0.020
63 191 78.170 0.010
63 192 86.320 0.020
63 193 93.000 0.030
63 194 101.420 0.060
63 195 108.130 0.070
63 196 116.790 0.120
63 197 123.540 0.140
63 198 132.190 0.150
63 199 138.850 0.190
63 200 147.410 0.210
63 201 153.970 0.250
63 202 162.500 0.260
63 203 169.160 0.270
63 204 177.950 0.280
63 205 185.060 0.290
63 206 198.700 0.290
63 207 205.670 0.310
63 208 214.350 0.310
63 209 221.750 0.310
63 210 230.780 0.320
63 211 238.470 0.320
63 212 247.730 0.320
63 213 255.570 0.320
64 130 -21.720 0.380
64 131 -26.400 0.370
64 132 -32.370 0.360
64 133 -36.470 0.360
64 134 -41.030 0.360
64 135 -44.330 0.390
64 136 -48.640 0.410
64 137 -51.220 0.390
64 138 -55.140 0.370
64 139 -57.370 0.230
64 140 -62.040 -0.170
64 141 -63.910 -0.160
64 142 -67.630 -0.140
64 143 -68.770 -0.140
64 144 -72.600 0.000
64 145 -73.140 0.040
64 146 -75.780 0.000
64 147 -75.680 -0.040
64 148 -77.160 0.010
64 149 -75.530 0.100
64 150 -75.890 0.150
64 151 -74.340 0.180
64 152 -74.350 0.210
64 153 -73.840 0.240
64 154 -73.660 0.300
64 155 -72.060 0.340
64 156 -72.790 0.330
64 157 -70.860 0.330
64 158 -70.490 0.340
64 159 -67.780 0.340
64 160 -67.220 0.340
64 161 -64.490 0.340
64 162 -63.660 0.350
64 163 -60.670 0.350
64 164 -59.100 0.350
64 165 -55.940 0.350
64 166 -53.900 0.350
64 167 -50.380 0.350
64 168 -47.890 0.340
64 169 -43.650 0.330
64 170 -40.970 0.320
64 171 -36.390 0.310
64 172 -33.460 0.300
64 173 -28.620 0.290
64 174 -25.420 0.280
64 175 -20.130 0.280
64 176 -16.130 0.260
64 177 -11.150 0.250
64 178 -7.150 0.240
64 179 -1.730 0.220
64 180 2.500 0.200
64 181 8.630 0.180
64 182 11.810 -0.170
64 183 17.630 -0.160
64 184 21.630 -0.130
64 185 27.400 -0.110
64 186 31.220 -0.080
64 187 37.850 -0.040
64 188 42.340 0.000
64 189 48.510 0.000
64 190 52.160 0.000
64 191 60.580 -0.020
64 192 67.520 0.000
64 193 75.490 -0.010
64 194 81.930 0.000
64 195 90.160 0.050
64 196 96.590 0.060
64 197 105.080 0.110
64 198 111.710 0.140
64 199 120.150 0.160
64 200 126.580 0.180
64 201 134.950 0.210
64 202 141.320 0.240
64 203 149.680 0.250
64 204 156.170 0.270
64 205 164.750 0.270
64 206 171.640 0.280
64 207 185.390 0.290
64 208 192.110 0.300
64 209 200.610 0.300
64 210 207.800 0.300
64 211 216.640 0.310
64 212 224.120 0.310
64 213 233.190 0.310
64 214 240.790 0.310
64 215 249.990 0.310
64 216 257.500 0.310
64 217 266.930 0.320
64 218 274.900 0.310
65 132 -8.880 0.370
65 133 -23.030 0.360
65 134 -27.490 0.360
65 135 -32.310 0.350
65 136 -35.880 0.380
65 137 -40.470 0.410
65 138 -43.400 0.390
65 139 -47.880 0.350
65 140 -49.810 0.240
65 141 -54.820 -0.180
65 142 -57.190 -0.170
65 143 -61.130 -0.150
65 144 -62.720 -0.140
65 145 -66.400 0.040
65 146 -67.410 0.050
65 147 -70.110 0.010
65 148 -70.380 -0.040
65 149 -72.310 0.060
65 150 -71.260 0.100
65 151 -72.200 0.150
65 152 -70.710 0.180
65 153 -71.890 0.220
65 154 -70.410 0.230
65 155 -71.230 0.280
65 156 -70.030 0.310
65 157 -70.760 0.320
65 158 -69.760 0.320
65 159 -69.940 0.330
65 160 -66.790 0.340
65 161 -66.630 0.340
65 162 -64.210 0.350
65 163 -63.740 0.350
65 164 -61.110 0.350
65 165 -59.880 0.350
65 166 -56.990 0.350
65 167 -55.170 0.350
65 168 -51.970 0.350
65 169 -49.720 0.340
65 170 -45.790 0.320
65 171 -43.370 0.320
65 172 -39.100 0.310
65 173 -36.440 0.300
65 174 -31.840 0.290
65 175 -28.830 0.290
65 176 -23.850 0.280
65 177 -20.060 0.270
65 178 -15.290 0.260
65 179 -11.530 0.240
65 180 -6.200 0.230
65 181 -2.110 0.210
65 182 2.930 -0.180
65 183 6.550 -0.170
65 184 12.070 -0.170
65 185 16.020 -0.130
65 186 21.580 -0.120
65 187 25.260 -0.090
65 188 31.890 -0.060
65 189 36.200 0.000
65 190 42.120 -0.030
65 191 45.710 0.000
65 192 53.860 -0.020
65 193 60.600 0.000
65 194 68.300 0.030
65 195 74.530 0.040
65 196 82.420 0.060
65 197 88.540 0.080
65 198 96.760 0.110
65 199 103.130 0.140
65 200 111.330 0.160
65 201 117.520 0.180
65 202 125.590 0.220
65 203 131.670 0.240
65 204 139.860 0.260
65 205 146.110 0.270
65 206 154.400 0.280
65 207 160.960 0.280
65 208 174.590 0.290
65 209 181.180 0.290
65 210 189.470 0.300
65 211 196.440 0.300
65 212 205.090 0.300
65 213 212.360 0.310
65 214 221.230 0.310
65 215 228.600 0.310
65 216 237.590 0.310
65 217 244.870 0.300
65 218 254.160 0.300
65 219 261.850 0.300
66 134 -15.430 0.360
66 135 -20.280 0.360
66 136 -25.420 0.360
66 137 -29.400 0.390
66 138 -34.320 0.400
66 139 -37.610 0.390
66 140 -42.360 0.370
66 141 -45.100 -0.200
66 142 -50.060 -0.180
66 143 -52.800 -0.160
66 144 -57.050 -0.150
66 145 -59.070 -0.140
66 146 -63.390 0.000
66 147 -64.540 0.040
66 148 -67.630 0.000
66 149 -68.250 -0.040
66 150 -70.380 0.010
66 151 -69.470 0.110
66 152 -70.770 0.140
66 153 -69.770 0.170
66 154 -70.070 0.210
66 155 -68.990 0.220
66 156 -70.390 0.250
66 157 -70.210 0.270
66 158 -70.480 0.300
66 159 -70.010 0.310
66 160 -69.150 0.330
66 161 -67.320 0.340
66 162 -67.490 0.340
66 163 -65.360 0.340
66 164 -65.200 0.340
66 165 -62.860 0.350
66 166 -62.010 0.350
66 167 -59.320 0.350
66 168 -57.830 0.340
66 169 -54.940 0.350
66 170 -53.120 0.330
66 171 -49.620 0.330
66 172 -47.470 0.320
66 173 -43.540 0.310
66 174 -41.160 0.300
66 175 -36.850 0.290
66 176 -34.080 0.290
66 177 -29.370 0.280
66 178 -25.770 0.270
66 179 -21.240 0.260
66 180 -17.720 0.250
66 181 -12.630 0.230
66 182 -8.790 0.210
66 183 -4.180 -0.180
66 184 -0.810 -0.170
66 185 4.490 -0.170
66 186 8.200 -0.140
66 187 13.520 -0.120
66 188 16.910 -0.090
66 189 23.200 -0.080
66 190 27.190 0.000
66 191 32.970 -0.030
66 192 36.290 0.000
66 193 44.300 -0.020
66 194 50.710 0.000
66 195 58.280 -0.010
66 196 64.290 0.000
66 197 72.120 0.040
66 198 78.060 0.070
66 199 86.150 0.110
66 200 92.290 0.140
66 201 100.280 0.160
66 202 106.180 0.190
66 203 114.130 0.210
66 204 120.040 0.230
66 205 128.060 0.240
66 206 134.230 0.260
66 207 142.300 0.270
66 208 148.620 0.280
66 209 156.920 0.280
66 210 163.540 0.290
66 211 171.730 0.300
66 212 178.490 0.300
66 213 191.990 0.300
66 214 199.050 0.300
66 215 207.710 0.300
66 216 214.850 0.300
66 217 223.640 0.300
66 218 230.670 0.300
66 219 239.760 0.300
66 220 247.240 0.300
66 221 256.410 0.300
66 222 263.990 0.290
66 223 273.300 0.300
66 224 281.260 0.290
67 136 -3.300 0.360
67 137 -9.500 0.360
67 138 -13.460 0.390
67 139 -18.280 0.380
67 140 -21.220 0.380
67 141 -34.330 0.360
67 142 -36.630 0.340
67 143 -42.150 -0.180
67 144 -45.160 -0.170
67 145 -49.710 -0.160
67 146 -52.040 -0.150
67 147 -56.310 -0.020
67 148 -57.840 0.050
67 149 -61.000 -0.010
67 150 -61.910 -0.040
67 151 -64.600 -0.050
67 152 -64.060 0.120
67 153 -65.840 0.140
67 154 -65.160 0.180
67 155 -65.810 0.210
67 156 -65.030 0.220
67 157 -67.180 0.240
67 158 -65.970 0.270
67 159 -67.310 0.300
67 160 -67.000 0.310
67 161 -66.640 0.330
67 162 -65.070 0.340
67 163 -65.690 0.330
67 164 -63.840 0.340
67 165 -64.000 0.340
67 166 -61.920 0.340
67 167 -61.450 0.340
67 168 -59.000 0.350
67 169 -57.860 0.340
67 170 -55.290 0.340
67 171 -53.860 0.330
67 172 -50.660 0.330
67 173 -48.820 0.320
67 174 -45.230 0.310
67 175 -43.120 0.310
67 176 -39.070 0.300
67 177 -36.490 0.290
67 178 -31.970 0.280
67 179 -28.580 0.280
67 180 -24.280 0.260
67 181 -21.030 0.250
67 182 -16.100 0.230
67 183 -12.420 0.220
67 184 -8.250 -0.190
67 185 -5.060 -0.180
67 186 0.000 -0.170
67 187 3.590 -0.150
67 188 8.760 -0.120
67 189 11.980 -0.090
67 190 18.030 -0.080
67 191 22.000 -0.030
67 192 27.510 -0.040
67 193 30.810 0.010
67 194 38.470 -0.020
67 195 45.020 -0.020
67 196 52.310 0.030
67 197 57.910 0.040
67 198 65.430 0.060
67 199 71.020 0.080
67 200 78.870 0.120
67 201 84.760 0.140
67 202 92.550 0.160
67 203 98.110 0.200
67 204 105.780 0.210
67 205 111.450 0.230
67 206 119.300 0.240
67 207 125.290 0.250
67 208 133.160 0.260
67 209 139.260 0.270
67 210 147.420 0.280
67 211 153.620 0.290
67 212 161.690 0.290
67 213 168.260 0.290
67 214 181.640 0.300
67 215 188.440 0.300
67 216 196.890 0.300
67 217 203.760 0.300
67 218 211.910 0.300
67 219 219.130 0.300
67 220 227.990 0.300
67 221 235.210 0.300
67 222 244.150 0.300
67 223 251.510 0.290
67 224 260.590 0.300
67 225 268.390 0.290
67 226 277.590 0.310
67 227 285.770 0.290
68 140 -10.770 0.370
68 141 -14.000 0.370
68 142 -27.580 -0.220
68 143 -30.010 0.240
68 144 -36.390 -0.180
68 145 -39.820 -0.160
68 146 -44.730 -0.150
68 147 -47.460 -0.140
68 148 -52.240 0.000
68 149 -53.970 0.040
68 150 -57.690 0.000
68 151 -58.810 -0.040
68 152 -61.610 0.010
68 153 -61.300 0.110
68 154 -63.200 0.140
68 155 -62.830 0.170
68 156 -63.860 0.200
68 157 -63.300 0.210
68 158 -64.940 0.240
68 159 -64.330 0.260
68 160 -65.850 0.280
68 161 -64.720 0.310
68 162 -65.760 0.320
68 163 -64.490 0.330
68 164 -65.390 0.330
68 165 -63.860 0.330
68 166 -64.250 0.340
68 167 -62.460 0.340
68 168 -62.290 0.340
68 169 -60.150 0.350
68 170 -59.370 0.340
68 171 -56.970 0.340
68 172 -55.800 0.330
68 173 -52.920 0.320
68 174 -51.430 0.320
68 175 -48.200 0.310
68 176 -46.410 0.300
68 177 -42.670 0.300
68 178 -40.370 0.290
68 179 -36.250 0.290
68 180 -33.100 0.280
68 181 -29.090 0.260
68 182 -26.170 0.260
68 183 -21.510 0.230
68 184 -18.210 0.210
68 185 -14.320 -0.190
68 186 -11.380 -0.170
68 187 -6.590 -0.170
68 188 -3.230 -0.140
68 189 1.660 -0.120
68 190 4.640 -0.090
68 191 10.660 -0.080
68 192 14.020 0.000
68 193 19.360 -0.030
68 194 22.350 0.000
68 195 29.940 -0.020
68 196 36.160 0.000
68 197 43.470 -0.010
68 198 48.620 0.000
68 199 56.020 0.040
68 200 61.530 0.070
68 201 69.210 0.110
68 202 74.900 0.140
68 203 82.480 0.160
68 204 87.990 0.180
68 205 95.470 0.200
68 206 101.020 0.220
68 207 108.720 0.240
68 208 114.540 0.250
68 209 122.160 0.260
68 210 127.950 0.270
68 211 135.800 0.280
68 212 141.960 0.280
68 213 149.910 0.290
68 214 156.360 0.290
68 215 164.340 0.300
68 216 170.820 0.300
68 217 179.370 0.300
68 218 186.430 0.300
68 219 199.060 0.300
68 220 206.070 0.290
68 221 214.700 0.290
68 222 221.760 0.290
68 223 230.480 0.290
68 224 237.650 0.290
68 225 246.500 0.290
68 226 254.090 0.280
68 227 263.250 0.300
68 228 271.110 0.280
68 229 280.500 0.270
68 230 288.520 0.270
68 231 298.120 0.260
68 232 306.210 0.250
68 233 315.850 0.240
68 234 324.070 0.240
68 235 333.870 0.230
68 236 342.100 0.220
68 237 351.920 0.210
68 238 360.370 0.200
68 239 370.320 0.210
68 240 378.370 -0.160
68 241 387.600 -0.150
68 242 395.660 -0.140
68 243 405.560 -0.140
68 244 413.570 -0.120
68 245 423.300 -0.100
68 246 431.410 -0.090
68 247 441.020 -0.080
68 248 448.910 0.000
68 249 458.260 -0.030
68 250 466.040 0.000
68 251 475.480 -0.020
68 252 483.360 0.000
68 253 494.300 0.010
68 254 504.550 0.000
69 142 -4.760 0.350
69 143 -10.060 0.340
69 144 -13.610 -0.210
69 145 -27.600 -0.190
69 146 -31.290 -0.170
69 147 -36.470 -0.160
69 148 -39.510 -0.150
69 149 -44.290 -0.020
69 150 -46.420 0.050
69 151 -50.390 -0.010
69 152 -51.670 -0.040
69 153 -54.830 -0.040
69 154 -54.960 0.120
69 155 -57.260 0.140
69 156 -57.300 0.170
69 157 -58.940 0.190
69 158 -58.750 0.200
69 159 -60.590 0.230
69 160 -60.240 0.250
69 161 -62.310 0.270
69 162 -61.720 0.290
69 163 -62.330 0.310
69 164 -61.240 0.330
69 165 -62.510 0.330
69 166 -61.190 0.330
69 167 -61.910 0.330
69 168 -60.340 0.340
69 169 -60.530 0.340
69 170 -58.660 0.340
69 171 -58.340 0.330
69 172 -56.210 0.340
69 173 -55.480 0.330
69 174 -52.940 0.320
69 175 -51.780 0.320
69 176 -48.870 0.310
69 177 -47.380 0.310
69 178 -43.960 0.300
69 179 -41.950 0.290
69 180 -38.150 0.290
69 181 -35.240 0.280
69 182 -31.380 0.270
69 183 -28.750 0.280
69 184 -24.140 0.260
69 185 -21.010 0.230
69 186 -17.400 -0.190
69 187 -14.680 -0.180
69 188 -10.120 -0.180
69 189 -6.870 -0.150
69 190 -2.110 -0.130
69 191 0.730 -0.090
69 192 6.670 -0.080
69 193 9.710 -0.070
69 194 14.840 -0.030
69 195 17.680 0.000
69 196 25.000 -0.020
69 197 31.070 -0.010
69 198 37.880 -0.020
69 199 43.100 -0.020
69 200 50.290 0.050
69 201 55.500 0.080
69 202 62.930 0.120
69 203 68.300 0.150
69 204 75.640 0.160
69 205 80.900 0.180
69 206 88.160 0.200
69 207 93.520 0.210
69 208 101.130 0.230
69 209 106.720 0.240
69 210 114.110 0.260
69 211 119.660 0.260
69 212 127.280 0.270
69 213 133.210 0.280
69 214 141.030 0.280
69 215 147.320 0.290
69 216 155.180 0.290
69 217 161.370 0.290
69 218 169.650 0.290
69 219 176.430 0.290
69 220 188.800 0.290
69 221 195.560 0.290
69 222 203.940 0.290
69 223 210.790 0.290
69 224 219.260 0.290
69 225 226.210 0.290
69 226 234.830 0.290
69 227 242.210 0.280
69 228 251.170 0.280
69 229 258.820 0.280
69 230 268.040 0.270
69 231 275.880 0.270
69 232 285.310 0.260
69 233 293.250 0.250
69 234 302.740 0.240
69 235 310.820 0.240
69 236 320.470 0.230
69 237 328.590 0.220
69 238 338.280 0.210
69 239 346.580 0.200
69 240 356.420 0.180
69 241 364.170 -0.170
69 242 373.490 -0.160
69 243 381.410 -0.140
69 244 391.140 -0.140
69 245 399.050 -0.120
69 246 408.680 -0.110
69 247 416.640 -0.090
69 248 426.100 -0.080
69 249 433.950 -0.050
69 250 443.140 -0.030
69 251 450.840 -0.010
69 252 460.200 -0.020
69 253 467.860 0.000
69 254 478.800 0.010
69 255 488.970 0.000
70 145 -6.280 -0.200
70 146 -21.210 -0.170
70 147 -25.000 -0.160
70 148 -30.570 -0.150
70 149 -34.000 -0.140
70 150 -39.330 0.000
70 151 -41.610 0.040
70 152 -46.050 0.000
70 153 -47.470 -0.040
70 154 -50.800 -0.010
70 155 -51.190 0.100
70 156 -53.770 0.130
70 157 -54.080 0.160
70 158 -56.020 0.180
70 159 -56.120 0.200
70 160 -58.190 0.220
70 161 -58.060 0.230
70 162 -59.680 0.250
70 163 -59.170 0.270
70 164 -60.720 0.280
70 165 -59.760 0.320
70 166 -61.120 0.320
70 167 -60.060 0.330
70 168 -60.900 0.330
70 169 -59.650 0.340
70 170 -60.060 0.340
70 171 -58.520 0.350
70 172 -58.460 0.340
70 173 -56.600 0.340
70 174 -56.110 0.330
70 175 -53.840 0.320
70 176 -52.970 0.310
70 177 -50.400 0.310
70 178 -49.160 0.300
70 179 -46.060 0.300
70 180 -44.340 0.290
70 181 -40.850 0.290
70 182 -38.250 0.280
70 183 -34.840 0.260
70 184 -32.630 0.250
70 185 -28.450 0.230
70 186 -25.730 0.200
70 187 -22.200 -0.180
70 188 -19.810 -0.170
70 189 -15.550 -0.170
70 190 -12.680 -0.140
70 191 -8.280 -0.120
70 192 -5.740 -0.090
70 193 -0.130 -0.080
70 194 2.800 0.000
70 195 7.710 -0.030
70 196 10.270 0.000
70 197 17.450 -0.020
70 198 22.790 0.000
70 199 29.640 -0.010
70 200 34.890 0.000
70 201 41.880 0.040
70 202 46.940 0.070
70 203 54.250 0.110
70 204 59.500 0.140
70 205 66.690 0.150
70 206 71.810 0.170
70 207 78.860 0.200
70 208 84.010 0.210
70 209 91.460 0.230
70 210 96.960 0.240
70 211 104.170 0.250
70 212 109.470 0.260
70 213 116.880 0.270
70 214 122.610 0.270
70 215 130.320 0.280
70 216 136.490 0.280
70 217 144.080 0.290
70 218 150.110 0.290
70 219 158.420 0.290
70 220 164.770 0.290
70 221 172.830 0.290
70 222 179.210 0.290
70 223 187.370 0.290
70 224 193.940 0.280
70 225 202.250 0.280
70 226 209.090 0.280
70 227 221.940 0.280
70 228 229.100 0.280
70 229 237.780 0.280
70 230 245.280 0.270
70 231 254.280 0.260
70 232 261.870 0.260
70 233 271.060 0.250
70 234 278.820 0.240
70 235 288.110 0.240
70 236 295.990 0.230
70 237 305.450 0.220
70 238 313.360 0.210
70 239 322.880 0.200
70 240 331.000 0.190
70 241 340.590 0.180
70 242 348.460 -0.160
70 243 357.380 -0.150
70 244 365.050 -0.140
70 245 374.580 -0.130
70 246 382.350 -0.120
70 247 391.810 -0.100
70 248 399.600 -0.090
70 249 408.880 -0.080
70 250 416.630 0.000
70 251 425.650 -0.030
70 252 433.170 0.000
70 253 442.240 -0.020
70 254 449.900 0.000
70 255 460.850 0.010
70 256 470.880 0.000
71 147 -2.970 -0.170
71 148 -7.440 -0.150
71 149 -21.490 -0.140
71 150 -25.200 -0.140
71 151 -30.770 0.010
71 152 -33.240 0.040
71 153 -37.980 0.000
71 154 -39.560 -0.030
71 155 -43.300 -0.020
71 156 -43.980 0.110
71 157 -46.890 0.130
71 158 -47.520 0.160
71 159 -49.860 0.180
71 160 -50.230 0.200
71 161 -52.540 0.210
71 162 -52.760 0.230
71 163 -54.760 0.240
71 164 -54.440 0.260
71 165 -56.460 0.260
71 166 -55.590 0.290
71 167 -57.610 0.290
71 168 -56.060 0.340
71 169 -57.480 0.350
71 170 -56.540 0.350
71 171 -57.220 0.350
71 172 -56.030 0.360
71 173 -56.190 0.350
71 174 -54.580 0.360
71 175 -54.590 0.310
71 176 -52.680 0.310
71 177 -52.220 0.300
71 178 -49.980 0.290
71 179 -49.020 0.290
71 180 -46.220 0.280
71 181 -44.770 0.280
71 182 -41.570 0.280
71 183 -39.300 0.270
71 184 -36.160 0.260
71 185 -34.210 0.250
71 186 -30.140 0.230
71 187 -27.400 0.190
71 188 -24.090 -0.180
71 189 -21.960 -0.170
71 190 -17.950 -0.170
71 191 -15.240 -0.140
71 192 -11.070 -0.120
71 193 -8.730 -0.100
71 194 -3.100 -0.080
71 195 -0.660 -0.070
71 196 4.140 -0.020
71 197 6.440 0.000
71 198 13.400 -0.020
71 199 18.400 0.000
71 200 25.160 -0.010
71 201 30.300 -0.010
71 202 37.140 0.040
71 203 41.980 0.090
71 204 48.960 0.110
71 205 53.900 0.140
71 206 60.910 0.150
71 207 65.840 0.170
71 208 72.680 0.190
71 209 77.610 0.210
71 210 84.880 0.220
71 211 90.150 0.230
71 212 97.160 0.250
71 213 102.210 0.250
71 214 109.380 0.270
71 215 114.840 0.270
71 216 122.400 0.280
71 217 128.380 0.280
71 218 135.790 0.290
71 219 141.600 0.280
71 220 149.680 0.290
71 221 155.800 0.280
71 222 163.690 0.280
71 223 169.870 0.280
71 224 177.830 0.280
71 225 184.190 0.280
71 226 192.190 0.280
71 227 198.840 0.280
71 228 211.360 0.280
71 229 218.280 0.280
71 230 226.670 0.270
71 231 234.010 0.270
71 232 242.820 0.260
71 233 250.210 0.260
71 234 259.200 0.250
71 235 266.820 0.250
71 236 275.990 0.240
71 237 283.760 0.230
71 238 293.180 0.220
71 239 300.940 0.210
71 240 310.290 0.200
71 241 318.240 0.190
71 242 327.650 0.180
71 243 335.760 0.160
71 244 344.190 -0.150
71 245 351.720 -0.140
71 246 361.040 -0.130
71 247 368.640 -0.120
71 248 378.060 -0.110
71 249 385.700 -0.100
71 250 394.820 -0.090
71 251 402.510 -0.060
71 252 411.360 -0.020
71 253 418.760 0.000
71 254 427.720 -0.020
71 255 435.200 0.000
71 256 446.150 0.010
71 257 456.010 0.000
72 149 -0.330 -0.150
72 150 -14.680 -0.140
72 151 -18.770 -0.130
72 152 -24.750 0.000
72 153 -27.530 0.040
72 154 -32.770 0.000
72 155 -34.470 -0.040
72 156 -38.470 -0.010
72 157 -39.380 0.090
72 158 -42.500 0.120
72 159 -43.350 0.150
72 160 -46.080 0.170
72 161 -46.530 0.180
72 162 -48.790 0.200
72 163 -49.300 0.210
72 164 -51.740 0.230
72 165 -51.480 0.250
72 166 -53.630 0.250
72 167 -53.250 0.260
72 168 -55.330 0.290
72 169 -54.880 0.310
72 170 -55.730 0.330
72 171 -55.020 0.340
72 172 -55.910 0.340
72 173 -54.980 0.350
72 174 -55.510 0.340
72 175 -54.120 0.340
72 176 -54.230 0.310
72 177 -52.550 0.310
72 178 -52.390 0.290
72 179 -50.420 0.290
72 180 -49.740 0.280
72 181 -47.230 0.280
72 182 -46.110 0.270
72 183 -43.220 0.270
72 184 -41.380 0.260
72 185 -38.620 0.240
72 186 -37.120 0.230
72 187 -33.430 0.210
72 188 -31.270 0.190
72 189 -27.450 0.170
72 190 -26.160 -0.160
72 191 -22.390 -0.160
72 192 -20.120 -0.130
72 193 -16.280 -0.120
72 194 -14.230 -0.090
72 195 -9.000 -0.080
72 196 -6.660 -0.070
72 197 -2.080 -0.010
72 198 -0.020 0.000
72 199 6.750 -0.020
72 200 11.410 0.000
72 201 18.060 -0.010
72 202 23.080 0.000
72 203 29.710 0.020
72 204 34.460 0.050
72 205 41.300 0.110
72 206 46.030 0.130
72 207 52.860 0.150
72 208 57.650 0.160
72 209 64.470 0.180
72 210 69.130 0.200
72 211 76.260 0.220
72 212 81.420 0.230
72 213 88.240 0.240
72 214 93.110 0.250
72 215 100.060 0.270
72 216 105.330 0.270
72 217 112.730 0.280
72 218 118.580 0.280
72 219 125.800 0.280
72 220 131.410 0.280
72 221 139.290 0.290
72 222 145.190 0.280
72 223 152.890 0.280
72 224 158.850 0.280
72 225 166.560 0.280
72 226 172.650 0.280
72 227 180.720 0.280
72 228 187.230 0.270
72 229 195.200 0.280
72 230 201.580 0.270
72 231 214.730 0.270
72 232 221.760 0.260
72 233 230.360 0.250
72 234 237.460 0.240
72 235 246.180 0.240
72 236 253.590 0.230
72 237 262.530 0.230
72 238 270.040 0.220
72 239 279.090 0.210
72 240 286.680 0.200
72 241 295.820 0.200
72 242 303.560 0.180
72 243 312.840 0.170
72 244 320.490 -0.150
72 245 328.970 -0.140
72 246 336.270 -0.140
72 247 345.390 -0.130
72 248 352.780 -0.120
72 249 362.020 -0.110
72 250 369.540 -0.090
72 251 378.470 -0.090
72 252 386.020 0.000
72 253 394.720 -0.020
72 254 401.970 0.000
72 255 410.700 -0.020
72 256 418.130 0.000
72 257 429.030 0.010
72 258 438.790 0.000
73 152 -1.720 -0.130
73 153 -15.130 0.000
73 154 -18.320 0.030
73 155 -24.170 0.000
73 156 -25.850 -0.030
73 157 -30.200 0.000
73 158 -31.180 0.090
73 159 -34.680 0.130
73 160 -35.940 0.150
73 161 -39.080 0.170
73 162 -39.930 0.180
73 163 -42.580 0.190
73 164 -43.210 0.210
73 165 -45.710 0.210
73 166 -45.910 0.220
73 167 -48.290 0.240
73 168 -48.080 0.250
73 169 -50.410 0.270
73 170 -50.500 0.310
73 171 -51.930 0.310
73 172 -51.020 0.330
73 173 -52.110 0.330
73 174 -51.450 0.340
73 175 -52.240 0.330
73 176 -51.120 0.330
73 177 -51.430 0.320
73 178 -50.040 0.290
73 179 -50.240 0.280
73 180 -48.610 0.280
73 181 -48.290 0.270
73 182 -46.080 0.270
73 183 -45.310 0.260
73 184 -42.670 0.260
73 185 -41.220 0.250
73 186 -38.820 0.230
73 187 -37.460 0.220
73 188 -34.010 0.200
73 189 -32.210 0.190
73 190 -28.700 0.170
73 191 -26.720 0.150
73 192 -23.800 -0.160
73 193 -21.780 -0.130
73 194 -18.180 -0.120
73 195 -16.330 -0.090
73 196 -11.080 -0.080
73 197 -9.150 -0.070
73 198 -4.820 -0.010
73 199 -2.950 0.000
73 200 3.600 -0.020
73 201 8.190 0.000
73 202 14.610 -0.010
73 203 19.430 0.000
73 204 25.850 -0.010
73 205 30.390 0.070
73 206 36.900 0.110
73 207 41.330 0.130
73 208 47.970 0.140
73 209 52.530 0.160
73 210 59.160 0.180
73 211 63.660 0.200
73 212 70.610 0.210
73 213 75.600 0.220
73 214 82.230 0.240
73 215 86.870 0.250
73 216 93.600 0.260
73 217 98.670 0.270
73 218 105.810 0.280
73 219 111.490 0.280
73 220 118.490 0.280
73 221 123.900 0.280
73 222 131.550 0.290
73 223 137.280 0.280
73 224 144.840 0.290
73 225 150.640 0.280
73 226 158.180 0.290
73 227 164.150 0.270
73 228 171.960 0.270
73 229 178.170 0.260
73 230 186.020 0.260
73 231 192.110 0.250
73 232 205.200 0.260
73 233 211.910 0.250
73 234 220.150 0.240
73 235 227.050 0.240
73 236 235.500 0.230
73 237 242.720 0.230
73 238 251.460 0.220
73 239 258.750 0.220
73 240 267.610 0.210
73 241 275.040 0.200
73 242 283.960 0.190
73 243 291.350 0.180
73 244 300.670 0.170
73 245 308.370 0.160
73 246 316.680 -0.140
73 247 323.810 -0.130
73 248 332.720 -0.130
73 249 339.970 -0.120
73 250 349.040 -0.110
73 251 356.330 -0.100
73 252 365.230 -0.090
73 253 372.690 -0.060
73 254 381.280 -0.020
73 255 388.380 0.000
73 256 396.960 -0.020
73 257 404.300 0.000
73 258 415.150 0.010
73 259 424.730 0.000
74 154 -7.860 0.000
74 155 -11.410 0.040
74 156 -17.910 0.000
74 157 -19.600 -0.030
74 158 -24.150 0.000
74 159 -25.580 0.070
74 160 -29.170 0.110
74 161 -30.620 0.140
74 162 -34.060 0.150
74 163 -35.120 0.170
74 164 -38.200 0.180
74 165 -38.830 0.200
74 166 -41.600 0.200
74 167 -41.850 0.220
74 168 -44.510 0.230
74 169 -44.530 0.250
74 170 -47.150 0.280
74 171 -47.230 0.310
74 172 -49.040 0.310
74 173 -48.640 0.340
74 174 -49.880 0.340
74 175 -49.440 0.350
74 176 -50.530 0.330
74 177 -49.700 0.340
74 178 -50.420 0.310
74 179 -49.140 0.300
74 180 -49.560 0.280
74 181 -48.150 0.280
74 182 -48.090 0.260
74 183 -46.140 0.260
74 184 -45.660 0.250
74 185 -43.230 0.250
74 186 -42.200 0.240
74 187 -40.060 0.230
74 188 -39.020 0.210
74 189 -36.030 0.200
74 190 -34.650 0.170
74 191 -31.470 0.160
74 192 -30.540 -0.150
74 193 -27.260 -0.140
74 194 -25.660 -0.120
74 195 -22.360 -0.110
74 196 -20.820 -0.090
74 197 -16.220 0.000
74 198 -14.130 -0.070
74 199 -10.210 0.000
74 200 -8.550 0.000
74 201 -2.180 -0.020
74 202 2.250 0.000
74 203 8.540 -0.010
74 204 13.170 0.000
74 205 19.370 -0.010
74 206 23.690 0.010
74 207 30.190 0.090
74 208 34.480 0.120
74 209 41.020 0.140
74 210 45.490 0.150
74 211 51.970 0.170
74 212 56.380 0.180
74 213 63.140 0.210
74 214 67.970 0.220
74 215 74.400 0.240
74 216 78.810 0.250
74 217 85.320 0.260
74 218 90.170 0.270
74 219 97.190 0.280
74 220 102.700 0.280
74 221 109.500 0.280
74 222 114.720 0.280
74 223 122.210 0.290
74 224 127.750 0.280
74 225 135.190 0.280
74 226 140.790 0.280
74 227 148.140 0.280
74 228 153.860 0.270
74 229 161.470 0.270
74 230 167.420 0.270
74 231 175.090 0.270
74 232 181.040 0.260
74 233 189.070 0.260
74 234 195.390 0.240
74 235 203.680 0.240
74 236 210.200 0.230
74 237 223.850 0.230
74 238 230.840 0.220
74 239 239.400 0.210
74 240 246.440 0.210
74 241 255.080 0.200
74 242 262.210 0.190
74 243 270.770 0.180
74 244 278.260 0.170
74 245 287.120 0.170
74 246 294.370 -0.140
74 247 302.400 -0.140
74 248 309.310 -0.130
74 249 318.020 -0.120
74 250 325.060 -0.110
74 251 333.930 -0.100
74 252 341.020 -0.090
74 253 349.690 -0.080
74 254 356.970 0.000
74 255 365.470 -0.020
74 256 372.460 0.000
74 257 380.860 -0.020
74 258 388.050 0.000
74 259 398.820 -0.010
74 260 408.290 0.000
75 156 2.960 0.040
75 157 -8.540 0.000
75 158 -10.210 -0.030
75 159 -15.170 0.000
75 160 -16.890 0.070
75 161 -20.660 0.100
75 162 -22.320 0.130
75 163 -26.070 0.150
75 164 -27.300 0.160
75 165 -30.620 0.170
75 166 -31.590 0.190
75 167 -34.840 0.190
75 168 -35.190 0.210
75 169 -38.390 0.210
75 170 -38.440 0.220
75 171 -41.330 0.270
75 172 -41.510 0.310
75 173 -43.580 0.310
75 174 -44.060 0.320
75 175 -45.030 0.330
75 176 -44.790 0.340
75 177 -46.480 0.310
75 178 -45.750 0.300
75 179 -46.690 0.290
75 180 -46.110 0.280
75 181 -46.290 0.270
75 182 -45.220 0.260
75 183 -45.690 0.250
75 184 -43.800 0.250
75 185 -43.670 0.240
75 186 -41.600 0.240
75 187 -41.000 0.230
75 188 -38.980 0.220
75 189 -38.060 0.190
75 190 -36.000 0.190
75 191 -34.430 0.170
75 192 -31.600 0.160
75 193 -30.290 0.140
75 194 -27.740 -0.140
75 195 -26.460 -0.120
75 196 -22.960 -0.110
75 197 -21.180 -0.090
75 198 -17.200 -0.050
75 199 -15.740 -0.070
75 200 -12.100 -0.020
75 201 -10.640 0.000
75 202 -4.490 -0.020
75 203 -0.100 0.010
75 204 6.000 0.020
75 205 10.420 0.010
75 206 16.410 0.010
75 207 20.510 0.020
75 208 26.970 -0.020
75 209 30.850 0.110
75 210 37.160 0.130
75 211 41.380 0.140
75 212 47.720 0.160
75 213 51.960 0.170
75 214 58.660 0.210
75 215 63.140 0.230
75 216 69.360 0.240
75 217 73.560 0.240
75 218 79.930 0.250
75 219 84.560 0.260
75 220 91.460 0.270
75 221 96.700 0.280
75 222 103.300 0.280
75 223 108.300 0.280
75 224 115.570 0.290
75 225 120.910 0.280
75 226 128.180 0.280
75 227 133.560 0.280
75 228 140.710 0.270
75 229 146.280 0.270
75 230 153.680 0.270
75 231 159.400 0.260
75 232 166.890 0.270
75 233 172.600 0.250
75 234 180.450 0.250
75 235 186.550 0.240
75 236 194.650 0.240
75 237 200.960 0.230
75 238 214.440 0.220
75 239 221.200 0.210
75 240 229.520 0.210
75 241 236.350 0.200
75 242 244.760 0.200
75 243 251.460 0.190
75 244 260.000 0.180
75 245 267.360 0.170
75 246 276.160 0.160
75 247 283.150 -0.140
75 248 291.000 -0.130
75 249 297.690 -0.130
75 250 306.200 -0.120
75 251 313.090 -0.110
75 252 321.770 -0.100
75 253 328.720 -0.100
75 254 337.220 -0.090
75 255 344.520 -0.060
75 256 352.840 -0.020
75 257 359.700 0.010
75 258 368.000 -0.010
75 259 375.020 0.000
75 260 385.660 -0.010
75 261 395.010 0.000
75 262 405.770 0.010
76 158 -1.480 0.000
76 159 -3.110 -0.030
76 160 -8.500 0.000
76 161 -10.430 0.050
76 162 -14.530 0.080
76 163 -16.260 0.120
76 164 -20.160 0.130
76 165 -21.440 0.150
76 166 -24.900 0.150
76 167 -26.220 0.170
76 168 -29.930 0.170
76 169 -30.600 0.190
76 170 -33.580 0.200
76 171 -33.960 0.240
76 172 -36.980 0.280
76 173 -37.630 0.300
76 174 -39.910 0.300
76 175 -40.270 0.320
76 176 -41.960 0.320
76 177 -42.060 0.330
76 178 -43.630 0.310
76 179 -43.350 0.310
76 180 -44.650 0.290
76 181 -43.810 0.290
76 182 -44.620 0.260
76 183 -43.730 0.260
76 184 -44.240 0.240
76 185 -42.750 0.240
76 186 -42.760 0.230
76 187 -40.930 0.230
76 188 -40.640 0.210
76 189 -38.560 0.200
76 190 -38.280 0.180
76 191 -36.020 0.170
76 192 -35.570 0.150
76 193 -33.440 -0.150
76 194 -32.900 -0.140
76 195 -30.180 -0.130
76 196 -29.300 -0.110
76 197 -25.640 -0.100
76 198 -23.710 -0.090
76 199 -20.470 0.000
76 200 -19.590 0.000
76 201 -16.590 0.000
76 202 -15.320 0.000
76 203 -9.360 -0.020
76 204 -5.000 0.000
76 205 0.940 -0.010
76 206 5.170 0.000
76 207 10.960 -0.010
76 208 14.860 0.000
76 209 21.040 0.020
76 210 24.970 0.080
76 211 31.140 0.120
76 212 35.150 0.130
76 213 41.400 0.150
76 214 45.510 0.160
76 215 51.970 0.200
76 216 56.430 0.220
76 217 62.540 0.240
76 218 66.570 0.250
76 219 72.690 0.260
76 220 77.150 0.260
76 221 83.780 0.270
76 222 88.830 0.270
76 223 95.280 0.280
76 224 100.110 0.280
76 225 107.220 0.280
76 226 112.390 0.280
76 227 119.500 0.280
76 228 124.670 0.280
76 229 131.650 0.280
76 230 136.990 0.270
76 231 144.250 0.270
76 232 149.780 0.260
76 233 157.110 0.270
76 234 162.660 0.250
76 235 170.330 0.250
76 236 176.260 0.240
76 237 184.140 0.230
76 238 190.220 0.230
76 239 198.100 0.220
76 240 204.610 0.210
76 241 212.830 0.200
76 242 219.270 0.190
76 243 227.780 0.190
76 244 234.080 0.170
76 245 242.400 0.170
76 246 249.130 0.160
76 247 257.770 0.150
76 248 264.640 0.140
76 249 273.330 0.120
76 250 279.540 -0.120
76 251 288.050 -0.120
76 252 294.900 -0.110
76 253 307.630 -0.100
76 254 310.960 -0.090
76 255 319.710 -0.080
76 256 327.060 0.000
76 257 335.570 -0.010
76 258 342.430 0.000
76 259 350.650 -0.020
76 260 357.670 0.000
76 261 370.170 -0.010
76 262 379.420 0.000
76 263 390.090 0.010
77 161 6.930 0.000
77 162 5.370 0.050
77 163 -5.280 0.060
77 164 -7.110 0.110
77 165 -11.310 0.120
77 166 -12.910 0.140
77 167 -16.660 0.140
77 168 -18.360 0.160
77 169 -22.130 0.160
77 170 -22.980 0.160
77 171 -26.390 0.170
77 172 -26.640 0.280
77 173 -30.150 0.280
77 174 -30.910 0.290
77 175 -33.440 0.300
77 176 -34.020 0.310
77 177 -36.080 0.310
77 178 -36.310 0.320
77 179 -38.210 0.300
77 180 -38.260 0.310
77 181 -39.640 0.290
77 182 -39.060 0.300
77 183 -40.230 0.260
77 184 -39.570 0.260
77 185 -40.320 0.250
77 186 -38.990 0.250
77 187 -39.180 0.200
77 188 -37.560 0.200
77 189 -37.970 0.190
77 190 -36.890 0.190
77 191 -36.140 0.160
77 192 -34.190 0.160
77 193 -34.160 0.150
77 194 -32.490 -0.140
77 195 -32.260 -0.130
77 196 -29.820 -0.120
77 197 -29.250 -0.110
77 198 -26.310 -0.100
77 199 -25.090 -0.090
77 200 -21.650 -0.100
77 201 -20.280 -0.070
77 202 -17.840 0.000
77 203 -16.800 0.000
77 204 -11.020 -0.020
77 205 -6.830 0.000
77 206 -0.840 -0.010
77 207 3.190 0.000
77 208 8.790 0.010
77 209 12.450 0.000
77 210 18.360 0.030
77 211 22.150 0.050
77 212 28.240 0.110
77 213 31.970 0.120
77 214 38.060 0.140
77 215 41.920 0.150
77 216 48.300 0.190
77 217 52.520 0.210
77 218 58.530 0.230
77 219 62.330 0.240
77 220 68.260 0.250
77 221 72.500 0.260
77 222 79.000 0.270
77 223 83.870 0.270
77 224 90.150 0.280
77 225 95.040 0.270
77 226 101.670 0.280
77 227 106.630 0.280
77 228 113.400 0.280
77 229 118.470 0.270
77 230 125.280 0.280
77 231 130.450 0.270
77 232 137.530 0.270
77 233 142.880 0.260
77 234 150.140 0.270
77 235 155.520 0.260
77 236 162.920 0.250
77 237 168.630 0.240
77 238 176.360 0.240
77 239 182.270 0.230
77 240 190.010 0.230
77 241 196.380 0.200
77 242 204.270 0.190
77 243 210.540 0.180
77 244 218.550 0.170
77 245 224.740 0.160
77 246 232.890 0.160
77 247 239.400 0.150
77 248 247.770 0.140
77 249 254.440 0.130
77 250 262.940 0.120
77 251 268.890 -0.120
77 252 277.180 -0.120
77 253 283.830 -0.110
77 254 292.650 -0.100
77 255 299.710 -0.090
77 256 308.320 -0.080
77 257 315.520 0.000
77 258 323.880 0.010
77 259 330.290 0.000
77 260 338.410 -0.010
77 261 345.320 0.000
77 262 357.660 -0.010
77 263 366.740 0.000
77 264 377.310 0.010
78 164 1.910 0.010
78 165 -0.130 0.070
78 166 -4.530 0.090
78 167 -6.240 0.110
78 168 -10.560 0.120
78 169 -12.140 0.140
78 170 -16.100 0.140
78 171 -17.240 0.140
78 172 -20.820 0.150
78 173 -21.400 0.280
78 174 -24.970 0.280
78 175 -26.030 0.290
78 176 -28.740 0.300
78 177 -29.650 0.320
78 178 -31.930 0.310
78 179 -32.460 0.330
78 180 -34.540 0.310
78 181 -34.690 0.310
78 182 -36.450 0.290
78 183 -36.150 0.290
78 184 -37.530 0.270
78 185 -37.130 0.270
78 186 -38.050 0.250
78 187 -36.920 0.240
78 188 -37.970 -0.160
78 189 -35.820 0.200
78 190 -37.590 -0.150
78 191 -35.670 -0.150
78 192 -36.190 -0.140
78 193 -34.490 -0.140
78 194 -34.960 -0.140
78 195 -33.100 -0.140
78 196 -33.220 -0.120
78 197 -31.050 -0.120
78 198 -30.850 -0.100
78 199 -28.670 -0.100
78 200 -28.270 -0.080
78 201 -24.680 0.000
78 202 -23.130 0.000
78 203 -21.210 0.000
78 204 -20.330 0.000
78 205 -14.780 -0.010
78 206 -10.830 0.000
78 207 -5.030 0.010
78 208 -1.010 0.000
78 209 4.520 -0.010
78 210 7.960 0.000
78 211 13.700 0.010
78 212 17.220 0.000
78 213 23.240 0.050
78 214 26.810 0.090
78 215 32.810 0.120
78 216 36.460 0.130
78 217 42.730 0.200
78 218 46.810 0.210
78 219 52.560 0.230
78 220 56.160 0.240
78 221 61.880 0.250
78 222 65.930 0.260
78 223 72.290 0.270
78 224 77.050 0.270
78 225 83.120 0.280
78 226 87.880 0.270
78 227 94.310 0.280
78 228 99.110 0.280
78 229 105.690 0.280
78 230 110.580 0.270
78 231 117.230 0.270
78 232 122.200 0.270
78 233 129.100 0.270
78 234 134.240 0.260
78 235 141.220 0.270
78 236 146.440 0.250
78 237 153.760 0.250
78 238 159.300 0.240
78 239 166.820 0.230
78 240 172.560 0.220
78 241 180.110 0.220
78 242 186.220 0.200
78 243 193.970 0.200
78 244 200.100 0.180
78 245 208.000 0.170
78 246 214.010 0.160
78 247 222.050 0.150
78 248 228.310 0.140
78 249 236.430 0.130
78 250 242.150 -0.130
78 251 250.360 -0.120
78 252 256.630 -0.110
78 253 264.670 -0.110
78 254 271.100 -0.100
78 255 279.750 -0.100
78 256 286.670 -0.080
78 257 295.090 -0.070
78 258 301.990 0.000
78 259 309.940 -0.010
78 260 316.250 0.000
78 261 324.170 -0.010
78 262 330.950 0.000
78 263 343.230 -0.010
78 264 352.220 0.000
78 265 362.600 -0.010
79 167 12.100 0.070
79 168 10.440 0.090
79 169 -1.660 0.090
79 170 -3.340 0.110
79 171 -7.600 0.110
79 172 -8.920 0.120
79 173 -12.730 0.120
79 174 -13.740 0.130
79 175 -16.820 0.270
79 176 -18.190 0.290
79 177 -21.270 0.300
79 178 -22.380 0.320
79 179 -24.940 0.320
79 180 -25.700 0.330
79 181 -27.990 0.310
79 182 -28.510 0.310
79 183 -30.420 0.290
79 184 -30.380 0.300
79 185 -32.010 0.280
79 186 -31.730 0.280
79 187 -33.490 -0.150
79 188 -32.580 -0.150
79 189 -34.210 -0.140
79 190 -33.180 -0.140
79 191 -34.380 -0.140
79 192 -32.790 -0.140
79 193 -33.660 -0.140
79 194 -32.210 -0.140
79 195 -32.970 -0.130
79 196 -31.360 -0.130
79 197 -31.770 -0.120
79 198 -29.630 -0.110
79 199 -29.600 -0.100
79 200 -27.490 -0.100
79 201 -27.090 -0.080
79 202 -24.250 -0.010
79 203 -23.350 0.000
79 204 -21.710 0.000
79 205 -21.010 0.000
79 206 -15.670 -0.010
79 207 -11.950 0.000
79 208 -6.350 0.010
79 209 -2.560 0.000
79 210 2.980 -0.010
79 211 6.400 0.000
79 212 11.970 0.000
79 213 15.280 0.000
79 214 21.060 0.020
79 215 24.520 0.020
79 216 30.510 -0.040
79 217 33.840 0.100
79 218 40.270 0.110
79 219 43.950 0.210
79 220 49.550 0.230
79 221 53.020 0.230
79 222 58.520 0.250
79 223 62.380 0.250
79 224 68.540 0.260
79 225 73.080 0.270
79 226 78.990 0.270
79 227 83.560 0.270
79 228 89.800 0.280
79 229 94.440 0.280
79 230 100.780 0.280
79 231 105.460 0.270
79 232 111.950 0.270
79 233 116.740 0.270
79 234 123.430 0.270
79 235 128.330 0.260
79 236 135.170 0.260
79 237 140.250 0.250
79 238 147.390 0.250
79 239 152.760 0.240
79 240 160.100 0.230
79 241 165.630 0.220
79 242 173.010 0.220
79 243 178.890 0.200
79 244 186.430 0.190
79 245 192.370 0.170
79 246 200.200 0.170
79 247 206.060 0.150
79 248 213.870 0.130
79 249 219.170 -0.130
79 250 227.100 -0.130
79 251 232.940 -0.120
79 252 240.880 -0.120
79 253 246.900 -0.110
79 254 254.950 -0.110
79 255 261.390 -0.100
79 256 269.800 -0.100
79 257 276.370 -0.090
79 258 284.730 -0.050
79 259 291.060 0.000
79 260 298.760 -0.010
79 261 305.120 0.000
79 262 312.660 0.010
79 263 319.360 0.000
79 264 331.510 0.010
79 265 340.310 0.000
79 266 350.570 -0.010
80 170 5.380 0.030
80 171 3.580 0.060
80 172 -0.870 0.070
80 173 -2.320 0.090
80 174 -6.400 0.080
80 175 -7.580 0.100
80 176 -11.460 0.090
80 177 -12.350 0.290
80 178 -15.780 0.300
80 179 -17.120 0.320
80 180 -19.890 0.310
80 181 -20.890 0.330
80 182 -23.430 0.310
80 183 -24.200 0.310
80 184 -26.330 0.290
80 185 -26.560 0.300
80 186 -28.410 0.280
80 187 -28.230 0.280
80 188 -30.370 -0.140
80 189 -29.700 -0.150
80 190 -31.550 -0.140
80 191 -30.710 -0.140
80 192 -32.250 -0.140
80 193 -30.920 -0.140
80 194 -32.160 -0.130
80 195 -30.960 -0.130
80 196 -32.010 -0.120
80 197 -30.670 -0.120
80 198 -31.420 -0.110
80 199 -29.430 -0.100
80 200 -29.570 -0.080
80 201 -27.630 -0.080
80 202 -27.810 0.000
80 203 -25.510 0.000
80 204 -25.440 0.000
80 205 -24.040 0.000
80 206 -23.560 0.000
80 207 -18.410 -0.010
80 208 -14.930 0.000
80 209 -9.520 0.010
80 210 -5.980 0.000
80 211 -0.420 0.000
80 212 3.050 0.000
80 213 8.380 0.000
80 214 11.510 0.000
80 215 17.080 0.010
80 216 20.290 0.000
80 217 26.050 0.030
80 218 29.280 0.000
80 219 35.620 0.080
80 220 39.480 0.200
80 221 44.570 0.220
80 222 47.930 0.230
80 223 53.250 0.240
80 224 56.890 0.250
80 225 62.860 0.260
80 226 67.210 0.260
80 227 72.990 0.270
80 228 77.340 0.270
80 229 83.430 0.280
80 230 87.870 0.270
80 231 93.970 0.280
80 232 98.460 0.270
80 233 104.810 0.270
80 234 109.420 0.270
80 235 115.890 0.270
80 236 120.560 0.260
80 237 127.230 0.250
80 238 132.210 0.250
80 239 139.180 0.250
80 240 144.330 0.240
80 241 151.510 0.230
80 242 156.890 0.220
80 243 164.100 0.220
80 244 169.730 0.200
80 245 177.120 0.190
80 246 182.880 0.160
80 247 190.620 0.150
80 248 195.640 -0.140
80 249 203.300 -0.140
80 250 208.750 -0.130
80 251 216.530 -0.130
80 252 222.270 -0.120
80 253 230.100 -0.110
80 254 235.780 -0.100
80 255 243.830 -0.100
80 256 250.200 -0.080
80 257 258.170 -0.060
80 258 264.410 0.000
80 259 272.380 0.000
80 260 278.350 0.000
80 261 285.880 0.000
80 262 292.110 0.000
80 263 299.490 0.010
80 264 306.030 0.000
80 265 318.060 -0.010
80 266 326.740 0.000
80 267 336.870 -0.010
81 171 22.020 -0.040
81 172 20.330 -0.050
81 173 8.750 -0.050
81 174 7.120 -0.050
81 175 2.670 -0.050
81 176 1.290 -0.060
81 177 -2.900 -0.060
81 178 -3.920 -0.070
81 179 -7.820 -0.060
81 180 -8.470 -0.070
81 181 -12.150 -0.070
81 182 -12.540 0.330
81 183 -15.390 0.310
81 184 -16.440 -0.170
81 185 -19.300 -0.170
81 186 -19.260 0.300
81 187 -22.350 -0.170
81 188 -22.170 -0.170
81 189 -24.670 -0.160
81 190 -24.280 -0.160
81 191 -26.360 -0.160
81 192 -25.760 -0.160
81 193 -27.620 -0.150
81 194 -26.270 -0.150
81 195 -27.720 -0.080
81 196 -26.620 -0.080
81 197 -28.070 -0.070
81 198 -26.830 -0.070
81 199 -28.050 -0.060
81 200 -26.600 -0.060
81 201 -27.420 -0.050
81 202 -25.710 -0.020
81 203 -26.310 -0.020
81 204 -24.530 0.000
81 205 -24.960 0.000
81 206 -23.760 0.000
81 207 -23.450 0.000
81 208 -18.500 -0.010
81 209 -15.250 0.000
81 210 -10.030 0.010
81 211 -6.730 0.000
81 212 -1.320 0.000
81 213 2.050 0.000
81 214 7.300 0.000
81 215 10.250 0.000
81 216 15.770 0.010
81 217 18.900 0.000
81 218 24.400 0.020
81 219 27.370 0.000
81 220 33.320 -0.040
81 221 36.610 -0.040
81 222 42.690 0.210
81 223 46.220 0.220
81 224 51.010 0.240
81 225 54.300 0.250
81 226 60.390 0.260
81 227 64.580 0.260
81 228 70.330 0.260
81 229 74.150 0.260
81 230 80.010 0.270
81 231 84.200 0.260
81 232 90.190 0.270
81 233 94.400 0.270
81 234 100.510 0.270
81 235 105.000 0.260
81 236 111.310 0.260
81 237 115.770 0.250
81 238 122.260 0.250
81 239 127.070 0.250
81 240 133.860 0.240
81 241 138.870 0.240
81 242 145.870 0.230
81 243 151.050 0.220
81 244 158.050 0.210
81 245 163.430 0.200
81 246 170.740 0.180
81 247 175.210 -0.150
81 248 182.530 -0.150
81 249 187.770 -0.140
81 250 195.380 -0.140
81 251 200.750 -0.140
81 252 208.420 -0.140
81 253 214.720 -0.080
81 254 222.020 -0.070
81 255 227.500 -0.070
81 256 235.210 -0.070
81 257 241.180 -0.060
81 258 248.940 -0.050
81 259 254.900 0.000
81 260 262.340 0.000
81 261 268.100 0.000
81 262 275.460 0.000
81 263 281.600 0.000
81 264 288.810 0.010
81 265 295.290 0.000
81 266 307.140 0.010
81 267 315.660 0.000
81 268 325.640 -0.010
82 174 16.870 0.000
82 175 15.000 0.010
82 176 10.330 0.000
82 177 8.760 0.010
82 178 4.270 0.000
82 179 3.120 0.010
82 180 -1.220 0.000
82 181 -2.030 0.020
82 182 -6.260 0.000
82 183 -6.650 -0.020
82 184 -10.730 0.000
82 185 -10.600 0.310
82 186 -14.510 0.000
82 187 -13.810 0.300
82 188 -17.750 0.000
82 189 -17.510 -0.010
82 190 -20.500 0.000
82 191 -20.160 0.000
82 192 -22.790 0.000
82 193 -22.250 0.010
82 194 -24.610 0.000
82 195 -23.220 0.000
82 196 -24.930 0.000
82 197 -23.920 0.000
82 198 -25.660 0.000
82 199 -24.540 0.000
82 200 -26.000 0.000
82 201 -24.840 0.000
82 202 -26.350 0.000
82 203 -25.070 0.000
82 204 -26.180 0.000
82 205 -25.160 0.000
82 206 -25.820 0.000
82 207 -24.900 0.000
82 208 -24.820 0.000
82 209 -20.060 0.010
82 210 -17.060 0.000
82 211 -12.090 0.010
82 212 -8.970 0.000
82 213 -3.800 0.000
82 214 -0.610 0.000
82 215 4.720 0.000
82 216 7.550 0.000
82 217 13.020 0.010
82 218 16.110 0.000
82 219 21.380 0.010
82 220 24.100 0.000
82 221 29.740 0.010
82 222 32.590 0.000
82 223 38.900 0.020
82 224 42.300 0.220
82 225 46.750 0.240
82 226 50.070 0.240
82 227 55.670 0.250
82 228 59.680 0.260
82 229 65.210 0.260
82 230 68.910 0.260
82 231 74.470 0.270
82 232 78.440 0.270
82 233 84.190 0.270
82 234 88.280 0.270
82 235 94.260 0.270
82 236 98.550 0.260
82 237 104.680 0.260
82 238 108.980 0.250
82 239 115.270 0.250
82 240 119.910 0.250
82 241 126.520 0.240
82 242 131.300 0.230
82 243 138.130 0.230
82 244 143.160 0.220
82 245 149.980 0.220
82 246 155.140 0.200
82 247 162.410 0.180
82 248 167.200 -0.160
82 249 174.340 -0.150
82 250 179.430 -0.150
82 251 186.970 -0.140
82 252 192.250 -0.130
82 253 199.290 0.000
82 254 204.540 0.000
82 255 212.590 0.000
82 256 218.250 0.000
82 257 225.510 0.000
82 258 231.170 0.000
82 259 238.330 0.000
82 260 243.810 0.000
82 261 251.030 0.000
82 262 256.680 0.000
82 263 263.890 0.000
82 264 269.840 0.000
82 265 277.140 0.010
82 266 283.150 0.000
82 267 294.870 -0.010
82 268 303.270 0.000
82 269 313.120 -0.010
83 181 16.490 -0.060
83 182 15.310 0.320
83 183 3.690 0.310
83 184 1.920 0.320
83 185 -1.580 0.300
83 186 -2.930 0.300
83 187 -6.420 -0.070
83 188 -6.680 0.290
83 189 -10.340 -0.070
83 190 -10.720 -0.070
83 191 -13.700 -0.070
83 192 -13.690 -0.070
83 193 -16.490 -0.070
83 194 -16.250 -0.070
83 195 -18.820 -0.060
83 196 -17.750 -0.070
83 197 -19.790 -0.060
83 198 -18.990 -0.060
83 199 -20.870 -0.050
83 200 -19.890 -0.050
83 201 -21.520 -0.040
83 202 -20.450 -0.040
83 203 -21.850 -0.040
83 204 -20.600 -0.030
83 205 -21.710 -0.030
83 206 -20.850 -0.020
83 207 -21.710 -0.020
83 208 -21.000 -0.020
83 209 -21.040 -0.010
83 210 -16.670 -0.020
83 211 -13.770 -0.020
83 212 -9.120 -0.020
83 213 -6.200 -0.020
83 214 -1.390 -0.020
83 215 0.940 -0.030
83 216 5.720 -0.020
83 217 8.160 -0.030
83 218 13.420 0.040
83 219 16.170 0.060
83 220 21.410 0.060
83 221 23.940 0.080
83 222 29.470 0.090
83 223 32.920 0.180
83 224 38.030 0.210
83 225 40.750 0.210
83 226 45.560 0.230
83 227 48.570 0.230
83 228 53.960 0.250
83 229 57.710 0.250
83 230 63.070 0.260
83 231 66.630 0.270
83 232 71.990 0.270
83 233 75.770 0.270
83 234 81.310 0.270
83 235 85.240 0.270
83 236 91.030 0.260
83 237 95.180 0.260
83 238 101.100 0.260
83 239 105.210 0.260
83 240 111.330 0.250
83 241 115.800 0.250
83 242 122.270 0.240
83 243 126.830 0.230
83 244 133.460 0.230
83 245 138.220 0.220
83 246 144.940 0.210
83 247 149.700 0.190
83 248 156.820 0.170
83 249 161.040 -0.170
83 250 168.040 -0.170
83 251 172.960 -0.160
83 252 180.120 -0.120
83 253 184.920 -0.060
83 254 192.200 -0.060
83 255 197.290 -0.060
83 256 205.360 -0.050
83 257 210.860 -0.050
83 258 218.260 -0.040
83 259 223.730 -0.040
83 260 230.940 -0.040
83 261 236.300 -0.030
83 262 243.400 -0.030
83 263 248.930 -0.020
83 264 256.030 -0.020
83 265 261.900 -0.010
83 266 268.970 -0.020
83 267 274.980 -0.010
83 268 286.380 0.010
83 269 294.670 -0.010
83 270 304.380 0.010
84 182 24.780 0.300
84 183 22.260 0.320
84 184 9.780 0.320
84 185 7.730 0.330
84 186 4.260 0.310
84 187 2.540 0.310
84 188 -0.510 0.300
84 189 -1.630 0.300
84 190 -4.500 0.280
84 191 -5.380 0.280
84 192 -8.070 -0.200
84 193 -8.380 -0.200
84 194 -11.260 -0.090
84 195 -11.190 -0.180
84 196 -14.080 -0.080
84 197 -13.450 -0.090
84 198 -15.740 -0.070
84 199 -15.150 -0.070
84 200 -17.210 -0.060
84 201 -16.450 -0.060
84 202 -18.250 -0.040
84 203 -17.240 -0.030
84 204 -18.760 -0.010
84 205 -17.630 -0.010
84 206 -18.820 0.000
84 207 -18.240 0.000
84 208 -19.360 0.000
84 209 -18.880 0.000
84 210 -19.180 0.000
84 211 -14.810 -0.010
84 212 -12.320 0.000
84 213 -7.810 0.010
84 214 -5.600 0.000
84 215 -1.420 -0.010
84 216 0.600 0.000
84 217 5.120 0.000
84 218 7.520 0.090
84 219 12.210 0.100
84 220 14.580 0.110
84 221 19.350 0.130
84 222 21.890 0.140
84 223 27.070 0.160
84 224 30.050 0.170
84 225 34.990 0.200
84 226 37.470 0.220
84 227 42.210 0.230
84 228 45.190 0.240
84 229 50.270 0.250
84 230 53.760 0.250
84 231 58.870 0.270
84 232 62.260 0.260
84 233 67.430 0.270
84 234 71.010 0.260
84 235 76.360 0.270
84 236 80.080 0.260
84 237 85.680 0.260
84 238 89.620 0.260
84 239 95.380 0.260
84 240 99.260 0.250
84 241 105.220 0.240
84 242 109.530 0.240
84 243 115.770 0.240
84 244 120.170 0.230
84 245 126.670 0.230
84 246 131.320 0.220
84 247 137.770 0.210
84 248 142.470 0.190
84 249 149.270 0.170
84 250 153.900 0.130
84 251 160.710 0.120
84 252 165.360 0.100
84 253 172.300 -0.100
84 254 177.020 -0.080
84 255 184.210 0.070
84 256 189.070 -0.070
84 257 197.120 -0.070
84 258 202.370 -0.050
84 259 209.600 -0.030
84 260 214.890 -0.020
84 261 222.000 0.000
84 262 227.420 0.000
84 263 234.280 -0.010
84 264 239.710 0.000
84 265 246.650 0.000
84 266 252.320 0.000
84 267 259.310 -0.010
84 268 265.330 0.000
84 269 276.510 -0.010
84 270 284.620 0.000
84 271 294.270 0.010
85 186 25.900 0.340
85 187 22.390 0.320
85 188 20.630 0.320
85 189 8.300 0.300
85 190 7.040 0.290
85 191 3.850 0.270
85 192 2.900 -0.230
85 193 -0.330 -0.220
85 194 -0.860 -0.220
85 195 -3.620 -0.190
85 196 -3.910 -0.190
85 197 -7.160 -0.110
85 198 -6.750 -0.110
85 199 -9.090 -0.100
85 200 -8.880 -0.100
85 201 -11.180 -0.090
85 202 -10.680 -0.080
85 203 -12.690 -0.070
85 204 -11.940 -0.060
85 205 -13.470 -0.040
85 206 -12.510 -0.030
85 207 -13.810 -0.020
85 208 -13.250 -0.020
85 209 -14.410 -0.010
85 210 -14.050 -0.010
85 211 -14.490 0.000
85 212 -10.420 -0.020
85 213 -8.320 0.010
85 214 -4.400 -0.020
85 215 -2.450 -0.010
85 216 1.510 -0.020
85 217 3.480 0.100
85 218 7.140 0.110
85 219 8.930 0.120
85 220 13.190 0.130
85 221 15.370 0.130
85 222 19.830 0.140
85 223 22.130 0.150
85 224 27.100 0.160
85 225 29.850 0.160
85 226 34.770 0.200
85 227 37.170 0.200
85 228 41.800 0.240
85 229 44.550 0.240
85 230 49.390 0.250
85 231 52.660 0.250
85 232 57.580 0.260
85 233 60.750 0.260
85 234 65.720 0.270
85 235 69.070 0.260
85 236 74.330 0.260
85 237 77.910 0.260
85 238 83.330 0.250
85 239 87.090 0.250
85 240 92.690 0.250
85 241 96.360 0.240
85 242 102.150 0.240
85 243 106.250 0.230
85 244 112.320 0.230
85 245 116.530 0.220
85 246 122.880 0.220
85 247 127.310 0.210
85 248 133.600 0.200
85 249 138.100 0.180
85 250 144.740 0.160
85 251 148.980 0.120
85 252 155.660 0.120
85 253 160.130 0.110
85 254 166.910 0.100
85 255 171.500 0.090
85 256 178.360 -0.100
85 257 183.150 -0.090
85 258 191.010 -0.080
85 259 196.190 -0.070
85 260 203.380 -0.070
85 261 208.430 -0.040
85 262 215.390 -0.040
85 263 220.950 -0.030
85 264 227.700 -0.020
85 265 233.020 -0.010
85 266 239.790 -0.010
85 267 245.370 0.010
85 268 252.210 -0.010
85 269 258.160 0.000
85 270 269.210 0.010
85 271 277.160 -0.010
85 272 286.680 0.010
86 189 27.460 0.310
86 190 14.980 0.300
86 191 13.450 0.300
86 192 10.130 0.280
86 193 8.620 0.280
86 194 5.860 0.260
86 195 5.290 0.180
86 196 1.770 0.150
86 197 1.220 0.150
86 198 -1.770 0.130
86 199 -1.640 0.130
86 200 -4.000 0.120
86 201 -4.170 0.110
86 202 -6.650 -0.100
86 203 -6.490 -0.100
86 204 -8.830 -0.080
86 205 -8.220 -0.070
86 206 -9.910 -0.050
86 207 -9.190 -0.030
86 208 -10.690 0.000
86 209 -10.290 0.000
86 210 -11.610 0.000
86 211 -11.130 0.000
86 212 -11.810 0.000
86 213 -7.820 -0.010
86 214 -6.490 0.000
86 215 -2.770 -0.010
86 216 -1.190 0.000
86 217 2.740 0.090
86 218 4.250 0.100
86 219 7.880 0.120
86 220 9.490 0.120
86 221 13.470 0.140
86 222 15.480 0.140
86 223 19.590 0.160
86 224 21.610 0.170
86 225 26.410 0.190
86 226 28.840 0.200
86 227 33.020 0.220
86 228 35.210 0.220
86 229 39.090 0.240
86 230 41.980 0.240
86 231 46.600 0.250
86 232 49.680 0.250
86 233 54.310 0.260
86 234 57.280 0.260
86 235 62.020 0.270
86 236 65.180 0.260
86 237 70.270 0.270
86 238 73.750 0.260
86 239 78.980 0.260
86 240 82.560 0.250
86 241 87.980 0.260
86 242 91.480 0.250
86 243 97.080 0.240
86 244 101.000 0.240
86 245 106.920 0.240
86 246 110.930 0.230
86 247 117.130 0.230
86 248 121.400 0.210
86 249 127.500 0.200
86 250 131.930 0.170
86 251 138.360 0.160
86 252 142.600 0.140
86 253 149.080 0.130
86 254 153.450 0.120
86 255 160.020 0.110
86 256 164.500 0.100
86 257 171.290 0.100
86 258 175.900 0.080
86 259 183.580 0.070
86 260 188.540 -0.070
86 261 195.450 -0.070
86 262 200.470 -0.050
86 263 207.320 -0.040
86 264 212.710 0.000
86 265 219.570 0.000
86 266 224.740 0.000
86 267 231.370 0.000
86 268 236.820 0.000
86 269 243.530 -0.010
86 270 249.320 0.000
86 271 258.570 -0.010
86 272 266.300 0.000
86 273 277.490 0.010
86 274 285.320 0.000
86 275 294.860 0.000
86 276 302.750 0.000
86 277 312.460 0.000
86 278 320.340 0.000
86 279 330.170 0.010
86 280 338.070 0.000
86 281 347.650 0.120
86 282 355.200 0.130
86 283 364.570 0.140
86 284 372.080 0.150
86 285 381.350 0.160
86 286 388.950 0.170
86 287 397.900 0.180
86 288 405.500 0.190
86 289 414.790 0.200
86 290 422.460 0.200
86 291 431.800 0.210
86 292 439.630 0.210
86 293 449.110 0.220
86 294 457.060 0.220
87 192 31.890 0.290
87 193 19.320 0.270
87 194 17.680 0.280
87 195 14.670 0.250
87 196 13.510 0.190
87 197 10.070 0.170
87 198 9.330 0.160
87 199 6.160 0.140
87 200 6.070 0.140
87 201 3.610 0.130
87 202 3.180 0.130
87 203 0.550 0.110
87 204 0.510 0.110
87 205 -1.990 -0.090
87 206 -1.600 -0.080
87 207 -3.500 -0.070
87 208 -3.040 -0.070
87 209 -4.710 -0.030
87 210 -4.190 0.010
87 211 -5.420 0.000
87 212 -5.400 0.000
87 213 -6.230 0.000
87 214 -2.450 -0.010
87 215 -1.680 0.000
87 216 1.800 -0.010
87 217 3.050 0.000
87 218 6.510 0.100
87 219 7.530 0.110
87 220 10.890 0.130
87 221 12.310 0.140
87 222 15.910 0.150
87 223 17.620 0.160
87 224 21.230 0.170
87 225 22.880 0.170
87 226 26.750 0.200
87 227 29.800 0.200
87 228 33.360 0.220
87 229 35.690 0.220
87 230 39.670 0.240
87 231 42.000 0.240
87 232 46.560 0.250
87 233 49.500 0.260
87 234 53.940 0.270
87 235 56.770 0.260
87 236 61.330 0.270
87 237 64.330 0.260
87 238 69.160 0.270
87 239 72.430 0.260
87 240 77.500 0.260
87 241 80.890 0.250
87 242 86.210 0.250
87 243 89.530 0.250
87 244 94.960 0.240
87 245 98.710 0.240
87 246 104.450 0.240
87 247 108.300 0.230
87 248 114.300 0.230
87 249 118.410 0.220
87 250 124.350 0.190
87 251 128.390 0.160
87 252 134.630 0.160
87 253 138.660 0.140
87 254 144.950 0.140
87 255 149.170 0.120
87 256 155.570 0.120
87 257 159.940 0.110
87 258 166.590 0.100
87 259 171.080 0.090
87 260 178.580 0.080
87 261 183.460 -0.070
87 262 190.200 -0.080
87 263 195.120 -0.060
87 264 202.090 -0.050
87 265 207.130 -0.040
87 266 213.980 -0.030
87 267 219.030 0.000
87 268 225.520 0.000
87 269 230.850 0.000
87 270 237.410 -0.010
87 271 243.090 0.000
87 272 252.280 0.010
87 273 259.780 0.000
87 274 270.890 0.010
87 275 278.510 0.000
87 276 287.930 -0.010
87 277 295.640 0.000
87 278 305.240 0.000
87 279 312.920 0.000
87 280 322.640 0.010
87 281 330.100 0.110
87 282 339.200 0.130
87 283 346.520 0.140
87 284 355.590 0.150
87 285 362.880 0.160
87 286 371.880 0.170
87 287 379.300 0.170
87 288 388.050 0.190
87 289 395.450 0.190
87 290 404.580 0.200
87 291 412.140 0.200
87 292 421.330 0.210
87 293 429.020 0.210
87 294 438.370 0.220
87 295 446.190 0.220
88 194 26.290 0.280
88 195 24.440 0.280
88 196 21.300 0.260
88 197 20.140 0.230
88 198 16.780 0.190
88 199 15.670 0.180
88 200 12.320 0.160
88 201 12.020 0.160
88 202 9.400 0.140
88 203 8.760 0.140
88 204 5.930 0.120
88 205 5.570 0.120
88 206 2.960 -0.100
88 207 3.030 -0.090
88 208 0.830 -0.070
88 209 1.020 -0.070
88 210 -0.840 -0.040
88 211 -0.270 -0.010
88 212 -1.360 0.000
88 213 -1.750 0.000
88 214 -2.790 0.000
88 215 0.790 -0.020
88 216 1.040 0.000
88 217 4.270 -0.020
88 218 5.220 0.000
88 219 8.510 0.100
88 220 9.300 0.120
88 221 12.580 0.130
88 222 13.870 0.140
88 223 17.140 0.160
88 224 18.550 0.170
88 225 21.420 0.190
88 226 22.780 0.200
88 227 26.710 0.210
88 228 28.870 0.220
88 229 32.490 0.230
88 230 34.280 0.230
88 231 37.900 0.250
88 232 40.040 0.250
88 233 44.620 0.260
88 234 47.380 0.260
88 235 51.580 0.270
88 236 54.210 0.260
88 237 58.550 0.270
88 238 61.370 0.260
88 239 65.940 0.270
88 240 68.990 0.260
88 241 73.880 0.260
88 242 77.120 0.250
88 243 82.300 0.250
88 244 85.510 0.250
88 245 90.740 0.240
88 246 94.320 0.240
88 247 99.890 0.230
88 248 103.550 0.230
88 249 109.420 0.230
88 250 113.350 0.210
88 251 119.120 0.200
88 252 123.250 0.180
88 253 129.350 0.170
88 254 133.300 0.150
88 255 139.400 0.140
88 256 143.480 0.130
88 257 149.670 0.120
88 258 153.890 0.110
88 259 160.330 0.110
88 260 164.650 0.090
88 261 171.940 0.090
88 262 176.670 -0.070
88 263 183.280 -0.080
88 264 188.060 -0.060
88 265 194.820 -0.040
88 266 199.940 -0.030
88 267 206.530 -0.030
88 268 211.610 0.000
88 269 217.960 0.000
88 270 223.160 0.000
88 271 229.600 -0.010
88 272 235.160 0.000
88 273 244.160 -0.010
88 274 251.550 0.000
88 275 262.520 0.010
88 276 270.010 0.000
88 277 279.310 0.010
88 278 286.810 0.000
88 279 296.250 0.000
88 280 303.770 0.000
88 281 313.320 0.000
88 282 320.510 0.110
88 283 329.460 0.130
88 284 336.570 0.140
88 285 345.460 0.150
88 286 352.550 0.160
88 287 361.310 0.170
88 288 368.180 0.180
88 289 376.970 0.190
88 290 384.230 0.200
88 291 393.070 0.210
88 292 400.470 0.210
88 293 409.470 0.210
88 294 416.980 0.220
88 295 426.140 0.230
88 296 433.830 0.230
89 199 35.280 0.200
89 200 33.950 0.180
89 201 21.100 0.170
89 202 20.530 0.170
89 203 17.750 0.150
89 204 16.940 0.150
89 205 14.030 0.140
89 206 13.440 0.130
89 207 10.710 0.110
89 208 10.510 -0.100
89 209 8.040 -0.090
89 210 8.080 -0.080
89 211 6.150 -0.050
89 212 6.560 -0.010
89 213 5.210 0.010
89 214 4.910 0.010
89 215 3.680 0.000
89 216 7.070 -0.020
89 217 6.810 0.010
89 218 9.810 -0.020
89 219 10.160 0.030
89 220 13.210 0.100
89 221 13.780 0.120
89 222 16.760 0.130
89 223 17.710 0.150
89 224 20.630 0.170
89 225 21.560 0.190
89 226 24.180 0.200
89 227 25.310 0.210
89 228 28.840 0.220
89 229 30.640 0.220
89 230 34.000 0.230
89 231 35.570 0.240
89 232 38.990 0.250
89 233 40.960 0.250
89 234 45.410 0.250
89 235 48.050 0.260
89 236 51.980 0.270
89 237 54.350 0.260
89 238 58.600 0.270
89 239 61.330 0.260
89 240 65.730 0.270
89 241 68.610 0.260
89 242 73.340 0.260
89 243 76.440 0.250
89 244 81.450 0.250
89 245 84.520 0.240
89 246 89.410 0.250
89 247 92.870 0.230
89 248 98.280 0.230
89 249 101.730 0.220
89 250 107.480 0.220
89 251 111.190 0.210
89 252 116.770 0.200
89 253 120.670 0.190
89 254 126.680 0.170
89 255 130.550 0.160
89 256 136.440 0.140
89 257 140.310 0.130
89 258 146.240 0.120
89 259 150.310 0.120
89 260 156.570 0.110
89 261 160.760 0.100
89 262 167.760 0.100
89 263 172.310 0.080
89 264 178.950 -0.080
89 265 183.690 -0.060
89 266 190.340 -0.050
89 267 195.300 -0.030
89 268 201.830 -0.030
89 269 206.870 0.010
89 270 213.100 0.010
89 271 218.180 0.010
89 272 224.480 -0.010
89 273 229.950 0.000
89 274 238.840 -0.010
89 275 246.020 0.000
89 276 256.820 0.010
89 277 264.140 0.010
89 278 273.300 0.010
89 279 280.640 0.010
89 280 289.910 0.010
89 281 297.240 0.010
89 282 306.330 0.100
89 283 313.300 0.120
89 284 322.020 0.130
89 285 328.910 0.140
89 286 337.610 0.160
89 287 344.450 0.170
89 288 352.690 0.190
89 289 359.610 0.190
89 290 368.180 0.200
89 291 375.260 0.200
89 292 383.900 0.210
89 293 391.150 0.210
89 294 400.000 0.220
89 295 407.350 0.220
89 296 416.350 0.230
89 297 423.920 0.230
89 298 433.090 0.230
89 299 440.770 0.230
89 300 449.890 0.230
89 301 457.700 0.230
89 302 467.080 0.230
89 303 475.020 0.240
90 201 41.030 0.200
90 202 28.160 0.190
90 203 27.250 0.180
90 204 24.240 0.160
90 205 23.260 0.150
90 206 20.170 0.140
90 207 19.280 0.140
90 208 16.340 0.120
90 209 15.870 -0.100
90 210 12.980 -0.090
90 211 12.820 -0.080
90 212 10.780 -0.050
90 213 10.980 -0.020
90 214 9.430 0.000
90 215 9.240 0.000
90 216 7.800 0.000
90 217 10.850 -0.020
90 218 10.290 0.000
90 219 13.020 -0.020
90 220 13.460 0.000
90 221 16.190 0.110
90 222 16.580 0.120
90 223 19.250 0.140
90 224 19.850 0.160
90 225 22.200 0.180
90 226 22.840 0.200
90 227 25.310 0.220
90 228 26.280 0.220
90 229 29.380 0.230
90 230 30.840 0.230
90 231 33.870 0.240
90 232 35.180 0.250
90 233 38.290 0.260
90 234 40.100 0.260
90 235 44.030 0.260
90 236 46.510 0.270
90 237 50.010 0.270
90 238 52.570 0.270
90 239 56.660 0.270
90 240 59.280 0.270
90 241 63.430 0.270
90 242 66.160 0.260
90 243 70.730 0.270
90 244 73.600 0.260
90 245 78.370 0.260
90 246 81.280 0.250
90 247 86.170 0.240
90 248 89.410 0.240
90 249 94.630 0.240
90 250 97.960 0.230
90 251 103.510 0.230
90 252 107.130 0.220
90 253 112.620 0.200
90 254 116.430 0.190
90 255 122.040 0.180
90 256 125.900 0.160
90 257 131.700 0.150
90 258 135.540 0.140
90 259 141.310 0.130
90 260 145.250 0.120
90 261 151.340 0.120
90 262 155.380 0.100
90 263 162.060 0.100
90 264 166.310 -0.080
90 265 172.790 -0.080
90 266 177.510 -0.060
90 267 184.030 -0.040
90 268 188.840 -0.030
90 269 195.420 -0.020
90 270 200.280 0.000
90 271 206.380 0.000
90 272 211.340 0.000
90 273 217.510 -0.010
90 274 222.840 0.000
90 275 231.580 -0.010
90 276 238.590 0.000
90 277 247.460 0.010
90 278 254.420 0.000
90 279 262.850 -0.010
90 280 269.290 0.000
90 281 278.380 0.000
90 282 284.660 0.070
90 283 293.480 0.100
90 284 299.820 0.120
90 285 308.300 0.140
90 286 314.790 0.150
90 287 323.250 0.170
90 288 329.910 0.170
90 289 338.220 0.190
90 290 344.740 0.200
90 291 357.980 0.200
90 292 364.880 0.210
90 293 373.290 0.220
90 294 380.370 0.220
90 295 388.950 0.230
90 296 396.200 0.230
90 297 405.000 0.230
90 298 412.410 0.230
90 299 421.410 0.230
90 300 428.950 0.230
90 301 437.910 0.240
90 302 445.570 0.240
90 303 454.850 0.240
90 304 462.540 0.240
90 305 471.950 0.240
90 306 479.790 0.240
91 205 40.850 0.170
91 206 39.590 0.160
91 207 29.020 0.150
91 208 27.910 0.150
91 209 24.860 0.120
91 210 24.010 0.110
91 211 21.160 -0.090
91 212 20.780 -0.080
91 213 18.580 -0.070
91 214 18.710 -0.050
91 215 17.010 -0.020
91 216 16.810 -0.010
91 217 15.200 0.010
91 218 17.750 -0.020
91 219 17.000 0.010
91 220 19.370 0.040
91 221 19.550 0.070
91 222 21.900 0.110
91 223 22.070 0.130
91 224 24.320 0.150
91 225 24.310 0.180
91 226 26.260 0.200
91 227 26.860 0.220
91 228 28.860 0.230
91 229 29.470 0.230
91 230 32.210 0.240
91 231 33.360 0.250
91 232 36.230 0.250
91 233 37.410 0.260
91 234 40.270 0.260
91 235 41.890 0.270
91 236 45.580 0.270
91 237 47.810 0.270
91 238 50.310 0.270
91 239 53.860 0.270
91 240 57.760 0.270
91 241 60.160 0.270
91 242 64.090 0.270
91 243 66.630 0.270
91 244 71.060 0.270
91 245 73.730 0.260
91 246 78.320 0.260
91 247 81.060 0.250
91 248 85.800 0.250
91 249 88.910 0.240
91 250 94.000 0.240
91 251 97.150 0.230
91 252 102.510 0.230
91 253 106.000 0.220
91 254 111.320 0.210
91 255 114.810 0.200
91 256 120.290 0.190
91 257 124.000 0.160
91 258 129.600 0.160
91 259 133.300 0.140
91 260 138.930 0.140
91 261 142.800 0.130
91 262 148.750 0.120
91 263 152.690 0.110
91 264 159.350 0.100
91 265 163.270 -0.080
91 266 169.570 -0.080
91 267 174.180 -0.070
91 268 180.550 -0.060
91 269 185.230 -0.050
91 270 191.720 -0.040
91 271 196.640 0.020
91 272 202.650 0.020
91 273 207.470 0.010
91 274 213.510 -0.020
91 275 218.790 0.010
91 276 227.370 -0.010
91 277 234.190 0.010
91 278 242.930 0.010
91 279 249.460 0.010
91 280 257.820 0.020
91 281 264.430 0.020
91 282 272.920 0.020
91 283 278.970 0.080
91 284 287.260 0.100
91 285 293.460 0.120
91 286 301.730 0.140
91 287 307.980 0.160
91 288 316.180 0.170
91 289 322.630 0.190
91 290 330.750 0.200
91 291 337.100 0.200
91 292 350.120 0.210
91 293 356.840 0.210
91 294 365.050 0.220
91 295 371.960 0.220
91 296 380.360 0.230
91 297 387.450 0.230
91 298 396.090 0.230
91 299 403.390 0.230
91 300 412.270 0.240
91 301 419.680 0.240
91 302 428.500 0.240
91 303 436.000 0.240
91 304 445.140 0.240
91 305 452.750 0.240
91 306 461.980 0.240
91 307 469.700 0.240
92 207 46.690 0.170
92 208 35.860 0.160
92 209 34.480 0.150
92 210 31.300 0.130
92 211 30.520 -0.110
92 212 27.180 -0.100
92 213 26.530 -0.090
92 214 24.040 -0.060
92 215 23.900 -0.020
92 216 21.920 0.000
92 217 21.590 0.000
92 218 19.930 0.000
92 219 22.160 -0.020
92 220 21.090 0.000
92 221 23.380 0.030
92 222 23.180 0.070
92 223 25.520 0.110
92 224 25.440 0.130
92 225 27.550 0.160
92 226 27.360 0.180
92 227 29.460 0.210
92 228 29.410 0.220
92 229 31.110 0.230
92 230 31.350 0.240
92 231 33.770 0.250
92 232 34.580 0.250
92 233 37.260 0.250
92 234 38.240 0.260
92 235 40.810 0.270
92 236 42.180 0.270
92 237 45.480 0.270
92 238 47.440 0.270
92 239 50.830 0.280
92 240 53.340 0.280
92 241 56.950 0.280
92 242 59.090 0.270
92 243 62.720 0.270
92 244 65.160 0.270
92 245 69.370 0.270
92 246 71.800 0.260
92 247 76.190 0.260
92 248 78.750 0.260
92 249 83.330 0.260
92 250 86.230 0.240
92 251 91.060 0.240
92 252 94.070 0.230
92 253 99.280 0.230
92 254 102.640 0.220
92 255 107.840 0.210
92 256 111.360 0.200
92 257 116.640 0.190
92 258 120.240 0.170
92 259 125.670 0.160
92 260 129.230 0.150
92 261 134.690 0.140
92 262 138.390 0.130
92 263 144.140 0.120
92 264 147.910 0.110
92 265 154.290 0.100
92 266 158.270 -0.090
92 267 164.420 -0.090
92 268 168.880 -0.070
92 269 175.120 -0.080
92 270 179.570 -0.030
92 271 185.920 -0.030
92 272 190.890 0.000
92 273 196.650 0.000
92 274 201.350 0.000
92 275 207.290 -0.010
92 276 212.380 0.000
92 277 220.830 -0.010
92 278 227.470 0.000
92 279 236.030 0.010
92 280 242.230 0.000
92 281 250.750 0.010
92 282 256.990 0.000
92 283 265.220 -0.010
92 284 271.230 0.090
92 285 279.340 0.110
92 286 285.260 0.130
92 287 293.380 0.140
92 288 299.440 0.160
92 289 307.480 0.170
92 290 313.690 0.190
92 291 321.680 0.200
92 292 327.900 0.210
92 293 336.290 0.210
92 294 343.120 0.220
92 295 351.000 0.230
92 296 357.280 0.230
92 297 370.320 0.230
92 298 377.220 0.230
92 299 385.660 0.240
92 300 392.780 0.240
92 301 401.480 0.240
92 302 408.710 0.240
92 303 417.360 0.240
92 304 424.770 0.240
92 305 433.750 0.240
92 306 441.220 0.240
92 307 450.300 0.240
92 308 457.880 0.240
92 309 467.110 0.240
92 310 474.660 0.240
93 211 48.220 0.140
93 212 47.120 0.120
93 213 36.280 -0.100
93 214 35.360 -0.090
93 215 32.630 -0.070
93 216 32.560 -0.050
93 217 30.240 -0.030
93 218 29.760 -0.010
93 219 28.080 0.000
93 220 29.820 -0.020
93 221 28.610 -0.010
93 222 30.470 0.040
93 223 30.100 0.060
93 224 32.140 0.120
93 225 31.610 0.140
93 226 33.210 0.170
93 227 32.620 0.200
93 228 34.200 0.220
93 229 33.970 0.230
93 230 35.440 0.240
93 231 35.420 0.250
93 232 37.540 0.250
93 233 38.000 0.260
93 234 40.540 0.260
93 235 41.330 0.270
93 236 43.700 0.270
93 237 44.900 0.280
93 238 48.150 0.280
93 239 49.730 0.280
93 240 52.840 0.280
93 241 53.950 0.280
93 242 58.700 0.280
93 243 60.860 0.280
93 244 64.290 0.280
93 245 66.560 0.270
93 246 70.540 0.270
93 247 72.810 0.270
93 248 77.000 0.260
93 249 79.410 0.260
93 250 83.730 0.260
93 251 86.480 0.250
93 252 91.160 0.240
93 253 94.020 0.240
93 254 99.050 0.230
93 255 102.240 0.230
93 256 107.280 0.220
93 257 110.690 0.200
93 258 115.910 0.190
93 259 119.280 0.180
93 260 124.590 0.170
93 261 128.020 0.150
93 262 133.330 0.140
93 263 136.850 0.130
93 264 142.440 0.130
93 265 146.090 0.120
93 266 152.370 0.110
93 267 156.130 -0.090
93 268 162.090 -0.090
93 269 166.430 -0.080
93 270 172.410 -0.090
93 271 176.900 -0.060
93 272 183.140 -0.050
93 273 188.080 -0.030
93 274 193.830 -0.020
93 275 198.450 -0.010
93 276 204.290 -0.020
93 277 209.330 0.000
93 278 217.480 -0.010
93 279 224.050 0.010
93 280 232.340 -0.010
93 281 238.410 -0.010
93 282 246.440 -0.020
93 283 252.520 0.020
93 284 260.660 0.030
93 285 266.120 0.090
93 286 274.070 0.110
93 287 279.800 0.130
93 288 287.720 0.150
93 289 293.410 0.180
93 290 301.100 0.190
93 291 307.070 0.200
93 292 314.950 0.210
93 293 321.010 0.210
93 294 329.070 0.220
93 295 335.560 0.220
93 296 343.480 0.230
93 297 349.800 0.230
93 298 362.730 0.230
93 299 369.440 0.240
93 300 377.710 0.240
93 301 384.660 0.240
93 302 393.220 0.240
93 303 400.290 0.240
93 304 408.800 0.240
93 305 416.070 0.240
93 306 424.920 0.240
93 307 432.260 0.250
93 308 441.200 0.250
93 309 448.670 0.240
93 310 457.770 0.250
93 311 465.210 0.240
93 312 474.430 0.240
93 313 482.110 0.240
94 214 43.000 -0.110
94 215 41.860 -0.100
94 216 38.920 -0.070
94 217 38.370 -0.050
94 218 35.950 0.000
94 219 35.260 0.000
94 220 33.560 0.000
94 221 34.910 -0.020
94 222 33.490 0.000
94 223 35.250 0.040
94 224 34.550 0.080
94 225 36.280 0.120
94 226 35.700 0.140
94 227 36.960 0.170
94 228 36.270 0.200
94 229 37.580 0.220
94 230 37.110 0.230
94 231 38.480 0.240
94 232 38.230 0.250
94 233 40.090 0.260
94 234 40.240 0.260
94 235 42.610 0.260
94 236 43.190 0.270
94 237 45.340 0.280
94 238 46.280 0.280
94 239 49.070 0.280
94 240 50.470 0.280
94 241 53.230 0.280
94 242 54.790 0.280
94 243 58.610 0.280
94 244 60.580 0.280
94 245 63.790 0.280
94 246 65.950 0.280
94 247 69.670 0.280
94 248 71.690 0.270
94 249 75.740 0.270
94 250 77.980 0.260
94 251 82.090 0.260
94 252 84.660 0.250
94 253 89.160 0.250
94 254 91.880 0.240
94 255 96.700 0.240
94 256 99.720 0.230
94 257 104.730 0.220
94 258 107.930 0.210
94 259 113.010 0.200
94 260 116.560 0.190
94 261 121.430 0.170
94 262 124.740 0.160
94 263 129.900 0.150
94 264 133.350 0.140
94 265 138.750 0.130
94 266 142.230 0.120
94 267 148.370 0.110
94 268 152.060 -0.100
94 269 157.800 -0.090
94 270 161.980 -0.080
94 271 167.770 -0.090
94 272 172.110 -0.060
94 273 178.160 -0.050
94 274 182.850 0.000
94 275 188.570 0.000
94 276 192.980 0.000
94 277 198.900 -0.010
94 278 203.720 0.000
94 279 211.850 -0.010
94 280 218.120 0.000
94 281 226.280 0.010
94 282 231.890 0.000
94 283 239.790 0.010
94 284 245.600 0.000
94 285 253.360 0.020
94 286 259.040 0.090
94 287 266.800 0.110
94 288 272.390 0.140
94 289 280.060 0.150
94 290 285.620 0.170
94 291 293.040 0.190
94 292 298.780 0.200
94 293 306.550 0.210
94 294 312.500 0.220
94 295 320.230 0.220
94 296 326.360 0.230
94 297 334.330 0.230
94 298 340.670 0.230
94 299 348.850 0.240
94 300 355.230 0.240
94 301 363.440 0.240
94 302 370.190 0.240
94 303 383.390 0.250
94 304 390.270 0.250
94 305 398.610 0.250
94 306 405.730 0.250
94 307 414.410 0.250
94 308 421.600 0.250
94 309 430.380 0.250
94 310 437.700 0.250
94 311 446.640 0.250
94 312 453.930 0.240
94 313 462.990 0.240
94 314 470.540 0.240
94 315 479.760 0.240
94 316 487.440 0.230
95 217 55.620 -0.080
95 218 54.010 -0.050
95 219 45.020 -0.020
95 220 44.140 -0.010
95 221 42.400 0.000
95 222 43.310 -0.020
95 223 41.720 -0.010
95 224 43.150 0.040
95 225 42.300 0.090
95 226 43.530 0.120
95 227 42.560 0.150
95 228 43.490 0.180
95 229 42.400 0.220
95 230 43.580 0.230
95 231 42.670 0.240
95 232 43.880 0.240
95 233 43.260 0.260
95 234 44.840 0.260
95 235 44.670 0.270
95 236 46.930 0.270
95 237 47.260 0.280
95 238 49.170 0.280
95 239 49.870 0.280
95 240 52.440 0.290
95 241 53.610 0.290
95 242 56.160 0.290
95 243 56.560 0.290
95 244 61.170 0.290
95 245 63.040 0.280
95 246 66.080 0.280
95 247 68.050 0.280
95 248 71.580 0.280
95 249 73.430 0.280
95 250 77.310 0.270
95 251 79.370 0.270
95 252 83.330 0.260
95 253 85.740 0.260
95 254 90.060 0.250
95 255 92.650 0.240
95 256 97.330 0.240
95 257 100.210 0.230
95 258 105.100 0.230
95 259 108.130 0.210
95 260 113.080 0.210
95 261 116.110 0.190
95 262 121.180 0.170
95 263 124.340 0.160
95 264 129.360 0.150
95 265 132.680 0.140
95 266 137.950 0.140
95 267 141.320 0.120
95 268 147.320 0.110
95 269 150.820 -0.100
95 270 156.270 -0.100
95 271 160.190 -0.080
95 272 165.900 -0.090
95 273 170.270 -0.070
95 274 176.190 -0.060
95 275 180.810 -0.030
95 276 186.450 -0.020
95 277 190.870 -0.010
95 278 196.690 -0.020
95 279 201.420 0.000
95 280 209.320 -0.010
95 281 215.600 0.000
95 282 223.210 -0.010
95 283 228.670 0.010
95 284 236.270 0.010
95 285 241.890 0.010
95 286 249.550 0.040
95 287 254.890 0.100
95 288 262.330 0.120
95 289 267.630 0.140
95 290 275.100 0.160
95 291 280.240 0.200
95 292 287.590 0.210
95 293 293.250 0.210
95 294 300.860 0.220
95 295 306.610 0.230
95 296 314.200 0.230
95 297 320.140 0.240
95 298 327.910 0.240
95 299 334.050 0.240
95 300 342.120 0.240
95 301 348.260 0.250
95 302 356.290 0.250
95 303 362.900 0.250
95 304 375.850 0.250
95 305 382.570 0.250
95 306 390.890 0.250
95 307 397.890 0.250
95 308 406.420 0.250
95 309 413.490 0.250
95 310 422.130 0.250
95 311 429.310 0.250
95 312 438.110 0.250
95 313 445.270 0.250
95 314 454.190 0.240
95 315 461.620 0.240
95 316 470.720 0.240
95 317 478.370 0.230
95 318 487.580 0.230
95 319 495.290 0.230
96 220 51.580 0.000
96 221 50.470 0.000
96 222 48.650 0.000
96 223 49.270 -0.020
96 224 47.390 0.000
96 225 48.320 0.040
96 226 47.610 0.080
96 227 48.490 0.120
96 228 47.260 0.140
96 229 48.010 0.170
96 230 46.780 0.220
96 231 47.690 0.230
96 232 46.580 0.240
96 233 47.670 0.250
96 234 46.910 0.260
96 235 48.280 0.260
96 236 47.820 0.270
96 237 49.970 0.270
96 238 50.130 0.280
96 239 51.840 0.280
96 240 52.260 0.280
96 241 54.550 0.290
96 242 55.460 0.290
96 243 57.730 0.290
96 244 58.790 0.290
96 245 62.250 0.290
96 246 63.850 0.280
96 247 66.660 0.280
96 248 68.470 0.280
96 249 71.750 0.280
96 250 73.420 0.280
96 251 77.060 0.280
96 252 78.880 0.270
96 253 82.590 0.270
96 254 84.810 0.260
96 255 88.900 0.250
96 256 91.270 0.250
96 257 95.740 0.240
96 258 98.530 0.230
96 259 103.210 0.230
96 260 106.120 0.220
96 261 110.950 0.210
96 262 113.850 0.200
96 263 119.030 0.180
96 264 121.750 0.170
96 265 126.660 0.150
96 266 129.840 0.140
96 267 134.960 0.140
96 268 138.200 0.120
96 269 144.070 0.120
96 270 147.440 -0.110
96 271 152.600 -0.100
96 272 156.280 -0.090
96 273 161.900 -0.090
96 274 166.310 -0.070
96 275 172.040 -0.060
96 276 176.520 -0.030
96 277 181.970 0.000
96 278 186.250 0.000
96 279 192.210 -0.010
96 280 196.760 0.000
96 281 204.580 -0.010
96 282 210.480 0.000
96 283 217.810 0.010
96 284 223.130 0.000
96 285 230.570 -0.010
96 286 235.840 0.000
96 287 243.540 0.080
96 288 248.490 0.100
96 289 255.860 0.120
96 290 260.890 0.140
96 291 267.970 0.160
96 292 273.170 0.210
96 293 280.370 0.220
96 294 285.870 0.220
96 295 293.370 0.230
96 296 298.940 0.230
96 297 306.420 0.230
96 298 312.230 0.230
96 299 319.890 0.240
96 300 325.850 0.240
96 301 333.760 0.240
96 302 339.730 0.240
96 303 347.650 0.250
96 304 354.050 0.250
96 305 362.150 0.250
96 306 368.690 0.250
96 307 377.060 0.250
96 308 383.740 0.250
96 309 396.850 0.250
96 310 403.750 0.250
96 311 412.210 0.250
96 312 419.240 0.250
96 313 427.850 0.250
96 314 434.870 0.250
96 315 443.610 0.250
96 316 450.910 0.240
96 317 459.850 0.240
96 318 467.370 0.240
96 319 476.340 0.230
96 320 484.030 0.230
97 223 62.030 0.000
97 224 63.570 -0.020
97 225 55.920 0.000
97 226 57.030 0.030
97 227 56.070 0.090
97 228 56.460 0.120
97 229 54.770 0.150
97 230 55.250 0.180
97 231 53.480 0.250
97 232 54.220 0.260
97 233 52.870 0.260
97 234 53.790 0.260
97 235 52.740 0.270
97 236 53.910 0.270
97 237 53.200 0.270
97 238 55.190 0.270
97 239 55.060 0.280
97 240 56.580 0.280
97 241 56.750 0.290
97 242 58.850 0.290
97 243 59.520 0.290
97 244 61.550 0.290
97 245 62.400 0.290
97 246 65.670 0.290
97 247 67.080 0.290
97 248 69.720 0.290
97 249 71.370 0.290
97 250 74.520 0.290
97 251 76.110 0.280
97 252 79.490 0.280
97 253 81.140 0.270
97 254 84.710 0.270
97 255 86.740 0.260
97 256 90.670 0.260
97 257 92.810 0.250
97 258 97.120 0.240
97 259 99.830 0.240
97 260 104.380 0.230
97 261 107.150 0.220
97 262 111.850 0.210
97 263 114.630 0.200
97 264 119.290 0.190
97 265 122.280 0.170
97 266 127.030 0.160
97 267 130.070 0.150
97 268 135.130 0.140
97 269 138.180 0.130
97 270 143.590 -0.130
97 271 147.100 -0.110
97 272 152.130 -0.110
97 273 155.690 -0.100
97 274 161.120 -0.100
97 275 165.350 -0.080
97 276 170.950 -0.070
97 277 175.260 -0.040
97 278 180.480 -0.020
97 279 184.570 0.000
97 280 190.850 -0.010
97 281 195.240 0.000
97 282 202.980 -0.010
97 283 208.330 0.000
97 284 215.420 0.010
97 285 220.580 0.000
97 286 227.860 -0.010
97 287 232.740 0.060
97 288 240.380 0.090
97 289 245.110 0.110
97 290 252.180 0.130
97 291 256.910 0.160
97 292 263.640 0.220
97 293 268.810 0.240
97 294 275.700 0.240
97 295 281.100 0.240
97 296 288.420 0.240
97 297 293.830 0.240
97 298 301.220 0.250
97 299 306.790 0.240
97 300 314.310 0.240
97 301 320.060 0.240
97 302 327.840 0.250
97 303 333.640 0.250
97 304 341.400 0.250
97 305 347.650 0.250
97 306 355.720 0.250
97 307 362.100 0.250
97 308 370.190 0.250
97 309 376.730 0.250
97 310 389.700 0.250
97 311 396.460 0.250
97 312 404.780 0.250
97 313 411.680 0.250
97 314 420.180 0.250
97 315 427.040 0.250
97 316 435.640 0.250
97 317 442.800 0.240
97 318 451.620 0.240
97 319 459.030 0.240
97 320 467.880 0.240
97 321 475.490 0.230
97 322 484.520 0.230
97 323 492.100 0.220
98 225 70.430 -0.030
98 226 62.250 0.000
98 227 63.210 0.040
98 228 62.080 0.090
98 229 62.170 0.120
98 230 60.170 0.150
98 231 60.280 0.240
98 232 58.780 0.240
98 233 59.350 0.250
98 234 57.770 0.260
98 235 58.540 0.260
98 236 57.280 0.270
98 237 58.270 0.270
98 238 57.330 0.270
98 239 59.160 0.270
98 240 58.830 0.280
98 241 60.180 0.280
98 242 60.090 0.290
98 243 62.000 0.290
98 244 62.410 0.290
98 245 64.180 0.290
98 246 64.740 0.290
98 247 67.900 0.290
98 248 68.890 0.290
98 249 71.230 0.290
98 250 72.680 0.290
98 251 75.530 0.290
98 252 76.910 0.280
98 253 79.990 0.280
98 254 81.420 0.280
98 255 84.740 0.270
98 256 86.580 0.270
98 257 90.260 0.260
98 258 92.240 0.250
98 259 96.390 0.240
98 260 98.880 0.240
98 261 103.260 0.230
98 262 105.910 0.220
98 263 110.460 0.210
98 264 113.090 0.200
98 265 117.610 0.190
98 266 120.460 0.170
98 267 125.060 0.160
98 268 127.920 0.150
98 269 132.780 0.140
98 270 135.790 0.130
98 271 141.020 -0.130
98 272 144.420 -0.120
98 273 149.310 -0.110
98 274 152.740 -0.100
98 275 157.970 -0.100
98 276 162.020 -0.080
98 277 167.450 -0.070
98 278 171.660 -0.040
98 279 176.680 -0.010
98 280 180.500 0.000
98 281 186.740 -0.010
98 282 191.390 0.000
98 283 198.880 -0.010
98 284 203.850 0.000
98 285 210.810 -0.010
98 286 215.640 0.000
98 287 222.790 -0.010
98 288 227.770 0.010
98 289 235.010 0.090
98 290 239.600 0.110
98 291 246.490 0.130
98 292 251.040 0.160
98 293 257.680 0.270
98 294 262.710 0.250
98 295 269.510 0.240
98 296 274.670 0.240
98 297 281.830 0.240
98 298 287.120 0.240
98 299 294.340 0.250
98 300 299.790 0.240
98 301 307.180 0.240
98 302 312.750 0.240
98 303 320.390 0.250
98 304 326.010 0.250
98 305 333.670 0.250
98 306 339.720 0.250
98 307 347.460 0.250
98 308 353.830 0.250
98 309 361.770 0.250
98 310 368.120 0.250
98 311 376.150 0.250
98 312 382.700 0.250
98 313 390.940 0.250
98 314 397.590 0.250
98 315 410.780 0.250
98 316 417.460 0.250
98 317 425.870 0.250
98 318 432.890 0.250
98 319 441.550 0.240
98 320 448.830 0.240
98 321 457.530 0.240
98 322 464.990 0.230
98 323 473.870 0.230
98 324 481.340 0.220
98 325 490.350 0.220
98 326 497.870 0.220
98 327 506.890 0.210
98 328 514.570 0.210
98 329 523.710 0.200
98 330 531.490 0.200
99 227 80.030 0.000
99 228 81.280 0.040
99 229 70.550 0.080
99 230 71.060 0.340
99 231 68.420 0.180
99 232 68.570 0.280
99 233 66.510 0.270
99 234 66.880 0.260
99 235 65.070 0.270
99 236 65.680 0.260
99 237 64.190 0.270
99 238 65.010 0.270
99 239 63.820 0.270
99 240 65.520 0.280
99 241 64.830 0.290
99 242 66.040 0.290
99 243 65.710 0.290
99 244 67.370 0.290
99 245 67.490 0.300
99 246 69.050 0.300
99 247 69.350 0.300
99 248 71.950 0.300
99 249 73.020 0.290
99 250 75.130 0.290
99 251 76.370 0.290
99 252 79.030 0.290
99 253 80.290 0.290
99 254 83.190 0.280
99 255 84.470 0.280
99 256 87.610 0.280
99 257 89.280 0.270
99 258 92.790 0.260
99 259 94.610 0.260
99 260 98.580 0.250
99 261 100.930 0.240
99 262 105.170 0.240
99 263 107.710 0.230
99 264 112.080 0.220
99 265 114.600 0.210
99 266 119.010 0.200
99 267 122.090 0.190
99 268 126.260 0.160
99 269 128.950 0.150
99 270 133.670 0.150
99 271 136.580 0.130
99 272 141.520 -0.130
99 273 144.810 -0.120
99 274 149.570 -0.110
99 275 152.880 -0.100
99 276 157.820 -0.100
99 277 161.640 -0.090
99 278 167.030 -0.070
99 279 171.240 -0.050
99 280 176.450 -0.040
99 281 180.480 0.000
99 282 186.260 -0.010
99 283 190.630 0.000
99 284 197.930 -0.010
99 285 202.540 0.000
99 286 209.340 -0.010
99 287 213.990 0.000
99 288 220.980 0.010
99 289 225.670 0.020
99 290 232.590 0.090
99 291 236.530 0.310
99 292 243.130 0.300
99 293 247.400 0.290
99 294 254.210 0.290
99 295 258.900 0.270
99 296 265.740 0.260
99 297 270.710 0.260
99 298 277.730 0.250
99 299 282.840 0.250
99 300 289.870 0.250
99 301 295.230 0.250
99 302 302.450 0.250
99 303 307.880 0.250
99 304 315.340 0.250
99 305 320.810 0.250
99 306 328.410 0.250
99 307 334.340 0.250
99 308 342.010 0.250
99 309 348.050 0.250
99 310 355.840 0.260
99 311 362.020 0.260
99 312 369.870 0.260
99 313 376.280 0.260
99 314 384.370 0.260
99 315 390.870 0.260
99 316 403.870 0.260
99 317 410.410 0.250
99 318 418.680 0.250
99 319 425.610 0.250
99 320 434.140 0.250
99 321 441.300 0.240
99 322 449.970 0.240
99 323 457.220 0.230
99 324 466.000 0.230
99 325 473.340 0.230
99 326 482.250 0.220
99 327 489.640 0.220
99 328 498.550 0.210
99 329 506.130 0.210
99 330 515.160 0.200
99 331 522.850 0.200
99 332 532.110 0.200
99 333 539.940 0.190
99 334 549.310 0.180
99 335 557.310 0.170
99 336 566.820 0.170
99 337 574.740 0.160
100 230 76.790 0.080
100 231 76.710 0.120
100 232 74.660 0.150
100 233 74.620 0.320
100 234 72.630 0.270
100 235 72.830 0.260
100 236 70.760 0.270
100 237 71.250 0.260
100 238 69.500 0.270
100 239 70.120 0.270
100 240 68.710 0.280
100 241 70.130 0.290
100 242 69.210 0.280
100 243 70.230 0.280
100 244 69.690 0.290
100 245 71.200 0.290
100 246 71.060 0.290
100 247 72.430 0.300
100 248 72.460 0.290
100 249 74.800 0.290
100 250 75.630 0.290
100 251 77.500 0.290
100 252 78.530 0.290
100 253 80.950 0.290
100 254 81.990 0.290
100 255 84.650 0.280
100 256 85.700 0.280
100 257 88.550 0.280
100 258 90.000 0.270
100 259 93.280 0.260
100 260 94.870 0.260
100 261 98.660 0.250
100 262 100.790 0.240
100 263 104.880 0.240
100 264 107.290 0.230
100 265 111.470 0.220
100 266 113.790 0.210
100 267 118.080 0.200
100 268 120.680 0.190
100 269 125.020 0.170
100 270 127.590 0.160
100 271 132.170 0.150
100 272 134.990 0.130
100 273 139.780 -0.140
100 274 142.890 -0.120
100 275 147.480 -0.110
100 276 150.650 -0.100
100 277 155.290 -0.100
100 278 158.840 -0.090
100 279 164.170 -0.080
100 280 168.330 -0.050
100 281 173.720 -0.040
100 282 178.010 0.000
100 283 183.280 -0.010
100 284 187.420 0.000
100 285 194.330 -0.010
100 286 198.770 0.000
100 287 205.410 -0.010
100 288 209.900 0.000
100 289 216.620 0.010
100 290 221.140 0.020
100 291 227.710 0.330
100 292 230.990 0.330
100 293 238.080 0.310
100 294 242.700 0.310
100 295 249.360 0.300
100 296 253.610 0.290
100 297 260.330 0.270
100 298 265.160 0.270
100 299 272.000 0.250
100 300 276.980 0.260
100 301 283.850 0.260
100 302 289.040 0.260
100 303 296.070 0.260
100 304 301.370 0.250
100 305 308.650 0.260
100 306 313.960 0.250
100 307 321.470 0.250
100 308 327.160 0.250
100 309 334.590 0.250
100 310 340.630 0.250
100 311 348.270 0.250
100 312 354.250 0.250
100 313 361.970 0.250
100 314 368.200 0.260
100 315 376.110 0.250
100 316 382.410 0.250
100 317 390.430 0.250
100 318 397.050 0.250
100 319 405.320 0.250
100 320 412.110 0.250
100 321 424.870 0.250
100 322 431.880 0.240
100 323 440.410 0.240
100 324 447.530 0.230
100 325 456.150 0.230
100 326 463.380 0.230
100 327 472.160 0.230
100 328 479.430 0.220
100 329 488.190 0.210
100 330 495.650 0.210
100 331 504.540 0.210
100 332 512.140 0.200
100 333 521.290 0.200
100 334 529.020 0.190
100 335 538.240 0.180
100 336 546.180 0.180
100 337 555.570 0.170
100 338 563.400 0.160
100 339 572.790 0.140
100 340 580.450 0.130
100 341 589.740 0.120
100 342 596.560 -0.120
100 343 605.640 -0.120
100 344 613.350 -0.120
100 345 622.590 -0.110
100 346 630.400 -0.100
100 347 639.650 -0.100
100 348 647.630 -0.090
100 349 656.920 -0.080
100 350 664.960 -0.070
100 351 674.330 -0.060
100 352 682.380 0.000
100 353 691.650 0.000
100 354 699.680 0.000
100 355 708.960 -0.010
100 356 717.170 0.000
100 357 726.500 -0.010
100 358 734.870 0.000
100 359 745.950 -0.010
100 360 755.520 0.000
101 227 98.230 0.010
101 228 99.500 0.020
101 229 97.780 0.010
101 230 98.500 0.050
101 231 96.850 0.090
101 232 96.310 0.350
101 233 93.930 0.640
101 234 93.480 0.340
101 235 81.560 0.320
101 236 81.540 0.310
101 237 79.190 0.290
101 238 79.710 0.290
101 239 77.920 0.280
101 240 78.360 0.280
101 241 76.740 0.280
101 242 77.650 0.290
101 243 76.230 0.290
101 244 77.020 0.290
101 245 76.120 0.290
101 246 77.410 0.290
101 247 76.970 0.290
101 248 78.120 0.300
101 249 77.880 0.290
101 250 79.940 0.290
101 251 80.600 0.290
101 252 82.230 0.290
101 253 83.040 0.290
101 254 85.280 0.290
101 255 86.130 0.290
101 256 88.590 0.280
101 257 89.480 0.280
101 258 92.080 0.280
101 259 93.370 0.270
101 260 96.470 0.270
101 261 97.900 0.260
101 262 101.520 0.250
101 263 103.490 0.250
101 264 107.400 0.240
101 265 109.620 0.240
101 266 113.760 0.230
101 267 116.010 0.220
101 268 120.220 0.200
101 269 122.660 0.200
101 270 127.250 0.180
101 271 129.330 0.160
101 272 133.780 0.150
101 273 136.500 0.140
101 274 141.490 0.130
101 275 144.090 -0.130
101 276 148.550 -0.120
101 277 151.650 -0.110
101 278 156.090 -0.100
101 279 159.520 -0.090
101 280 164.710 -0.080
101 281 168.680 -0.050
101 282 174.030 0.010
101 283 178.110 -0.010
101 284 183.260 -0.020
101 285 187.440 0.000
101 286 194.020 -0.010
101 287 198.270 0.000
101 288 204.790 0.010
101 289 209.060 0.010
101 290 215.630 0.020
101 291 219.780 0.060
101 292 226.500 0.100
101 293 228.690 0.330
101 294 235.670 0.330
101 295 240.120 0.320
101 296 246.580 0.320
101 297 250.770 0.310
101 298 257.310 0.300
101 299 262.020 0.290
101 300 268.860 0.280
101 301 273.560 0.280
101 302 280.380 0.270
101 303 285.340 0.270
101 304 292.230 0.260
101 305 297.380 0.260
101 306 304.460 0.260
101 307 309.660 0.260
101 308 316.950 0.260
101 309 322.440 0.250
101 310 329.960 0.250
101 311 335.700 0.260
101 312 343.210 0.260
101 313 349.010 0.260
101 314 356.550 0.260
101 315 362.600 0.260
101 316 370.370 0.260
101 317 376.500 0.260
101 318 384.370 0.260
101 319 390.830 0.250
101 320 398.930 0.250
101 321 405.560 0.250
101 322 418.150 0.250
101 323 425.040 0.240
101 324 433.440 0.240
101 325 440.450 0.240
101 326 448.960 0.230
101 327 456.090 0.230
101 328 464.770 0.230
101 329 471.910 0.220
101 330 480.580 0.220
101 331 487.940 0.210
101 332 496.720 0.210
101 333 504.230 0.210
101 334 513.290 0.200
101 335 520.940 0.190
101 336 530.040 0.190
101 337 537.880 0.180
101 338 547.190 0.170
101 339 554.940 0.160
101 340 564.230 0.140
101 341 571.810 0.130
101 342 581.010 0.120
101 343 588.480 0.110
101 344 596.730 -0.120
101 345 604.360 -0.120
101 346 613.520 -0.120
101 347 621.240 -0.110
101 348 630.420 -0.100
101 349 638.340 -0.090
101 350 647.540 -0.090
101 351 655.520 -0.070
101 352 664.830 -0.070
101 353 672.790 -0.050
101 354 682.040 0.000
101 355 690.010 0.000
101 356 699.220 -0.010
101 357 707.330 0.000
101 358 716.590 -0.010
101 359 724.910 0.000
101 360 735.890 0.010
101 361 745.340 0.000
102 228 107.220 0.000
102 229 107.450 -0.030
102 230 105.620 0.000
102 231 106.130 -0.030
102 232 104.330 0.090
102 233 103.730 0.370
102 234 100.910 0.360
102 235 100.260 0.360
102 236 89.250 0.340
102 237 89.030 0.330
102 238 86.090 0.320
102 239 86.630 0.290
102 240 84.750 0.290
102 241 84.970 0.280
102 242 83.250 0.280
102 243 83.680 0.290
102 244 81.740 0.290
102 245 82.290 0.290
102 246 81.080 0.290
102 247 82.290 0.290
102 248 81.500 0.290
102 249 82.450 0.290
102 250 81.960 0.290
102 251 83.790 0.290
102 252 84.220 0.290
102 253 85.620 0.290
102 254 86.180 0.290
102 255 88.200 0.290
102 256 88.830 0.290
102 257 91.050 0.280
102 258 91.700 0.280
102 259 94.100 0.280
102 260 95.080 0.270
102 261 97.940 0.270
102 262 99.180 0.260
102 263 102.540 0.250
102 264 104.270 0.250
102 265 107.820 0.240
102 266 110.060 0.240
102 267 114.050 0.230
102 268 116.160 0.220
102 269 120.180 0.210
102 270 122.490 0.200
102 271 126.930 0.190
102 272 128.770 0.160
102 273 133.120 0.150
102 274 135.670 0.140
102 275 140.440 0.130
102 276 142.860 -0.130
102 277 147.170 -0.120
102 278 150.110 -0.110
102 279 154.370 -0.100
102 280 157.670 -0.100
102 281 162.690 -0.080
102 282 166.480 -0.050
102 283 171.720 0.010
102 284 175.620 0.000
102 285 180.730 0.010
102 286 184.850 0.000
102 287 191.130 -0.010
102 288 195.210 0.000
102 289 201.540 -0.010
102 290 205.720 0.000
102 291 211.930 0.020
102 292 215.890 0.050
102 293 222.660 0.100
102 294 224.800 0.350
102 295 231.590 0.340
102 296 235.930 0.330
102 297 242.190 0.330
102 298 246.500 0.330
102 299 253.100 0.310
102 300 257.240 0.310
102 301 263.910 0.300
102 302 268.470 0.290
102 303 275.170 0.300
102 304 279.980 0.280
102 305 286.740 0.260
102 306 291.730 0.260
102 307 298.660 0.260
102 308 303.700 0.260
102 309 310.780 0.260
102 310 316.100 0.250
102 311 323.390 0.250
102 312 329.160 0.250
102 313 336.520 0.260
102 314 342.180 0.260
102 315 349.580 0.250
102 316 355.440 0.260
102 317 363.040 0.250
102 318 368.990 0.260
102 319 376.680 0.260
102 320 383.010 0.250
102 321 390.910 0.250
102 322 397.340 0.250
102 323 405.530 0.250
102 324 412.170 0.240
102 325 424.850 0.240
102 326 431.700 0.240
102 327 440.050 0.230
102 328 447.030 0.230
102 329 455.570 0.230
102 330 462.560 0.220
102 331 471.070 0.220
102 332 478.300 0.210
102 333 486.910 0.210
102 334 494.310 0.210
102 335 503.260 0.200
102 336 510.780 0.200
102 337 519.790 0.190
102 338 527.540 0.180
102 339 536.720 0.170
102 340 544.370 0.160
102 341 553.510 0.140
102 342 561.000 0.130
102 343 570.080 0.120
102 344 577.470 0.110
102 345 585.660 -0.120
102 346 593.180 -0.120
102 347 602.240 -0.120
102 348 609.870 -0.110
102 349 618.950 -0.100
102 350 626.790 -0.090
102 351 635.900 -0.090
102 352 643.810 -0.070
102 353 653.010 -0.070
102 354 660.940 -0.050
102 355 670.090 0.000
102 356 677.990 0.000
102 357 687.100 -0.010
102 358 695.170 0.000
102 359 704.350 -0.010
102 360 712.580 0.000
102 361 723.440 -0.010
102 362 732.820 0.000
103 229 118.950 0.000
103 230 118.890 -0.030
103 231 116.860 -0.010
103 232 117.080 0.050
103 233 114.950 0.090
103 234 113.430 0.380
103 235 110.210 0.360
103 236 109.600 0.360
103 237 106.770 0.360
103 238 106.400 0.340
103 239 104.000 0.350
103 240 103.960 0.340
103 241 94.000 0.300
103 242 94.180 0.280
103 243 92.050 0.290
103 244 92.160 0.290
103 245 90.180 0.290
103 246 90.560 0.290
103 247 89.030 0.290
103 248 89.730 0.300
103 249 88.420 0.300
103 250 89.200 0.300
103 251 88.430 0.300
103 252 90.010 0.300
103 253 90.150 0.300
103 254 91.320 0.290
103 255 91.650 0.290
103 256 93.430 0.290
103 257 93.910 0.290
103 258 96.040 0.290
103 259 96.620 0.290
103 260 98.650 0.280
103 261 99.410 0.270
103 262 102.130 0.270
103 263 103.230 0.260
103 264 106.320 0.250
103 265 107.840 0.250
103 266 111.200 0.240
103 267 113.240 0.240
103 268 117.070 0.230
103 269 119.060 0.230
103 270 122.960 0.210
103 271 125.180 0.210
103 272 129.170 0.190
103 273 131.240 0.170
103 274 135.470 0.160
103 275 137.900 0.140
103 276 142.500 0.130
103 277 144.780 -0.130
103 278 149.000 -0.120
103 279 151.770 -0.110
103 280 155.900 -0.110
103 281 159.130 -0.100
103 282 163.950 -0.080
103 283 167.590 -0.060
103 284 172.750 0.020
103 285 176.550 -0.020
103 286 181.370 -0.020
103 287 185.460 0.000
103 288 191.560 -0.010
103 289 195.510 0.000
103 290 201.690 -0.020
103 291 205.670 -0.010
103 292 211.820 0.020
103 293 221.660 0.380
103 294 240.710 0.390
103 295 223.380 0.360
103 296 229.630 0.360
103 297 234.250 0.340
103 298 240.340 0.340
103 299 244.480 0.330
103 300 250.900 0.320
103 301 255.320 0.320
103 302 261.370 0.310
103 303 265.810 0.300
103 304 272.360 0.300
103 305 276.990 0.290
103 306 283.760 0.270
103 307 288.520 0.270
103 308 295.290 0.270
103 309 300.220 0.260
103 310 307.100 0.260
103 311 312.310 0.260
103 312 319.470 0.250
103 313 325.040 0.260
103 314 332.240 0.260
103 315 337.730 0.260
103 316 344.990 0.250
103 317 350.680 0.260
103 318 358.170 0.250
103 319 363.970 0.260
103 320 371.500 0.260
103 321 377.670 0.250
103 322 385.450 0.250
103 323 391.690 0.250
103 324 399.780 0.250
103 325 406.300 0.250
103 326 418.780 0.240
103 327 425.520 0.240
103 328 433.760 0.240
103 329 440.610 0.230
103 330 449.080 0.230
103 331 455.910 0.220
103 332 464.260 0.220
103 333 471.330 0.210
103 334 479.800 0.210
103 335 487.090 0.210
103 336 495.930 0.200
103 337 503.350 0.200
103 338 512.280 0.190
103 339 519.910 0.180
103 340 529.010 0.170
103 341 536.600 0.160
103 342 545.640 0.140
103 343 553.040 0.130
103 344 562.030 0.120
103 345 569.380 0.110
103 346 577.490 -0.120
103 347 584.920 -0.120
103 348 593.870 -0.120
103 349 601.440 -0.110
103 350 610.440 -0.100
103 351 618.210 -0.090
103 352 627.240 -0.090
103 353 635.080 -0.080
103 354 644.200 -0.070
103 355 652.080 -0.060
103 356 661.160 -0.050
103 357 669.010 -0.010
103 358 678.050 -0.010
103 359 686.040 0.000
103 360 695.180 -0.010
103 361 703.310 0.000
103 362 714.020 -0.010
103 363 723.330 0.000
104 230 127.850 0.000
104 231 127.600 -0.030
104 232 125.330 0.000
104 233 125.420 0.050
104 234 122.830 0.390
104 235 121.660 0.390
104 236 118.250 0.380
104 237 117.430 0.380
104 238 114.430 0.380
104 239 113.760 0.390
104 240 111.350 0.360
104 241 111.050 0.360
104 242 101.470 0.320
104 243 101.590 0.320
104 244 99.340 0.300
104 245 99.410 0.300
104 246 97.010 0.290
104 247 97.150 0.300
104 248 95.340 0.290
104 249 95.460 0.290
104 250 93.610 0.290
104 251 94.170 0.290
104 252 93.160 0.290
104 253 94.990 0.290
104 254 94.600 0.290
104 255 95.590 0.290
104 256 95.690 0.290
104 257 97.280 0.290
104 258 97.450 0.290
104 259 99.250 0.280
104 260 99.480 0.280
104 261 101.400 0.280
104 262 101.940 0.270
104 263 104.370 0.270
104 264 105.170 0.260
104 265 108.140 0.260
104 266 109.440 0.250
104 267 112.630 0.240
104 268 114.560 0.240
104 269 118.240 0.230
104 270 120.060 0.230
104 271 123.790 0.210
104 272 125.850 0.210
104 273 129.610 0.190
104 274 131.500 0.170
104 275 135.520 0.150
104 276 137.760 0.140
104 277 141.900 -0.140
104 278 144.370 -0.130
104 279 148.410 -0.120
104 280 151.010 -0.110
104 281 154.980 -0.110
104 282 158.080 -0.100
104 283 162.680 -0.080
104 284 166.130 -0.060
104 285 171.150 0.010
104 286 174.740 0.000
104 287 179.570 0.010
104 288 183.410 0.000
104 289 189.400 -0.010
104 290 193.170 0.000
104 291 199.190 -0.020
104 292 202.950 0.000
104 293 207.760 0.420
104 294 210.980 0.400
104 295 216.680 0.390
104 296 220.190 0.370
104 297 226.360 0.360
104 298 230.880 0.350
104 299 236.840 0.340
104 300 240.800 0.340
104 301 247.040 0.340
104 302 251.320 0.340
104 303 257.630 0.320
104 304 261.560 0.320
104 305 267.940 0.310
104 306 272.480 0.300
104 307 279.130 0.300
104 308 283.740 0.280
104 309 290.380 0.270
104 310 295.120 0.270
104 311 301.850 0.260
104 312 306.950 0.260
104 313 313.960 0.250
104 314 319.340 0.260
104 315 326.430 0.250
104 316 331.750 0.260
104 317 338.870 0.250
104 318 344.370 0.260
104 319 351.730 0.250
104 320 357.390 0.260
104 321 364.760 0.260
104 322 370.720 0.250
104 323 378.320 0.250
104 324 384.380 0.250
104 325 392.330 0.250
104 326 398.710 0.250
104 327 406.680 0.240
104 328 413.230 0.240
104 329 421.340 0.230
104 330 427.870 0.230
104 331 440.620 0.230
104 332 447.330 0.220
104 333 455.550 0.220
104 334 462.510 0.220
104 335 470.830 0.210
104 336 478.020 0.210
104 337 486.760 0.200
104 338 494.040 0.200
104 339 502.830 0.190
104 340 510.340 0.180
104 341 519.290 0.170
104 342 526.740 0.160
104 343 535.640 0.140
104 344 542.940 0.130
104 345 551.810 0.120
104 346 559.040 0.110
104 347 567.170 -0.120
104 348 574.490 -0.120
104 349 583.320 -0.120
104 350 590.790 -0.110
104 351 599.680 -0.100
104 352 607.350 -0.090
104 353 616.280 -0.090
104 354 624.020 -0.080
104 355 633.040 -0.070
104 356 640.850 -0.060
104 357 649.850 -0.050
104 358 657.630 0.000
104 359 666.590 0.000
104 360 674.500 0.000
104 361 683.530 -0.010
104 362 691.630 0.000
104 363 702.260 -0.010
104 364 711.390 0.000
105 231 140.180 0.000
105 232 139.740 -0.020
105 233 137.200 0.000
105 234 137.070 0.050
105 235 134.420 0.090
105 236 133.470 0.120
105 237 128.610 0.400
105 238 127.670 0.390
105 239 124.410 0.400
105 240 123.490 0.380
105 241 120.880 0.370
105 242 120.390 0.370
105 243 117.740 0.350
105 244 117.690 0.310
105 245 114.990 0.290
105 246 114.890 0.290
105 247 106.290 0.290
105 248 106.260 0.290
105 249 104.190 0.290
105 250 104.090 0.290
105 251 101.970 0.290
105 252 102.080 0.280
105 253 100.640 0.280
105 254 102.320 0.290
105 255 101.450 0.290
105 256 102.140 0.290
105 257 101.910 0.290
105 258 103.260 0.290
105 259 103.170 0.290
105 260 104.720 0.280
105 261 104.720 0.280
105 262 106.530 0.280
105 263 106.870 0.270
105 264 109.050 0.270
105 265 109.630 0.260
105 266 112.360 0.260
105 267 113.450 0.250
105 268 116.550 0.240
105 269 118.370 0.250
105 270 121.920 0.240
105 271 123.620 0.240
105 272 127.300 0.220
105 273 129.260 0.210
105 274 132.920 0.200
105 275 134.780 0.180
105 276 138.540 0.160
105 277 140.400 -0.160
105 278 144.680 -0.140
105 279 147.050 -0.130
105 280 150.940 -0.120
105 281 153.410 -0.110
105 282 157.230 -0.110
105 283 160.210 -0.100
105 284 164.670 -0.080
105 285 167.980 -0.060
105 286 172.960 0.010
105 287 176.350 0.000
105 288 181.070 0.010
105 289 184.730 0.000
105 290 190.580 -0.010
105 291 194.180 0.000
105 292 200.070 0.010
105 293 203.510 0.000
105 294 207.690 0.420
105 295 210.690 0.380
105 296 216.210 0.370
105 297 219.580 0.360
105 298 225.580 0.360
105 299 229.850 0.350
105 300 235.680 0.350
105 301 239.480 0.350
105 302 245.670 0.350
105 303 249.720 0.340
105 304 255.850 0.350
105 305 259.750 0.330
105 306 266.000 0.320
105 307 270.370 0.320
105 308 276.890 0.310
105 309 281.510 0.280
105 310 287.710 0.270
105 311 292.450 0.260
105 312 299.040 0.260
105 313 304.010 0.250
105 314 310.840 0.260
105 315 315.830 0.250
105 316 322.940 0.250
105 317 328.050 0.250
105 318 335.030 0.250
105 319 340.330 0.250
105 320 347.780 0.250
105 321 353.250 0.250
105 322 360.440 0.260
105 323 366.240 0.260
105 324 373.710 0.250
105 325 379.540 0.250
105 326 387.330 0.250
105 327 393.510 0.250
105 328 401.320 0.240
105 329 407.740 0.240
105 330 415.750 0.230
105 331 422.150 0.230
105 332 434.720 0.230
105 333 441.290 0.230
105 334 449.370 0.220
105 335 456.210 0.220
105 336 464.410 0.210
105 337 471.490 0.210
105 338 480.040 0.200
105 339 487.350 0.200
105 340 496.060 0.190
105 341 503.490 0.180
105 342 512.370 0.170
105 343 519.720 0.160
105 344 528.510 0.140
105 345 535.720 0.130
105 346 544.500 0.120
105 347 551.650 0.110
105 348 559.730 -0.120
105 349 566.980 -0.120
105 350 575.710 -0.120
105 351 583.080 -0.110
105 352 591.910 -0.100
105 353 599.490 -0.100
105 354 608.330 -0.090
105 355 616.000 -0.080
105 356 624.920 -0.080
105 357 632.690 -0.060
105 358 641.610 -0.050
105 359 649.310 0.000
105 360 658.210 0.000
105 361 666.030 0.000
105 362 675.020 -0.010
105 363 683.010 0.000
105 364 693.520 -0.010
105 365 702.530 0.000
106 244 125.600 0.370
106 245 125.290 0.360
106 246 122.580 0.320
106 247 122.260 0.300
106 248 113.780 0.290
106 249 113.800 0.300
106 250 111.560 0.290
106 251 111.210 0.290
106 252 108.850 0.290
106 253 108.630 0.280
106 254 106.820 0.280
106 255 108.070 0.290
106 256 106.930 0.280
106 257 107.520 0.280
106 258 107.090 0.280
106 259 108.270 0.280
106 260 107.900 0.280
106 261 109.210 0.280
106 262 108.900 0.280
106 263 110.420 0.270
106 264 110.520 0.270
106 265 112.430 0.270
106 266 112.800 0.260
106 267 115.320 0.260
106 268 116.120 0.250
106 269 119.010 0.240
106 270 120.720 0.240
106 271 124.030 0.230
106 272 125.560 0.230
106 273 128.960 0.220
106 274 130.690 0.210
106 275 134.150 0.200
106 276 136.150 0.180
106 277 139.400 0.160
106 278 141.120 -0.150
106 279 145.280 0.130
106 280 147.640 0.120
106 281 151.140 -0.120
106 282 153.400 -0.110
106 283 157.110 -0.110
106 284 159.890 -0.100
106 285 164.160 -0.080
106 286 167.310 -0.060
106 287 172.050 0.010
106 288 175.350 0.000
106 289 179.880 0.010
106 290 183.420 0.000
106 291 189.160 -0.010
106 292 192.530 0.000
106 293 198.140 -0.020
106 294 201.450 0.000
106 295 205.500 0.420
106 296 208.760 0.410
106 297 214.190 0.400
106 298 217.440 0.390
106 299 223.270 0.380
106 300 226.980 0.370
106 301 232.670 0.360
106 302 236.720 0.360
106 303 242.640 0.360
106 304 246.660 0.350
106 305 252.600 0.350
106 306 256.400 0.340
106 307 262.470 0.320
106 308 266.650 0.320
106 309 272.940 0.310
106 310 277.360 0.290
106 311 283.720 0.270
106 312 288.220 0.270
106 313 294.640 0.260
106 314 299.410 0.260
106 315 306.110 0.260
106 316 310.970 0.250
106 317 317.950 0.250
106 318 322.860 0.250
106 319 329.710 0.250
106 320 334.900 0.250
106 321 341.990 0.250
106 322 347.360 0.250
106 323 354.520 0.250
106 324 360.230 0.250
106 325 367.600 0.250
106 326 373.290 0.250
106 327 380.870 0.240
106 328 386.880 0.240
106 329 394.650 0.240
106 330 400.760 0.230
106 331 408.590 0.230
106 332 414.850 0.230
106 333 422.970 0.230
106 334 429.330 0.220
106 335 437.310 0.220
106 336 443.860 0.210
106 337 451.810 0.210
106 338 458.550 0.210
106 339 471.620 0.200
106 340 478.830 0.200
106 341 487.390 0.190
106 342 494.660 0.180
106 343 503.350 0.170
106 344 510.590 0.160
106 345 519.250 0.140
106 346 526.350 0.130
106 347 535.000 0.120
106 348 542.050 0.110
106 349 550.110 -0.120
106 350 557.250 -0.120
106 351 565.850 -0.120
106 352 573.110 -0.110
106 353 581.830 -0.100
106 354 589.310 -0.090
106 355 598.050 -0.090
106 356 605.620 -0.080
106 357 614.440 -0.070
106 358 622.120 -0.060
106 359 630.950 -0.050
106 360 638.600 0.000
106 361 647.400 0.000
106 362 655.160 0.000
106 363 664.030 -0.010
106 364 672.000 0.000
106 365 682.420 -0.010
106 366 691.280 0.000
107 247 132.440 0.340
107 248 131.950 0.310
107 249 129.410 0.300
107 250 128.680 0.310
107 251 126.430 0.300
107 252 126.280 0.300
107 253 117.970 0.280
107 254 117.770 0.280
107 255 115.750 0.280
107 256 116.350 0.290
107 257 114.590 0.280
107 258 114.950 0.280
107 259 114.280 0.280
107 260 115.190 0.280
107 261 114.460 0.280
107 262 115.600 0.280
107 263 115.060 0.280
107 264 116.390 0.270
107 265 116.290 0.270
107 266 117.970 0.270
107 267 118.170 0.260
107 268 120.590 0.260
107 269 121.180 0.250
107 270 123.960 0.240
107 271 125.470 0.240
107 272 128.650 0.240
107 273 130.030 0.240
107 274 133.320 0.230
107 275 134.920 0.220
107 276 138.320 0.200
107 277 139.630 0.190
107 278 143.590 -0.160
107 279 144.780 0.140
107 280 148.760 -0.140
107 281 150.930 0.120
107 282 154.340 -0.120
107 283 156.530 -0.110
107 284 160.080 -0.110
107 285 162.730 -0.100
107 286 166.880 -0.080
107 287 169.910 -0.060
107 288 174.510 0.010
107 289 177.690 0.000
107 290 182.050 0.010
107 291 185.460 0.000
107 292 191.110 0.010
107 293 194.250 0.000
107 294 199.690 0.010
107 295 202.690 0.000
107 296 206.200 0.420
107 297 209.280 0.410
107 298 214.830 0.410
107 299 218.010 0.390
107 300 223.410 0.390
107 301 226.860 0.380
107 302 232.670 0.360
107 303 236.260 0.360
107 304 242.000 0.360
107 305 245.920 0.350
107 306 251.700 0.350
107 307 255.610 0.340
107 308 261.310 0.340
107 309 265.340 0.330
107 310 271.510 0.320
107 311 275.830 0.300
107 312 282.140 0.280
107 313 286.370 0.270
107 314 292.690 0.260
107 315 297.380 0.260
107 316 303.830 0.260
107 317 308.540 0.250
107 318 315.370 0.250
107 319 320.130 0.250
107 320 326.830 0.250
107 321 331.820 0.250
107 322 338.770 0.250
107 323 343.980 0.250
107 324 351.000 0.250
107 325 356.540 0.250
107 326 363.790 0.250
107 327 369.290 0.250
107 328 376.700 0.240
107 329 382.520 0.240
107 330 390.100 0.240
107 331 396.080 0.230
107 332 403.780 0.230
107 333 409.930 0.230
107 334 417.810 0.220
107 335 424.070 0.220
107 336 431.970 0.220
107 337 438.410 0.220
107 338 446.290 0.210
107 339 452.930 0.210
107 340 465.790 0.200
107 341 472.890 0.200
107 342 481.330 0.190
107 343 488.500 0.180
107 344 497.120 0.180
107 345 504.280 0.160
107 346 512.830 0.150
107 347 519.850 0.140
107 348 528.410 0.120
107 349 535.380 0.120
107 350 543.410 -0.120
107 351 550.430 -0.120
107 352 558.950 -0.120
107 353 566.110 -0.110
107 354 574.740 -0.100
107 355 582.140 -0.100
107 356 590.790 -0.090
107 357 598.280 -0.080
107 358 607.000 -0.080
107 359 614.620 -0.060
107 360 623.390 -0.050
107 361 630.950 0.000
107 362 639.670 0.000
107 363 647.370 0.000
107 364 656.160 -0.010
107 365 664.050 0.000
107 366 674.360 -0.010
107 367 683.090 0.000
107 368 693.530 -0.010
107 369 702.310 0.000
108 248 140.710 0.360
108 249 140.180 0.340
108 250 137.560 0.320
108 251 136.960 0.290
108 252 134.460 0.280
108 253 134.230 0.280
108 254 125.870 0.280
108 255 125.500 0.280
108 256 123.360 0.280
108 257 123.370 0.280
108 258 121.030 0.280
108 259 121.220 0.280
108 260 120.370 0.280
108 261 121.090 0.280
108 262 120.090 0.280
108 263 121.050 0.270
108 264 120.240 0.270
108 265 121.350 0.270
108 266 121.030 0.260
108 267 122.560 0.260
108 268 122.440 0.260
108 269 124.590 0.250
108 270 124.980 0.250
108 271 127.390 0.240
108 272 128.750 0.240
108 273 131.660 0.230
108 274 132.820 0.230
108 275 135.800 0.220
108 276 137.190 0.210
108 277 140.310 0.200
108 278 141.570 0.180
108 279 144.770 0.160
108 280 146.210 0.140
108 281 149.900 0.140
108 282 151.940 0.120
108 283 155.400 0.100
108 284 157.260 -0.110
108 285 160.650 -0.110
108 286 163.130 -0.100
108 287 167.120 -0.080
108 288 169.930 -0.060
108 289 174.390 0.020
108 290 177.420 0.000
108 291 181.630 0.010
108 292 184.880 0.000
108 293 190.340 -0.010
108 294 193.350 0.000
108 295 198.520 -0.020
108 296 201.320 0.000
108 297 205.000 0.430
108 298 208.080 0.420
108 299 213.500 0.420
108 300 216.590 0.410
108 301 221.730 0.400
108 302 225.330 0.390
108 303 230.910 0.390
108 304 234.250 0.370
108 305 240.150 0.370
108 306 243.650 0.360
108 307 249.270 0.360
108 308 253.060 0.350
108 309 258.620 0.340
108 310 262.510 0.330
108 311 268.560 0.320
108 312 272.680 0.300
108 313 278.820 0.280
108 314 282.920 0.270
108 315 289.110 0.260
108 316 293.650 0.260
108 317 299.970 0.260
108 318 304.540 0.250
108 319 311.250 0.240
108 320 315.860 0.250
108 321 322.440 0.250
108 322 327.290 0.250
108 323 334.100 0.240
108 324 339.180 0.240
108 325 346.100 0.240
108 326 351.520 0.240
108 327 358.650 0.240
108 328 363.980 0.240
108 329 371.200 0.240
108 330 376.960 0.240
108 331 384.270 0.230
108 332 390.020 0.230
108 333 397.560 0.230
108 334 403.520 0.220
108 335 411.110 0.220
108 336 417.200 0.220
108 337 424.950 0.210
108 338 431.240 0.210
108 339 438.950 0.210
108 340 445.500 0.210
108 341 453.400 0.200
108 342 460.190 0.200
108 343 473.470 0.190
108 344 480.550 0.180
108 345 488.880 0.170
108 346 495.890 0.160
108 347 504.320 0.140
108 348 511.220 0.140
108 349 519.650 0.120
108 350 526.500 0.120
108 351 534.510 -0.120
108 352 541.410 -0.120
108 353 549.820 -0.120
108 354 556.870 -0.110
108 355 565.380 -0.100
108 356 572.660 -0.090
108 357 581.210 -0.090
108 358 588.590 -0.080
108 359 597.210 -0.080
108 360 604.730 -0.060
108 361 613.420 -0.050
108 362 620.910 0.000
108 363 629.540 0.000
108 364 637.150 0.000
108 365 645.870 0.000
108 366 653.700 0.000
108 367 663.880 -0.010
108 368 672.470 0.000
108 369 682.800 -0.010
108 370 691.450 0.000
108 371 701.890 -0.010
108 372 710.570 0.000
108 373 721.120 -0.010
108 374 729.800 0.000
109 249 151.190 0.380
109 250 150.600 0.360
109 251 147.760 0.350
109 252 169.060 0.230
109 253 144.520 0.280
109 254 144.070 0.280
109 255 135.780 0.280
109 256 135.180 0.280
109 257 132.870 0.280
109 258 132.750 0.280
109 259 130.340 0.280
109 260 130.160 0.280
109 261 128.580 0.270
109 262 129.170 0.270
109 263 127.930 0.260
109 264 128.730 0.260
109 265 127.660 0.270
109 266 128.750 0.270
109 267 128.140 0.260
109 268 129.430 0.260
109 269 129.100 0.260
109 270 131.040 0.250
109 271 131.270 0.250
109 272 133.380 0.240
109 273 134.450 0.240
109 274 137.150 0.230
109 275 138.130 0.230
109 276 140.960 0.220
109 277 142.210 0.220
109 278 145.030 0.200
109 279 146.440 0.180
109 280 149.310 0.160
109 281 150.590 0.140
109 282 154.090 0.140
109 283 155.990 0.120
109 284 159.320 0.100
109 285 161.140 -0.110
109 286 164.350 -0.110
109 287 166.690 -0.100
109 288 170.540 -0.080
109 289 173.260 -0.060
109 290 177.320 -0.050
109 291 180.490 -0.040
109 292 184.520 0.010
109 293 187.660 0.000
109 294 193.030 0.010
109 295 195.830 0.000
109 296 200.830 0.020
109 297 201.670 0.430
109 298 206.360 0.430
109 299 209.350 0.420
109 300 214.610 0.420
109 301 217.560 0.410
109 302 222.510 0.400
109 303 225.940 0.400
109 304 231.260 0.390
109 305 234.560 0.370
109 306 240.320 0.370
109 307 243.690 0.360
109 308 249.160 0.360
109 309 252.850 0.350
109 310 258.520 0.340
109 311 262.050 0.340
109 312 267.950 0.320
109 313 271.980 0.310
109 314 278.010 0.280
109 315 282.040 0.270
109 316 288.070 0.260
109 317 292.420 0.260
109 318 298.570 0.260
109 319 303.010 0.250
109 320 309.570 0.250
109 321 314.090 0.250
109 322 320.590 0.240
109 323 325.250 0.240
109 324 331.790 0.240
109 325 336.740 0.240
109 326 343.440 0.240
109 327 348.780 0.240
109 328 355.810 0.240
109 329 360.960 0.240
109 330 368.180 0.240
109 331 373.550 0.230
109 332 380.650 0.230
109 333 386.210 0.230
109 334 393.570 0.230
109 335 399.360 0.220
109 336 406.780 0.220
109 337 412.700 0.220
109 338 420.340 0.210
109 339 426.520 0.210
109 340 434.100 0.210
109 341 440.560 0.210
109 342 448.310 0.200
109 343 455.000 0.200
109 344 468.120 0.190
109 345 475.180 0.180
109 346 483.390 0.170
109 347 490.300 0.160
109 348 498.590 0.140
109 349 505.390 0.140
109 350 513.700 0.120
109 351 520.450 0.120
109 352 528.810 0.110
109 353 535.310 -0.120
109 354 543.600 -0.120
109 355 550.560 -0.110
109 356 558.980 -0.100
109 357 566.160 -0.090
109 358 574.620 -0.090
109 359 581.920 -0.080
109 360 590.440 -0.070
109 361 597.890 -0.060
109 362 606.480 -0.050
109 363 613.930 0.010
109 364 622.480 0.010
109 365 630.020 0.000
109 366 638.650 -0.010
109 367 646.450 0.000
109 368 656.520 0.010
109 369 664.930 0.000
109 370 675.150 -0.010
109 371 683.650 0.000
109 372 693.990 -0.010
109 373 702.520 0.010
109 374 712.960 0.010
109 375 721.490 0.010
109 376 729.120 0.400
109 377 737.150 0.390
110 250 160.140 0.400
110 251 159.400 0.390
110 252 156.500 0.360
110 253 155.850 0.350
110 254 152.830 0.280
110 255 152.190 0.280
110 256 143.840 0.280
110 257 143.050 0.280
110 258 140.520 0.280
110 259 140.350 0.280
110 260 137.740 0.280
110 261 137.130 0.280
110 262 135.450 0.280
110 263 135.760 0.280
110 264 134.230 0.270
110 265 134.900 0.270
110 266 133.680 0.260
110 267 134.330 0.260
110 268 133.510 0.250
110 269 134.710 0.250
110 270 134.240 0.250
110 271 136.090 0.250
110 272 136.180 0.240
110 273 137.880 0.230
110 274 138.660 0.230
110 275 141.110 0.230
110 276 141.830 0.220
110 277 144.370 0.210
110 278 145.340 0.210
110 279 147.970 0.190
110 280 148.920 0.160
110 281 151.750 0.160
110 282 152.840 0.140
110 283 156.160 0.140
110 284 157.880 0.120
110 285 161.000 0.100
110 286 162.610 -0.110
110 287 165.670 -0.110
110 288 167.870 -0.100
110 289 171.510 -0.080
110 290 174.040 -0.060
110 291 178.220 0.020
110 292 180.910 0.000
110 293 184.820 0.000
110 294 187.780 0.000
110 295 192.980 -0.010
110 296 195.650 0.000
110 297 200.420 -0.020
110 298 202.770 0.000
110 299 206.070 0.430
110 300 209.220 0.430
110 301 214.100 0.420
110 302 216.920 0.420
110 303 221.910 0.410
110 304 224.980 0.410
110 305 230.120 0.400
110 306 233.380 0.390
110 307 238.980 0.380
110 308 242.580 0.370
110 309 247.590 0.360
110 310 251.160 0.360
110 311 256.680 0.350
110 312 260.050 0.350
110 313 265.800 0.320
110 314 269.650 0.310
110 315 275.570 0.280
110 316 279.350 0.270
110 317 285.330 0.260
110 318 289.460 0.260
110 319 295.520 0.260
110 320 299.800 0.250
110 321 306.250 0.240
110 322 310.490 0.240
110 323 316.820 0.240
110 324 321.460 0.240
110 325 327.870 0.240
110 326 332.670 0.240
110 327 339.250 0.240
110 328 344.450 0.240
110 329 351.310 0.240
110 330 356.340 0.240
110 331 363.240 0.230
110 332 368.680 0.230
110 333 375.600 0.230
110 334 380.940 0.220
110 335 388.170 0.220
110 336 393.720 0.210
110 337 400.960 0.210
110 338 406.740 0.210
110 339 414.280 0.210
110 340 420.300 0.210
110 341 427.750 0.200
110 342 434.080 0.200
110 343 441.610 0.200
110 344 448.110 0.190
110 345 455.920 0.190
110 346 462.570 0.180
110 347 470.660 0.170
110 348 477.300 0.160
110 349 485.510 0.140
110 350 492.120 0.140
110 351 500.340 0.120
110 352 506.920 0.120
110 353 515.350 0.110
110 354 521.970 -0.120
110 355 530.310 -0.120
110 356 537.160 -0.110
110 357 545.530 -0.100
110 358 552.590 -0.090
110 359 561.120 -0.090
110 360 568.420 -0.080
110 361 576.990 -0.070
110 362 584.380 -0.060
110 363 597.220 -0.050
110 364 604.550 0.000
110 365 613.010 0.000
110 366 620.460 0.000
110 367 629.000 0.000
110 368 636.730 0.000
110 369 646.680 -0.010
110 370 654.970 0.000
110 371 665.070 -0.010
110 372 673.450 0.000
110 373 683.660 -0.010
110 374 692.070 0.000
110 375 702.400 -0.010
110 376 708.930 0.400
110 377 718.620 0.400
110 378 726.540 0.390
110 379 736.210 0.390
110 380 744.240 0.390
110 381 753.980 0.380
110 382 762.070 0.380
